date,btc_ret,btc_rv1,btc_rv5,btc_rv15,btc_rv30,btc_rv60,btc_rv5_ss,btc_bv5,btc_bv1,btc_rq5,btc_tq5,btc_medrv5,btc_rsn5,btc_rsp5,btc_rk1,btc_rk_H,btc_nmin,eth_ret,eth_rv1,eth_rv5,eth_rv15,eth_rv30,eth_rv60,eth_rv5_ss,eth_bv5,eth_bv1,eth_rq5,eth_tq5,eth_medrv5,eth_rsn5,eth_rsp5,eth_rk1,eth_rk_H,eth_nmin,rcov1,rcov5
2018-01-02,9.23918,69.7271,71.5322,74.7714,84.136,62.7849,72.8141,66.244,68.4152,12225.5,13476.5,67.0118,33.3567,38.1755,74.2705,12,1440,12.4724,84.0699,112.814,115.657,120.194,117.786,116.978,125.35,83.0261,30980.1,58586.4,141.208,52.98,59.8342,124.282,10,1440,18.9223,10.7877
2018-01-03,1.65169,37.7807,37.227,38.0006,41.4472,44.4792,37.3422,34.2862,36.2618,1795.43,1236.99,32.9618,17.9968,19.2302,37.7363,11,1440,8.80797,39.4502,47.6215,44.832,47.2098,80.8711,45.4847,48.3013,38.5024,5284.61,5739.27,49.5723,24.6582,22.9633,48.1365,11,1440,14.5257,21.0849
2018-01-04,0.934193,35.9476,36.8645,41.0842,42.8394,36.4442,35.122,34.3548,30.8836,2345.79,1795.58,33.1803,18.55,18.3145,37.7409,11,1315,0.637132,52.8319,52.6199,62.304,58.1374,52.7913,52.4223,53.1152,50.3744,5064.11,5695.85,52.4149,24.9159,27.7041,57.5035,11,1315,9.74987,14.6985
2018-01-05,11.8869,44.8185,50.5457,52.4362,45.6314,41.907,48.877,46.0712,43.8953,7467.5,2964.91,41.9149,19.3605,31.1851,51.4314,11,1440,2.0324,63.8512,47.0451,46.0581,51.5863,59.5351,52.7788,43.3022,61.262,3687.48,2245.63,42.4887,25.1924,21.8527,55.3921,12,1440,4.82743,-8.19085
2018-01-06,0.642961,37.3131,30.2668,27.0561,29.8016,26.5413,32.4524,27.4216,34.4552,1722.18,863.955,25.5217,17.066,13.2007,30.9898,13,1440,4.5653,35.289,26.3832,21.0266,24.807,23.0235,25.3724,26.8872,33.1989,1453.48,1375.83,25.9645,11.6971,14.6862,25.7368,12,1440,6.44441,10.0222
2018-01-07,-5.53883,34.0439,26.6417,32.7769,39.5432,27.3215,27.7652,24.6247,32.0693,1016.57,763.493,25.3331,14.6787,11.963,28.0996,12,1440,11.1982,32.9849,31.193,36.828,44.3616,49.3636,30.0102,29.4981,30.2049,1366.55,1588.76,29.3831,13.6871,17.5059,31.9257,12,1440,10.674,13.9903
2018-01-08,-8.03902,177.029,191.751,134.291,169.372,216.414,190.193,197.939,163.244,140073,167652,184.197,102.805,88.9467,177.17,13,1440,0.894402,260.92,302.132,280.872,324.563,442.321,295.59,325.826,237.498,292599,389451,318.801,153.64,148.493,301.837,12,1440,139.543,198.251
2018-01-09,-3.43035,65.8531,66.6266,60.9796,57.2931,76.7497,62.321,60.3542,63.5501,6938.65,5598.02,60.4298,36.081,30.5456,60.515,12,1440,13.0389,87.5171,130.612,134.154,102.293,138.462,112.347,127.618,79.6886,34973.4,47650.8,123.044,69.5356,61.0759,117.924,11,1440,38.844,66.7106
2018-01-10,3.46087,91.4594,87.3871,95.7193,89.302,95.6694,87.2206,87.1381,88.5501,13509.9,8703.25,84.16,43.0965,44.2906,86.451,11,1440,-3.46764,184.178,205.195,175.542,191.231,189.398,204.497,208.598,170.947,60366.2,69526.5,198.741,109.581,95.6144,194.694,12,1440,65.8963,83.7591
2018-01-11,-11.8687,317.527,271.546,264.011,263.664,153.741,275.946,260.309,323.551,272411,261098,251.699,135.02,136.526,286.635,13,1440,-9.06514,382.645,415.469,385.446,341.344,248.503,376.525,402.811,408.629,835022,545067,345.054,219.671,195.798,386.226,12,1440,271.48,291.838
2018-01-12,3.71616,83.8197,68.0332,64.5674,74.8478,72.4877,67.0247,64.7313,81.2683,5722.8,4563.72,62.6125,33.7518,34.2813,65.2722,13,1440,9.61455,85.7246,81.0582,91.2946,104.463,102.288,79.0663,76.1697,79.0729,9926.85,8064.86,73.9955,38.4873,42.571,85.8683,12,1440,47.4782,60.739
2018-01-13,3.36339,34.6801,29.2574,24.5484,25.0117,19.2031,26.4599,29.5626,32.8712,1331.24,1144.93,26.165,13.7985,15.459,26.1104,13,1440,10.1644,38.714,40.0307,37.3524,43.5297,35.6397,36.8211,40.4813,38.2022,2546.74,3386.5,39.5221,18.5063,21.5244,39.0298,12,1440,16.4041,23.2367
2018-01-14,-5.31106,72.3236,72.3264,89.2703,70.85,69.2786,66.7014,71.19,70.8042,12658.5,13432.3,72.4729,45.4353,26.8911,70.5145,13,1440,-2.99984,86.2712,81.8098,103.443,89.8709,95.2176,79.48,83.4805,81.6358,12664.8,15207.2,79.3046,46.6767,35.1331,85.5018,12,1440,47.9101,64.7449
2018-01-15,0.480772,48.416,38.8222,42.2536,58.5285,45.5218,38.5914,38.1678,45.2993,1683.68,2094.03,36.4571,19.2158,19.6064,38.3216,12,1440,-5.80759,57.2693,42.9918,54.1778,66.9516,55.9449,47.6149,45.2753,54.5066,2815.93,3999.67,44.0281,25.3827,17.6091,49.4879,12,1440,23.4165,28.8252
2018-01-16,-21.688,659.84,520.866,554.943,745.489,379.229,597.002,525.513,689.432,666031,577164,498.646,255.565,265.301,554.487,13,1440,-23.9804,827.847,760.278,887.487,1225.02,653.48,879.032,769.003,853.081,1.47145e+06,1.81351e+06,853.776,351.92,408.358,923.643,13,1440,632.398,587.567
2018-01-17,0.811287,608.489,452.088,424.252,386.602,405.932,472.096,428.188,661.126,249619,202470,423.563,221.805,230.283,458.635,13,1440,0,716.642,584.919,647.207,598.132,673.12,639.756,563.558,772.379,404539,393816,565.342,284.287,300.633,639.817,12,1440,561.418,477.492
2018-01-18,-0.244365,238.126,199.337,198.089,222.367,158.638,187.603,195.062,239.18,39759.4,39424.1,187.566,100.146,99.191,181.262,13,1440,-0.601807,281.681,243.424,254.265,286.775,209.799,231.021,251.647,278.623,58619.8,76431.2,246.351,123.842,119.582,235.971,12,1440,209.818,205.337
2018-01-19,4.5737,111.959,104.85,101.066,78.8354,87.8604,97.1059,90.1629,112.888,19980.6,10748,83.6277,42.9284,61.9211,92.917,12,1440,3.80011,111.136,108.284,100.27,92.3745,99.9428,97.7842,104.421,113.693,18134.6,16358.6,97.7789,45.2125,63.072,95.575,12,1440,82.4051,98.4574
2018-01-20,10.9271,65.6881,55.3542,75.6849,66.9263,71.2313,55.3117,53.0713,66.2661,6527.87,7224.97,52.019,22.4005,32.9537,54.432,12,1440,11.0167,51.2938,46.139,46.6352,42.1562,46.575,43.5352,41.9158,47.794,4779.15,2331.85,41.9568,19.3302,26.8088,38.1177,13,1440,37.5995,42.9027
2018-01-21,-10.4488,114.466,101.879,91.2389,88.0219,107.12,96.7759,102.835,114.011,9354.34,11124.9,106.019,57.1342,44.7446,91.6239,13,1440,-9.43131,119.537,111.53,113.39,114.174,127.478,107.86,118.394,115.838,11557.9,17011.2,119.038,62.4638,49.066,103.922,12,1440,86.911,98.3671
2018-01-22,-6.91121,147.256,115.425,134.722,130.615,118.988,114.47,108.717,151.622,18620.4,17894.9,107.562,58.3959,57.0287,108.272,14,1440,-5.48619,157.441,121.62,138.937,131.886,112.544,114.852,116.119,164.882,24002,17823.6,114.761,62.2682,59.3513,109.6,14,1440,118.891,109.257
2018-01-23,0.363,124.684,99.4422,86.7082,77.577,85.2564,99.3543,97.0644,125.629,11941.9,10356.4,95.0947,45.9345,53.5076,95.7661,14,1440,-1.31781,116.473,94.062,76.3611,62.4122,61.3486,90.0529,88.2269,115.525,12349.4,9137.63,87.1603,45.3305,48.7315,84.8994,15,1440,87.5752,87.0939
2018-01-24,4.97467,64.7048,59.2611,60.7494,44.796,38.0891,54.4173,60.134,64.3315,3922.66,3428.94,60.8335,29.2801,29.981,52.3153,14,1440,7.94146,54.4653,51.4374,50.6209,56.2595,40.074,48.0123,50.755,50.793,3908.46,2504.56,46.7086,25.6826,25.7548,45.7407,13,1440,36.4993,47.381
2018-01-25,-1.55136,39.9446,33.3212,32.4635,33.7198,25.8818,33.4782,30.0392,36.93,1332.34,905.401,30.6891,18.3431,14.9782,32.3387,13,1440,-0.423137,38.0268,35.4968,39.6263,40.2149,32.8205,36.4828,32.7178,35.7994,1447.46,1034.65,34.6324,19.0609,16.4358,38.4607,12,1440,21.2726,28.8422
2018-01-26,-0.774968,66.4691,63.2704,54.0137,63.7907,62.8391,62.7474,60.6645,62.8476,6266.4,6943.33,54.7531,31.0162,32.2543,61.2727,14,1440,-0.520985,58.879,53.7042,40.8665,49.2353,46.3208,52.8924,51.3751,57.1796,5597.54,6511.21,49.1309,26.6791,27.0251,48.9301,14,1440,44.8468,52.0842
2018-01-27,3.56105,34.7765,32.4854,30.7071,29.9371,29.9528,32.0221,30.4001,32.9775,1953.95,1029.86,27.8805,14.5595,17.9259,31.6495,12,1440,6.26559,31.2643,25.0789,22.901,25.2538,25.7049,26.2292,25.3139,30.2531,702.233,635.355,24.9445,10.7942,14.2847,23.9947,14,1440,18.8494,24.0815
2018-01-28,3.3288,19.9888,21.8636,18.9808,22.7217,24.0389,22.7904,22.3773,19.8006,789.515,764.92,21.4935,10.3685,11.4951,22.4228,11,1440,11.2284,40.7054,44.2377,33.6424,43.5819,47.4686,45.7383,43.8395,37.8144,3430.39,3579.95,42.4961,19.5374,24.7003,45.717,11,1440,16.4857,24.2076
2018-01-29,-5.43951,25.9504,20.9578,22.125,19.0316,24.7835,23.1117,20.4258,23.4111,688.702,643.505,18.6869,12.0937,8.86418,23.4709,13,1440,-6.1733,32.9203,30.0457,34.1074,30.632,38.8836,34.0604,30.4548,32.4544,1859.56,1400.84,29.4533,17.7234,12.3223,35.603,13,1440,17.8422,20.5135
2018-01-30,-9.43986,67.2571,60.4391,58.7985,60.3612,55.7708,58.535,58.5673,67.0085,6783.62,6597.32,56.2059,34.7289,25.7103,56.0231,12,1440,-8.09366,85.521,71.9436,75.0221,76.6855,61.7007,71.6763,67.3205,82.6827,8376.62,7635.93,69.4139,40.2442,31.6994,70.2801,12,1440,56.987,57.7127
2018-01-31,0.463782,69.6595,49.0342,40.5524,45.877,44.1655,51.7442,52.1742,69.509,3585.7,3906,49.4197,24.7971,24.2371,49.1384,14,1440,3.55734,70.1796,52.7526,44.4854,50.3038,40.8042,54.89,55.2634,70.4643,3806.02,4407.67,53.6971,25.9619,26.7907,51.9304,15,1440,50.413,45.5785
2018-02-01,-10.8831,93.6239,79.4642,83.5669,65.4774,78.6662,76.3737,81.4841,94.004,19965.8,12356.8,79.0409,36.3481,43.1162,78.3688,12,1440,-7.65298,131.332,112.097,111.762,85.188,93.8244,116.601,110.649,129.052,35467.6,33671.3,104.323,50.6775,61.4198,118.441,12,1440,85.6687,76.9859
2018-02-02,-3.88488,189.919,166.791,148.377,131.874,127.288,171.426,147.734,192.262,111574,29234.5,138.375,62.7209,104.07,145.656,14,1440,-12.1969,342.686,361.884,378.058,358.158,325.62,369.899,302.846,353.97,900167,206604,306.451,127.197,234.687,366.026,12,1440,213.864,224.151
2018-02-03,3.61828,90.1842,73.7569,78.0259,52.4861,59.5935,76.2258,65.8592,91.9042,5811.27,4547.98,61.045,35.8764,37.8805,74.4692,13,1440,5.14559,112.999,85.7714,93.791,65.4508,84.312,91.5491,76.2543,110.747,8878.11,7980.24,70.3481,40.5792,45.1922,89.7751,13,1440,79.6029,71.6499
2018-02-04,-11.6919,111.845,91.8494,83.9185,96.7507,72.8615,91.0559,91.9194,113.561,10686.5,9540.67,86.6645,50.1618,41.6876,83.6073,13,1440,-16.469,139.045,112.56,116.72,134.263,108.897,115.646,118.253,139.318,19013.8,23854.8,111.159,60.2338,52.3262,107.177,12,1440,100.603,91.7885
2018-02-05,-16.498,271.833,201.958,170.229,192.765,144.72,218.704,188.627,282.612,71707.5,64476.5,188.091,94.7595,107.199,196.659,14,1440,-16.5532,375.144,275.699,293.329,311.46,264.79,305.718,275.472,402.389,160902,207279,261.221,119.547,156.153,302.303,13,1440,282.534,219.606
2018-02-06,9.7685,396.536,372.371,350.535,311.465,326.775,377.865,358.799,441.768,221737,126748,334.493,146.833,225.538,349.764,13,1440,11.0227,524.328,476.653,469.057,417.925,456.939,492.151,446.542,583.109,445683,222189,438.377,185.629,291.024,459.43,13,1440,405.132,400.795
2018-02-07,-0.696869,163.595,146.822,137.115,146.666,117.274,135.32,142.434,168.488,21571.9,19627.3,141.759,75.408,71.4145,134.927,14,1440,-3.29396,186.425,161.988,158.722,176.214,139.815,151.626,161.508,190.325,29384.9,29653.2,160.012,88.9691,73.019,151.124,14,1440,146.444,142.757
2018-02-10,-1.86923,69.4727,62.5498,63.3516,64.7947,88.9262,63.6846,59.3216,67.2092,4449.85,3348.64,59.1237,35.0909,27.4589,64.3782,12,1425,-3.10924,74.8222,65.8786,62.7864,67.8545,93.67,64.7871,65.6613,75.4218,4963.36,4920.74,64.6879,36.8195,29.0591,65.3712,12,1425,59.3526,60.4284
2018-02-11,-5.6661,65.4877,55.9483,60.6078,61.8699,66.4819,57.2986,54.9365,61.8243,3191.96,2975.72,54.2328,29.9984,25.9498,56.6587,12,1406,-5.08018,67.7356,59.3613,66.0291,64.8874,68.3056,59.4068,56.9524,64.4249,3644.77,3223.75,56.6937,32.04,27.3213,59.9854,12,1406,56.2499,55.4499
2018-02-12,9.89935,42.1464,37.4742,35.5175,37.3074,41.7475,36.6602,34.6668,42.151,2081.79,1343.38,31.3056,14.5567,22.9175,35.5233,13,1440,6.88602,38.5937,31.8572,28.4299,30.0478,32.8045,29.7869,31.3428,36.5032,1154.32,1309.16,31.3754,13.6615,18.1958,28.293,13,1440,32.3769,32.4941
2018-02-13,-4.1639,26.7167,24.3495,24.013,22.5456,22.3522,25.0624,22.1721,26.5812,673.439,516.055,23.0226,14.4175,9.93194,25.3801,13,1440,-2.93775,22.1782,17.7984,18.166,15.0351,15.9402,18.8531,17.4901,21.4781,346.972,323.349,17.8724,9.95178,7.8466,18.3111,15,1440,19.1657,19.0642
2018-02-14,10.1264,21.4448,23.1821,24.0931,19.6098,21.7619,21.2372,23.4924,21.3133,1631.02,2130.66,24.184,7.80872,15.3734,21.2648,11,1440,8.81149,17.5175,16.2391,16.8384,16.0104,18.1938,15.6142,15.2026,16.9422,466.31,648.372,14.6019,6.23397,10.0052,15.9585,11,1440,14.1767,16.7688
2018-02-15,5.65804,39.6905,34.8936,37.6947,34.2533,38.233,34.5425,32.2561,42.1857,3507.44,1436.98,29.8795,19.5613,15.3323,35.0968,12,1440,0.592308,30.599,23.0072,25.7898,23.3794,25.6945,22.7801,21.3738,32.9078,1749.75,785.658,18.1363,13.5286,9.47858,22.4928,12,1440,29.6388,25.2461
2018-02-16,1.58624,23.684,24.3582,26.772,32.4899,31.9826,24.4077,24.2003,23.3886,687.443,547.413,22.6116,11.5183,12.8399,25.4468,11,1440,1.51568,17.2129,14.7127,15.9765,19.1774,17.1568,15.6014,14.9765,16.233,245.513,259.286,15.3479,7.29014,7.42255,15.3458,12,1440,15.5201,16.8729
2018-02-17,8.30278,22.9094,20.6375,23.7979,26.7493,19.2596,21.1234,21.5204,21.8786,388.266,493.556,22.2449,8.65503,11.9824,20.6514,12,1440,3.28218,15.4362,11.0435,10.7405,10.8518,7.97155,11.5848,11.9189,14.7318,118.384,163.013,12.5271,5.31262,5.73093,10.1472,15,1440,14.8291,13.3801
2018-02-18,-6.1273,51.6088,57.2066,58.2314,70.6231,79.7883,51.5529,52.6895,52,6040,3771.66,51.6263,32.795,24.4115,52.4336,11,1440,-6.27429,31.8902,27.4988,27.9231,38.5218,44.5685,25.9255,24.2766,32.3417,1089.05,830.263,25.0507,16.4906,11.0082,25.6207,12,1440,34.0516,37.0713
2018-02-19,7.14973,29.8304,28.2554,25.5318,27.1084,28.4829,27.5925,28.0922,29.2226,1004.63,896.783,29.0017,11.6022,16.6532,26.7102,13,1440,2.93243,19.8439,15.2747,12.8587,14.1814,11.6293,14.2968,14.8876,19.8831,361.303,279.937,14.6769,6.31598,8.9587,12.2549,14,1440,18.9476,18.4659
2018-02-20,0.429365,28.9541,31.9622,25.6308,29.7778,24.1895,27.4899,31.0425,30.6451,3459.69,4758.72,32.0833,18.9489,13.0133,26.3053,13,1440,-6.05533,17.9562,16.7237,14.107,14.1729,14.5821,14.2843,14.7083,18.4947,1151.39,689.237,15.718,11.4452,5.2786,14.5285,14,1440,17.6058,20.044
2018-02-21,-7.05875,62.1954,58.5632,59.4303,49.9986,35.4047,54.9103,55.5452,62.1534,4130.54,3854.12,55.4055,33.8695,24.6937,54.5375,12,1440,-5.48169,44.1994,43.5262,52.3055,48.5485,32.7382,40.0917,39.1829,42.0665,3187.7,1939.5,38.3551,24.6507,18.8755,43.8629,11,1440,43.488,45.0389
2018-02-22,-6.19064,58.0878,48.5222,46.5485,47.8823,45.8522,50.296,47.5885,59.5445,2313.68,2143.35,51.8277,28.1746,20.3476,49.1615,12,1440,-4.20245,37.2614,36.6597,36.2593,37.9007,38.4556,36.1091,35.9608,37.4272,1457.87,1375.33,36.0489,20.7521,15.9076,37.9571,11,1440,39.1043,39.5055
2018-02-23,3.20957,41.9488,32.1112,28.709,31.4806,29.965,35.3044,29.4627,42.0287,1216.04,967.934,29.9831,16.9716,15.1396,36.2469,13,1440,6.06444,34.627,34.6793,36.2174,41.9617,41.5604,35.3243,33.6078,33.723,1565.36,1593.02,33.802,16.7075,17.9718,38.9619,11,1440,30.8774,28.9352
2018-02-24,-4.40442,44.6213,42.7944,44.1276,45.1033,35.4815,41.978,39.0165,43.3442,3147.51,1527.09,39.5085,25.3818,17.4126,42.1054,12,1440,-2.09555,33.3438,34.0836,33.6029,32.5737,26.9478,32.1451,32.2292,30.8484,1984.87,1287.02,32.2762,20.3162,13.7674,32.3899,12,1440,30.3234,34.9686
2018-02-25,-1.08389,28.946,28.7729,24.2993,19.8785,17.1998,25.3709,26.1879,27.3056,1042.69,631.359,26.6156,15.5669,13.206,24.7264,14,1440,0.86561,19.5136,18.0268,16.3828,14.0938,10.9014,17.0161,17.2854,18.0195,431.114,281.76,15.9723,9.3833,8.64347,16.824,14,1440,16.1746,20.4402
2018-02-26,7.37504,29.9322,31.1596,30.3279,27.7722,25.9386,30.3921,29.169,28.263,1820.35,1587.21,28.0966,11.6163,19.5433,29.9972,11,1440,3.13511,20.6868,17.1162,14.0557,13.2766,14.7736,16.9568,16.9903,19.153,489.639,597.98,15.6614,8.10573,9.01044,14.5143,13,1440,17.135,19.2497
2018-02-27,2.34577,20.3467,21.6092,23.0157,22.3521,25.2199,20.514,21.9661,20.1822,789.055,760.319,23.0663,9.87919,11.73,20.9376,12,1440,0.245097,13.6052,12.2945,12.8542,14.0663,12.0577,11.1793,12.269,12.5965,226.62,280.13,11.6845,6.78032,5.51422,10.6313,13,1440,9.66773,13.831
2018-02-28,-2.31904,24.1239,23.1434,27.486,28.1094,22.3198,22.6521,21.3222,22.6739,1094.98,592.979,19.929,13.4505,9.6929,23.6067,11,1440,-1.92741,14.8599,11.6498,12.2494,11.5027,9.41709,11.5898,11.4836,13.6975,196.517,177.944,11.2965,6.74486,4.90498,11.06,13,1440,11.6548,13.4537
2018-03-01,5.58574,18.4002,17.1985,14.915,12.7367,13.2079,16.6933,16.9501,17.6945,317.851,313.937,16.0566,7.69645,9.50205,14.952,13,1440,1.98715,12.2205,8.72284,7.19815,6.01365,6.22172,8.13814,8.76568,10.9451,71.5021,81.3092,9.66412,4.11109,4.61175,6.32868,15,1440,8.40877,9.68329
2018-03-02,1.08385,15.7659,16.2459,15.8778,15.4891,19.0946,15.0109,14.8863,14.9019,330.888,223.042,14.7759,8.98577,7.26013,14.8544,13,1440,-1.66197,9.53684,5.42369,4.51934,4.26116,4.85943,5.53605,4.79176,8.96521,50.5511,26.236,4.99862,3.3702,2.05349,4.47329,16,1440,5.722,6.65886
2018-03-03,3.78191,11.0812,11.7471,8.08885,8.53742,8.76194,11.2396,10.0665,10.1738,230.293,126.128,9.91153,5.68689,6.06022,9.73452,13,1440,-0.0303685,7.02837,4.76829,2.86243,2.9423,2.84421,4.63448,4.36498,6.35378,31.7168,26.9719,4.5026,2.47633,2.29196,3.4958,16,1440,3.58809,5.54996
2018-03-04,0.439697,10.1151,9.92539,10.183,8.49878,12.9124,9.98543,9.39209,9.00774,123.972,93.0554,9.94668,4.81944,5.10595,9.71465,12,1440,1.2353,7.13942,4.01979,3.18384,3.49243,4.75755,4.30208,3.7093,6.29991,20.2404,14.4116,3.77024,1.85725,2.16254,3.36273,16,1440,3.0629,3.99634
2018-03-05,-0.531152,7.17748,6.83343,6.80328,7.39276,5.39316,6.23973,5.2796,7.09395,136.945,38.8327,5.1059,3.99086,2.84256,6.41439,13,1440,-1.95986,7.06193,3.29702,3.06925,2.91481,1.97223,3.35598,2.91594,6.70721,15.6921,9.91629,2.96208,1.90267,1.39435,2.61438,17,1440,2.31691,2.91788
2018-03-06,-6.65563,19.1215,18.6236,19.8931,23.8617,21.1961,18.5632,17.0323,18.3736,504.736,354.349,15.745,12.1485,6.4751,19.0567,11,1440,-4.41817,11.328,9.14213,10.3772,11.5612,10.0322,9.61504,8.79206,10.3932,116.921,114.404,8.82569,5.58202,3.56011,9.62782,12,1440,7.907,10.3692
2018-03-07,-7.82384,69.6975,65.3223,65.9429,66.4618,79.4659,62.9399,71.2193,65.8254,11813.3,26392.3,68.0939,37.8141,27.5082,62.8427,12,1440,-8.09265,38.0149,43.6867,47.3176,48.7428,59.5291,39.2308,49.5323,37.2763,5618.51,13423.8,51.625,25.8844,17.8023,41.9099,11,1440,38.5632,46.3744
2018-03-08,-6.65841,57.3631,50.8155,58.1048,61.4087,59.1794,49.7908,48.0161,56.4697,3925.61,2561.62,51.7893,30.5346,20.2809,51.4235,12,1440,-7.53664,29.9394,28.6322,37.0431,43.8585,51.8663,27.6364,29.7186,30.0494,1350.54,1292.53,27.0634,18.3176,10.3147,30.2021,10,1440,28.4865,33.1211
2018-03-09,-0.482631,93.0035,86.402,106.858,92.8997,101.242,93.9638,87.4435,93.6798,8222.59,7724.36,85.7496,45.8741,40.5279,94.6551,12,1440,3.98173,56.4271,63.1936,83.2547,78.7346,86.3643,65.1396,63.5293,55.2015,4432.38,4231.03,59.3275,31.7999,31.3937,72.08,11,1440,56.3827,67.0257
2018-03-10,-5.07721,36.1894,36.5756,28.6327,32.104,29.7833,36.8774,33.3444,35.6821,1872.79,1057.66,35.1377,20.2255,16.3501,37.2505,12,1440,-6.14454,26.4654,29.2011,28.6908,33.1905,32.3524,27.9842,27.0846,24.8377,1045.18,664.818,24.4684,16.9948,12.2062,30.6327,11,1440,20.6223,28.731
2018-03-11,8.34574,54.9017,58.5576,63.8266,66.1347,70.3983,56.5757,55.5563,54.1613,6276.75,3751.1,50.8898,24.1333,34.4243,57.5973,12,1440,5.74857,34.6336,37.2232,41.9275,43.6989,40.5359,33.3534,36.4187,32.5062,1846.24,1575.91,35.1319,17.356,19.8672,35.1402,11,1440,31.0797,42.1047
2018-03-12,-4.31068,55.4668,57.1539,50.5792,48.6861,57.0692,50.0471,45.1043,55.5524,7815.22,2854.94,41.5048,34.442,22.712,47.9003,13,1440,-3.34879,34.235,34.0118,34.5195,31.8626,34.778,29.9737,31.2762,32.9168,2180.48,1727.6,28.6578,20.3447,13.6671,29.9213,13,1440,31.2699,39.6243
2018-03-13,0.204143,56.775,60.512,57.7648,56.3757,54.156,53.4778,48.8813,54.7259,9639.87,3192.7,40.0245,28.7264,31.7856,51.4719,12,1440,-1.03386,37.0574,31.2997,27.9328,28.446,25.0295,27.9898,27.8132,34.7623,1928.2,845.036,27.2132,16.2998,14.9999,24.9389,13,1440,32.2389,39.7679
2018-03-14,-11.3285,46.8976,47.3172,38.4618,43.9112,43.8034,46.4865,41.1567,44.659,5108.41,2106.13,38.6811,28.5869,18.7302,44.386,12,1440,-12.2982,34.9299,37.3781,33.525,43.4807,52.5096,37.5256,34.243,32.7775,3237.06,1738.67,32.3116,23.1229,14.2552,39.0238,11,1440,29.1522,36.7084
2018-03-15,0.865036,62.8484,69.7505,69.7807,77.9519,54.9264,65.097,56.0436,57.9978,12898,4008.96,51.9707,33.7921,35.9584,64.8415,12,1440,-0.20838,48.4503,58.232,67.0158,72.2904,66.5516,55.4351,48.3869,42.1502,7157.49,2342.1,49.0737,28.5321,29.6999,59.191,10,1440,40.1345,57.0589
2018-03-16,0.230532,38.5595,43.2967,45.4121,43.006,35.8011,37.4602,37.7556,36.978,8937.92,3706.82,32.9729,20.7234,22.5733,40.914,12,1440,-1.6194,31.3051,28.8292,29.4344,27.8056,24.7494,27.2667,26.8549,28.2956,1967.22,1638.57,25.4373,15.0174,13.8117,29.0503,13,1440,22.9475,31.5349
2018-03-17,-5.41264,31.448,28.4616,26.5117,25.5349,20.4148,28.6918,24.8436,29.3224,1619.99,909.48,23.0437,16.737,11.7246,29.624,13,1440,-9.09877,26.0528,25.6375,22.3588,26.3933,26.3015,24.5455,23.5561,22.5877,1142.33,917.448,22.8379,16.2366,9.40086,25.9985,12,1440,17.5089,22.7648
2018-03-18,4.56145,70.4089,74.6751,69.9824,71.2488,85.0907,73.1504,62.3586,68.0594,11342.4,7363.95,65.2171,33.8763,40.7988,68.0752,11,1440,-1.83593,117.517,177.853,149.489,171.842,209.191,169.62,154.025,114.076,51461.2,47303,153.109,89.3407,88.5126,177.005,10,1440,65.6797,96.9995
2018-03-19,4.88495,54.3475,50.5237,45.0435,41.9299,31.4525,47.2721,38.7441,52.34,6274.96,1627.59,37.1291,23.5313,26.9925,47.9463,13,1440,3.63517,66.2595,84.2088,93.4397,94.1062,71.4083,77.941,69.4823,61.5193,14602.4,5753.42,64.7287,44.6997,39.5091,87.4812,11,1440,43.3832,56.3682
2018-03-20,3.54098,30.6405,28.2954,26.4902,25.4323,27.5845,26.8805,29.0114,29.5345,1770.57,1420.07,30.0552,11.4562,16.8392,25.6854,14,1440,0.0215463,37.7472,40.3188,40.5975,39.8437,43.2434,38.8227,37.8364,33.517,2612.24,1707.55,37.3536,19.3265,20.9923,40.4911,12,1440,22.9332,29.1406
2018-03-21,-0.280754,23.4209,19.5641,16.7866,18.4558,12.6208,20.8474,17.5606,20.8875,598.428,384.077,17.8383,10.8655,8.69858,19.8095,14,1440,0.38883,30.4404,36.5919,41.7913,47.0021,29.3902,36.2119,34.3773,27.2512,3129.7,2104.53,32.3676,18.7503,17.8417,39.617,12,1440,16.8451,21.7753
2018-03-22,-1.84127,23.6915,19.5898,19.0575,18.3665,20.5811,21.7896,15.7305,21.8544,1212.14,244.489,15.0879,12.1407,7.44907,20.9794,12,1440,-3.50326,29.7945,37.407,33.5277,38.1832,42.0907,36.725,32.6101,29.3309,3832.72,1611.19,29.8194,21.7937,15.6133,39.052,11,1440,17.0255,23.465
2018-03-23,1.98782,24.7935,22.4461,23.454,25.1857,27.1763,23.4878,20.6504,23.5537,830.32,494.837,18.0223,10.2121,12.2341,23.4671,12,1440,0.574359,29.7961,30.3087,29.8778,31.6105,33.5486,31.0729,28.3203,26.6841,1160.1,861.451,26.1841,15.2683,15.0404,31.9817,12,1440,17.0594,22.1473
2018-03-24,-4.02659,23.4935,19.9533,19.8217,21.427,24.1426,20.1375,18.0172,20.4756,773.188,360.11,17.4706,12.0927,7.86057,18.7692,13,1440,-4.29128,23.5508,20.1941,19.7581,20.0559,18.7824,19.3789,18.9642,21.6905,667.628,352.623,17.3137,11.6807,8.51342,18.4207,13,1440,14.929,17.1486
2018-03-25,-0.901575,23.8,21.2547,16.2908,16.4762,12.3391,19.316,20.275,22.091,780.524,466.26,18.7087,11.0379,10.2168,17.5891,14,1440,0.674358,25.5786,21.1312,17.7137,17.0317,11.0549,20.1491,20.5611,22.1474,648.765,510.458,20.2505,11.0159,10.1154,17.7993,15,1440,16.2226,18.2642
2018-03-26,-4.04671,30.3021,28.4747,29.3162,27.2456,27.7375,26.6127,25.2432,30.9836,4570.12,1064.65,22.3427,12.3667,16.108,27.0728,13,1440,-7.68465,43.5091,52.994,54.5037,52.1358,48.8938,49.6517,52.9832,40.1419,6934.81,5703.29,52.0456,27.2131,25.7809,52.8911,11,1440,24.707,32.1613
2018-03-27,-4.25332,39.4173,34.9359,29.1927,27.1007,34.5988,35.849,29.8534,37.3855,3092.26,1170.06,27.8083,18.0423,16.8936,34.4231,14,1440,-7.82402,54.7631,54.2586,42.3605,42.0874,58.4059,51.4366,42.7291,49.6418,5836.66,1913.28,39.2394,30.9332,23.3254,47.6923,14,1440,33.2501,37.4339
2018-03-28,1.95359,18.6919,14.4659,11.3217,11.1023,11.4727,15.063,13.3591,17.2612,355.931,231.58,12.3228,7.12447,7.34142,13.4732,14,1440,-0.408861,24.6131,21.0879,20.4517,19.7066,24.0113,22.2205,20.2315,21.815,747.341,516.195,19.1374,11.1326,9.95535,21.4559,13,1440,12.1831,14.5851
2018-03-29,-11.4379,56.0529,45.8632,30.0679,35.2688,36.2022,45.3468,46.3889,57.1563,5727.55,5472.85,45.8799,22.2424,23.6208,38.0135,14,1440,-15.1178,74.9676,66.4024,44.2747,52.6539,54.9176,69.8861,70.9516,71.809,6959.38,7536.55,69.8036,33.8725,32.5299,61.0892,13,1440,51.6485,49.8154
2018-03-30,-3.58837,86.2944,74.1702,65.6223,78.9784,85.7566,84.9102,66.0959,82.9693,7980.26,4960.82,64.126,38.7085,35.4617,74.8692,12,1440,2.17156,114.637,101.831,86.945,96.3924,108.697,115.839,99.8371,112.873,13546.6,13972.7,101.572,45.1553,56.6757,101.658,12,1440,81.1726,78.2244
2018-03-31,1.21593,36.2429,33.4523,33.5696,29.4775,32.6238,32.7189,31.2775,35.1858,1347.16,1012.24,30.0169,15.9362,17.5161,31.7403,12,1440,0.378967,45.5294,48.6351,51.0608,39.4264,42.5089,47.5579,47.3574,42.6389,3049.31,3315.32,45.6271,24.5134,24.1217,48.2957,12,1440,28.8581,35.6339
2018-04-01,-1.61466,39.7922,41.3282,53.7386,50.294,42.8663,38.8393,43.3368,36.4327,6916.95,10024.7,41.6806,16.2265,25.1017,41.3597,12,1440,-3.97204,47.7147,50.0337,53.5026,50.5475,41.1997,45.6716,53.9378,43.8921,5485.43,7754.07,48.1785,23.9789,26.0548,45.3218,12,1440,32.3328,40.3955
2018-04-02,3.50443,24.6346,21.8178,21.0327,22.8639,23.5341,22.9047,19.7903,22.4986,1304.62,677.617,18.7971,8.14943,13.6684,23.14,13,1440,1.69458,27.473,23.5117,20.7185,22.7226,18.7681,23.5585,21.4668,25.5212,828.766,469.328,21.7762,10.7987,12.713,22.7431,13,1440,17.3718,19.5394
2018-04-03,4.83055,18.6996,17.9947,15.2532,14.2999,15.7509,16.3334,15.7413,16.6875,868.793,291.781,13.6837,8.46389,9.53086,15.2696,12,1440,7.49294,22.7914,21.0475,20.6869,19.9567,15.9007,20.5117,17.8601,20.8933,810.47,328.585,16.4671,10.0352,11.0123,20.2969,12,1440,13.8341,16.433
2018-04-04,-8.58349,27.004,26.4844,28.0833,28.1207,25.223,26.7775,23.7802,24.8553,1787.91,687.578,21.3703,17.6002,8.88421,25.5547,12,1440,-9.29852,36.5584,37.5213,37.0071,38.0215,41.0577,33.5486,36.634,34.4695,2531.96,1652.42,33.8782,23.2875,14.2338,30.5953,12,1440,21.3217,26.0239
2018-04-05,-0.373558,36.4817,32.3816,33.3999,35.1366,31.6336,33.8895,29.6184,34.1131,2662.97,762.285,27.8065,14.8005,17.5811,31.607,12,1440,0.805925,41.7992,32.8026,30.8003,31.2412,26.2977,34.3687,31.1263,38.4156,1780.2,893.133,30.4391,15.89,16.9126,28.1071,14,1440,28.641,28.9829
2018-04-06,-2.53331,20.5315,16.0578,18.524,24.5114,13.9076,15.9062,14.9634,18.8786,1013.23,522.841,13.7412,10.2935,5.7643,14.8672,13,1440,-3.28781,25.7018,15.0903,16.9261,21.4674,16.2359,15.959,14.7253,22.9816,517.98,463.894,15.1886,8.87345,6.21685,13.7193,15,1440,14.0699,12.2274
2018-04-07,4.36323,16.941,15.8866,14.2893,13.124,17.0879,15.6041,10.9708,16.118,2177.14,143.668,9.4793,4.55601,11.3306,15.0906,13,1440,4.14713,18.2998,13.7072,13.623,12.6245,14.4063,14.2629,11.7934,16.8741,910.977,268.529,10.752,4.567,9.14021,13.3943,14,1440,9.89905,12.1791
2018-04-08,1.75657,10.1286,7.10663,6.74126,6.13651,6.57462,7.95663,6.67592,9.35259,80.9843,61.11,6.02886,3.23606,3.87057,6.80219,14,1440,4.04943,14.8071,10.7992,9.31839,9.4881,10.2205,10.2729,10.6674,13.3675,184.664,148.003,10.1737,4.50887,6.29033,9.76523,13,1440,5.20771,6.35839
2018-04-09,-3.41001,21.3871,20.4333,22.285,25.3934,25.7704,20.1756,18.4087,19.8748,3087.79,981.176,15.2608,14.1819,6.25144,18.9577,12,1440,-0.240048,36.6009,32.4972,32.9843,37.543,49.4652,32.9071,30.3679,31.3439,2050.62,1685.38,31.8204,19.4979,12.9993,31.3033,12,1440,19.0028,21.4599
2018-04-10,0.897954,11.5688,9.37595,7.25847,8.79699,6.52982,8.59107,8.81205,10.4871,241.15,109.35,8.12618,4.3282,5.04775,6.87639,15,1440,4.07899,16.9737,14.0566,11.6687,14.5456,12.2958,13.1233,12.6896,16.0459,894.935,232.894,11.3997,7.26818,6.78837,10.7393,14,1440,6.42101,8.61594
2018-04-11,1.59291,6.69966,5.78514,3.47069,2.99282,3.22054,5.01968,5.1111,5.94566,107.333,48.616,4.57763,2.43894,3.3462,3.7349,14,1440,3.18148,12.4586,12.2092,9.09507,9.90393,7.82212,11.5815,11.6522,11.0649,253.415,234.062,10.9689,5.28785,6.92139,10.9483,13,1440,3.77141,5.88894
2018-04-12,13.0483,60.3418,85.4409,56.578,87.2018,119.171,74.2845,89.5222,60.6292,77563,82850.9,78.4014,26.4961,58.9449,75.4451,9,1440,14.3242,70.9999,74.3653,55.0708,77.6249,88.3913,73.9948,81.5665,66.4254,21921.1,29239.6,80.2954,31.223,43.1423,69.7932,11,1440,51.7298,69.1921
2018-04-13,-0.577075,30.716,27.4297,27.0122,23.4439,27.4388,26.6042,26.1035,31.023,1807.61,1107.05,25.3053,13.7061,13.7236,26.3747,14,1440,-0.113042,54.4183,51.6821,55.7465,51.4178,59.2644,50.9685,54.086,52.6863,3866.96,3587.18,52.8496,24.725,26.957,47.8347,12,1440,30.6096,32.4921
2018-04-14,1.53186,19.2674,16.6777,12.5047,12.5717,14.6949,14.7722,14.0422,16.8446,668.712,353.972,11.8221,8.00995,8.66773,12.8665,14,1440,1.51738,39.786,30.7167,25.375,26.4552,29.96,28.2595,31.5198,36.9797,1327.25,1820.19,30.9658,14.521,16.1958,24.3306,14,1440,18.897,19.2663
2018-04-15,4.35424,12.3228,10.1893,11.6535,11.3432,10.2705,11.9801,8.10991,12.2029,936.901,142.534,7.10669,2.84905,7.3402,11.4553,12,1440,6.02173,25.3089,15.6011,14.9421,15.2517,15.662,16.2312,12.9191,23.2113,567.375,206.458,13.2087,5.57481,10.0263,13.6418,15,1440,10.0677,8.87343
2018-04-16,-3.53364,16.3675,15.7201,13.3454,13.1157,14.6458,14.0147,10.7361,15.1169,3010.04,208.251,9.86029,11.2696,4.45052,13.658,13,1440,-4.29017,31.5763,20.0685,16.3216,18.8491,21.9252,19.887,19.4378,29.0634,1013.7,845.858,19.9633,12.526,7.5425,18.688,15,1440,15.0309,13.7296
2018-04-17,-2.2559,11.9856,10.246,10.8991,9.29751,9.12825,11.3195,7.84644,11.0176,844.221,138.282,7.86569,6.62122,3.62476,11.4811,13,1440,-1.75543,19.2039,13.6463,12.6348,9.25652,7.99244,13.0089,13.5242,18.2026,310.641,320.198,13.1471,8.02242,5.62387,11.3424,16,1440,8.60034,9.02765
2018-04-18,3.58713,13.041,14.4116,14.595,11.7647,13.1439,13.901,7.4834,11.8457,3810.78,208.64,4.84909,3.99681,10.4148,14.1021,12,1440,4.57573,17.8106,10.5007,9.40303,7.32182,8.48526,10.6676,7.78981,17.011,624.466,78.5499,7.19574,4.61088,5.88986,8.07882,17,1440,9.43356,9.96204
2018-04-19,1.27654,9.59197,6.30775,3.78379,3.03769,2.07636,5.88106,6.3428,9.20689,56.3905,50.3862,6.40317,3.33499,2.97276,3.81626,17,1440,7.68956,20.7402,13.1139,11.5877,12.2347,12.0153,13.1359,12.6891,19.7731,236.81,222.547,12.0053,6.22895,6.88496,11.19,14,1440,7.99039,6.31291
2018-04-20,6.76045,14.0345,12.7382,12.9909,15.0439,21.8293,14.6768,11.1409,13.7474,893.739,348.721,10.5222,3.18878,9.54943,15.6189,12,1440,8.2647,26.4185,25.226,26.4518,33.1718,36.1713,26.2382,24.0936,24.6215,1194.92,1072.46,25.3286,10.0563,15.1697,27.8744,11,1440,11.4821,12.5296
2018-04-21,0.656417,14.3744,12.8719,11.1472,12.8966,7.03474,13.1614,13.6223,13.5467,230.047,239.458,13.8459,6.58088,6.29105,11.044,15,1440,-2.00013,27.0987,28.6083,31.6536,35.0197,24.4136,30.0911,27.513,25.8324,1077.49,910.894,29.0995,15.3685,13.2399,29.6417,12,1440,12.8364,15.204
2018-04-22,-1.44944,12.1385,11.1755,8.21681,5.78863,6.44014,11.1853,10.8545,11.3455,298.813,201.71,10.229,6.55451,4.62101,9.24908,14,1440,2.61887,20.9339,22.9434,20.3938,16.954,19.9501,20.9651,22.4471,18.8806,1281.95,1180.14,20.2886,12.5495,10.3939,20.351,12,1440,10.0208,13.2391
2018-04-23,1.65897,6.23727,5.75215,3.9768,3.42978,2.32713,5.23538,5.41471,5.84757,49.7596,42.1601,5.26732,2.51075,3.2414,4.53132,14,1440,3.81876,12.1222,9.82931,8.11517,8.15859,7.68427,9.16909,9.27403,11.7804,170.745,125.339,8.6979,4.41561,5.4137,8.77022,14,1440,4.35308,5.75736
2018-04-24,7.39779,15.4772,13.5429,14.5504,11.4782,12.9164,13.7761,11.3353,15.4133,1166.12,201.233,8.83114,5.4432,8.09969,13.3465,12,1440,8.39451,22.8131,18.7186,17.9327,20.4596,21.4619,18.8811,16.1575,22.5708,877.723,446.89,16.9942,7.90328,10.8153,19.1876,13,1440,11.7247,12.1066
2018-04-25,-8.11696,50.0247,41.8538,41.833,44.5277,43.6853,41.4132,41.6374,47.9251,2518.04,2714.62,40.2747,24.8121,17.0417,37.5317,12,1440,-12.6846,108.457,98.062,116.973,130.667,129.341,98.3921,97.5447,108.89,16559,15172.3,91.5309,59.3118,38.7502,99.7198,11,1440,58.9495,57.9952
2018-04-26,4.36781,23.2742,23.1345,21.1186,22.5046,20.4553,22.7343,19.5728,22.5292,1464.36,501.341,18.0691,10.7176,12.4169,22.737,13,1440,6.80366,39.698,32.3672,27.622,32.0808,34.5248,31.4668,29.6005,38.4418,2243.69,1362.38,27.5923,15.8795,16.4878,29.8545,14,1440,21.3207,23.4814
2018-04-27,-3.85773,12.528,13.8205,13.0079,14.4968,12.9892,12.6178,11.9538,11.5696,282.137,202.301,11.5259,7.7322,6.08826,12.4094,12,1440,-2.76652,22.3592,21.4162,21.154,26.3994,27.8685,20.7919,21.0795,20.8397,557.16,591.52,22.5799,11.7784,9.63781,20.2563,12,1440,10.6309,14.5399
2018-04-28,4.73879,14.4954,15.3734,19.1714,12.1812,12.9269,14.3589,12.1756,13.6264,1040.26,221.931,11.4915,6.19874,9.17468,14.8945,12,1440,5.943,21.5087,20.8826,26.4052,18.9922,21.2333,20.0562,16.4712,19.4708,1774.11,375.128,15.1274,8.38548,12.4972,20.4823,12,1440,11.1646,15.5828
2018-04-29,0.756651,11.3074,11.7314,7.52442,7.18896,8.60067,10.8882,11.8802,10.3932,200.947,202.177,11.8887,6.09903,5.63234,9.87509,13,1440,1.16329,19.5975,17.3374,13.1662,13.9296,19.0583,17.319,16.4458,18.1154,659.499,478.912,17.2287,8.65838,8.67906,16.3304,12,1440,9.53857,12.4904
2018-04-30,-1.85368,10.452,10.4969,10.47,7.63772,8.02827,9.89175,9.52697,9.87577,180.699,112.19,8.75154,5.9959,4.50096,9.47246,13,1440,-2.94815,18.1765,15.5826,16.3047,13.827,13.5854,14.5547,14.7386,16.8518,355.196,265.232,13.7833,8.72223,6.86039,13.5257,14,1440,8.13714,10.6772
2018-05-01,-1.90567,14.5963,13.3131,9.33519,10.5127,15.6695,12.6628,13.1026,12.3246,288.143,257.999,13.0939,7.98473,5.32837,11.351,13,1440,0.181713,32.2038,28.1859,26.6898,35.3752,54.6599,27.93,27.2237,28.4414,1648.15,1494.5,27.111,15.6846,12.5014,26.9563,12,1440,14.418,16.3895
2018-05-02,1.92546,6.85927,5.67499,4.69341,4.31683,3.86331,5.26238,6.10308,5.92416,34.9939,44.9634,6.06067,2.55909,3.11589,4.87826,13,1440,2.43441,14.0533,10.8867,9.75276,9.98172,7.27048,10.1672,10.3579,12.0156,123.574,111.432,9.91171,5.09852,5.78819,10.0581,13,1440,4.93052,5.79496
2018-05-03,5.28773,11.07,11.199,11.3938,10.1746,9.87,10.419,12.2039,10.5404,253.495,301.868,11.665,4.63016,6.56883,10.3404,12,1440,12.3409,27.8689,32.3934,35.0721,34.1309,40.1807,31.5334,32.9406,27.6124,1453.72,1598.97,30.3048,15.0187,17.3747,32.3388,11,1440,10.3954,13.1348
2018-05-04,-0.370017,12.747,12.7772,7.89851,7.95371,8.42004,10.1689,10.1189,11.6332,1499.25,189.269,9.65,8.02855,4.74861,10.1788,13,1440,0.893302,27.741,28.4715,23.8693,27.5144,30.0302,25.3244,25.8039,26.8109,2097.34,973.334,24.821,16.6775,11.7939,26.1902,12,1440,12.361,14.9616
2018-05-05,1.53247,8.36923,8.21159,6.98187,4.78903,4.17445,7.86181,7.60656,7.50634,134.089,78.3328,7.41033,4.19485,4.01674,6.72447,14,1440,4.17503,13.1257,16.1818,14.7688,14.0073,11.5002,13.5599,15.2411,11.3759,405.309,338.854,15.5192,7.27832,8.90353,13.1039,12,1440,6.43989,9.068
2018-05-06,-2.10006,10.5742,11.1152,8.99964,9.31817,7.50428,11.2101,11.8594,9.4678,137.67,196.133,11.1151,6.31092,4.80427,10.5407,12,1440,-3.12332,24.5586,31.7354,29.0607,30.4513,25.0933,29.7087,31.8237,23.3748,1466.21,1842.78,34.9474,17.4328,14.3025,31.2734,10,1440,10.879,15.8846
2018-05-07,-3.09118,14.0047,12.5697,13.6023,12.7276,11.8962,13.2799,13.1023,13.7064,279.259,224.813,11.151,7.58937,4.98037,13.3736,13,1440,-5.40735,56.0467,52.4474,59.6402,61.6942,70.651,59.5056,55.0031,50.9476,3544.36,4409.27,54.2541,31.9498,20.4976,60.5181,12,1440,18.2539,20.6264
2018-05-08,-1.91289,10.0264,10.5408,9.03499,7.3184,6.98951,9.69252,9.73848,9.33166,486.034,139.7,8.60337,6.37346,4.16734,8.69005,13,1440,-0.466208,26.479,27.9352,28.3353,24.4332,27.0962,26.3979,25.7184,23.0977,988.753,759.419,27.1848,14.4274,13.5079,24.6372,13,1440,10.4008,13.7269
2018-05-09,1.32387,8.12118,8.52323,6.62276,6.31009,5.70472,8.11135,9.26978,7.484,99.811,116.711,8.30638,4.16269,4.36054,7.55786,13,1440,0.367819,18.5469,17.2609,16.1543,15.0708,14.2747,16.9564,16.9889,17.3069,385.302,392.884,15.7467,9.05701,8.20392,16.6999,13,1440,6.90332,9.69164
2018-05-10,-3.36201,9.03768,7.5682,8.07954,10.0639,8.51242,8.14225,7.23983,7.77372,230.352,108.301,7.03417,4.93374,2.63446,7.98386,11,1440,-3.96587,18.3919,12.7574,14.2001,18.2755,15.4732,14.3684,12.3182,17.2881,431.758,378.037,13.554,7.85388,4.90356,14.6229,12,1440,7.75163,7.8124
2018-05-11,-6.92373,20.2566,20.6946,15.9845,18.6773,18.9955,21.2745,18.4289,19.939,1069.82,461.514,17.3321,12.6325,8.06207,20.6333,11,1440,-6.51329,48.1124,48.5007,41.0633,47.8805,48.0641,52.7121,47.1663,48.0319,4379.55,3192.14,47.2866,27.2437,21.257,52.2593,11,1440,21.6155,27.3396
2018-05-12,0.781935,25.6321,26.5585,25.3444,26.4281,26.6556,25.0945,23.8917,25.0625,1582.51,741.725,22.193,11.699,14.8594,25.071,12,1440,1.05065,51.7842,52.276,53.6488,57.6101,54.5803,49.9306,50.215,50.6631,3055.1,3704.16,53.5656,26.2994,25.9766,52.5521,12,1440,27.1166,32.5964
2018-05-13,2.49371,15.7077,16.7398,15.0804,15.5092,16.3183,15.4925,15.0816,13.9143,972.685,232.979,14.4289,6.80936,9.93046,14.6176,12,1440,6.36647,30.4905,30.6838,27.3522,30.6777,38.2223,29.4574,30.2486,27.9408,1425.15,1148.55,29.2292,12.7272,17.9566,28.6809,12,1440,14.7939,19.2199
2018-05-14,-0.188779,25.9149,23.9492,30.4518,30.9628,22.5637,24.7029,23.0087,24.6266,2843.45,1237.44,19.4134,9.77467,14.1745,26.709,11,1440,-0.218321,51.9744,49.1272,56.0791,58.5465,32.4051,46.1927,47.3567,50.6453,4934.71,4009.51,51.2267,23.215,25.9122,49.6742,12,1440,27.1398,30.5096
2018-05-15,-2.35148,19.3048,15.695,13.4251,12.4411,11.1456,15.3772,11.6372,16.7777,1592.28,174.393,11.0354,9.05883,6.63614,13.8857,14,1440,-3.15301,32.7237,20.9742,17.403,19.5874,16.4501,21.7684,17.7842,29.9943,1131.3,335.972,16.0315,11.9097,9.06447,19.7201,15,1440,18.3238,15.081
2018-05-16,-1.57221,23.2567,22.7769,20.9472,22.7499,19.1766,23.0394,14.7091,20.7583,2909.84,220.797,10.5666,13.3446,9.4323,21.8424,13,1440,0.195578,30.5659,27.1203,26.7742,26.574,22.3311,26.2369,23.1012,30.0878,2277.44,635.316,20.6426,15.1208,11.9995,25.297,13,1440,18.9198,20.7816
2018-05-17,-3.52528,13.0602,11.0481,11.485,7.72983,5.83913,9.96675,9.53692,11.7211,278.871,167.896,8.49995,6.60276,4.44538,9.88363,15,1440,-5.63068,20.0304,16.774,19.1247,13.9336,12.685,15.1424,15.1484,20.24,479.899,537.978,14.4567,9.81037,6.96366,16.0593,14,1440,9.92372,11.27
2018-05-18,2.43666,13.531,12.4003,8.37058,8.77667,7.98365,9.91289,11.4954,12.5984,885.219,366.007,10.7074,4.80765,7.59267,8.02016,14,1440,3.67335,22.5075,15.5008,13.9623,11.2866,10.1638,14.0889,14.6945,20.88,369.013,378.246,15.4889,6.82903,8.67178,11.9399,15,1440,10.5239,11.0168
2018-05-19,-0.0767302,7.32017,6.44016,5.57658,5.90406,6.28167,5.98542,4.99511,6.91556,180.177,31.3996,4.89927,2.68643,3.75372,5.09372,13,1440,0.633278,13.8445,11.4155,12.8523,9.50275,11.0424,11.5574,10.0702,12.1734,250.679,192.045,9.31747,5.24204,6.17342,11.3609,13,1440,5.35043,6.61078
2018-05-20,3.50253,6.72844,5.07671,4.25414,4.80072,5.21812,6.13929,5.11238,6.04759,96.6355,73.386,4.49027,1.90501,3.1717,5.36425,13,1440,2.71182,10.6048,7.74642,7.52973,6.92248,8.32713,8.21351,7.28648,9.79884,98.6243,70.2049,6.53821,3.46371,4.2827,7.37913,14,1440,3.98389,4.27825
2018-05-21,-1.72394,5.93627,4.72196,4.56162,4.32714,3.60608,4.78491,4.65781,5.32889,38.9932,24.9808,4.5285,2.56244,2.15952,4.43899,13,1440,-2.75487,8.52992,6.80498,6.66007,7.17207,8.04952,6.71544,6.56041,8.06041,88.9719,52.7125,6.64945,3.92666,2.87832,6.50512,12,1440,3.13813,4.26649
2018-05-22,-4.94197,7.70364,5.86694,6.09241,6.10421,6.42146,6.46094,5.08933,6.59419,59.3976,29.588,5.36037,3.66976,2.19718,6.66673,13,1440,-8.3341,15.7304,13.3027,14.3855,11.6538,13.3936,13.8061,12.032,14.743,308.652,191.799,12.2887,7.81195,5.49071,14.5728,12,1440,5.66552,6.71551
2018-05-23,-6.14132,21.7322,22.1042,19.896,17.513,18.462,19.6277,20.9359,20.0927,858.402,669.942,20.2246,13.2145,8.88977,19.3254,12,1440,-10.4842,44.0514,54.2742,60.9995,53.4762,59.4343,50.5651,55.4853,43.4811,3794.48,4146.17,57.4092,31.764,22.5102,56.1352,11,1440,22.4278,30.0211
2018-05-24,0.969168,23.9386,29.0347,19.7408,22.0977,18.8581,27.4191,23.0535,21.4979,7959.96,1251.38,21.9765,11.5298,17.5049,25.642,12,1440,4.23849,51.5414,59.7679,63.3902,70.8476,47.3307,60.4534,52.3922,45.2714,12885.6,6121.68,51.1472,27.1008,32.6671,64.6974,10,1440,23.1793,34.902
2018-05-25,-1.57015,16.634,14.9586,12.2365,11.2339,11.2736,14.9244,12.2694,14.367,611.074,167.419,11.4736,7.46297,7.49567,14.2443,12,1440,-2.80048,30.0537,32.1489,35.5554,31.497,34.0539,33.2636,29.4989,28.5542,2465.96,1452.34,29.4536,18.5883,13.5607,35.3484,10,1440,14.6912,18.6509
2018-05-26,-1.66376,8.50865,7.68241,9.64513,10.6668,8.69957,9.96788,7.71691,7.91655,292.736,124.864,8.39505,3.63508,4.04732,10.6858,12,1440,0.0768213,14.397,15.1925,14.9009,16.2336,10.9754,16.371,14.5052,13.5156,518.579,296.712,14.6638,7.76269,7.42981,17.7347,12,1440,6.35144,8.65998
2018-05-27,0.0685615,8.17399,5.31627,4.47111,4.69139,3.29478,6.64421,4.64901,6.41023,64.6564,37.7619,4.6224,2.6039,2.71237,5.61108,15,1440,-2.69819,14.4963,10.3429,9.71422,10.0639,11.5737,11.5637,8.21532,13.4299,188.371,74.9203,8.85868,5.95737,4.38556,10.4409,14,1440,5.72579,5.27615
2018-05-28,-3.32473,10.0487,9.30608,7.4363,8.5766,7.49162,9.14633,8.83042,8.51869,356.456,137.312,7.94023,5.07032,4.23576,8.48055,13,1440,-10.899,28.0579,34.6519,36.3771,43.2785,48.2024,33.184,34.7139,27.0871,4380.03,2925.75,30.7662,20.8747,13.7772,37.2365,11,1440,9.31502,14.253
2018-05-29,4.97744,13.6838,12.7154,10.945,15.8459,14.5774,13.0168,8.68591,11.2295,953.357,144.885,7.82359,3.69407,9.02137,13.0117,12,1440,10.3646,34.9372,36.0491,38.2172,39.7065,36.9449,37.4818,34.2158,32.4641,2042.71,1898.81,31.9117,14.7968,21.2523,38.2284,12,1440,13.0066,16.6421
2018-05-30,-1.15023,9.01083,6.88838,7.53421,6.43639,5.8908,7.46272,6.97169,7.92685,98.3855,109.47,6.20843,4.05979,2.8286,6.63317,14,1440,-1.80877,27.8745,28.7789,29.2652,25.7057,20.8597,25.6255,26.4863,25.2721,1527.67,1150.28,27.1453,16.5609,12.218,25.0515,13,1440,9.29704,11.3942
2018-05-31,1.46763,7.74539,8.14534,8.47977,7.08857,6.43368,7.39252,4.98484,6.38316,558.297,54.6934,3.86057,3.93411,4.21123,7.12443,13,1440,3.63388,15.7326,15.0481,17.9382,17.3318,13.8945,15.0966,13.1303,14.4629,497.013,254.652,11.5195,7.19696,7.85119,15.9845,12,1440,5.83022,8.3722
2018-06-01,0.479808,7.81211,7.98099,10.3225,11.9684,9.46907,7.64172,6.44935,6.99967,742.53,235.316,5.07613,4.74446,3.23653,7.83871,10,1440,0.205738,14.5272,13.6439,15.6932,16.4355,16.4308,12.6855,12.6369,12.7759,786.96,567.975,10.9382,7.72205,5.9218,12.6249,11,1440,5.96415,8.14082
2018-06-02,1.57011,7.03508,5.56554,6.75117,6.34697,4.00963,7.04984,5.4829,6.68542,240.743,155.998,4.89535,1.978,3.58754,7.11841,12,1440,2.02597,12.2666,9.12231,9.77685,9.43697,8.04266,9.74817,9.0988,11.4924,171.044,165.242,8.66593,3.87892,5.2434,9.89749,13,1440,4.88547,5.23263
2018-06-03,0.966903,4.59351,3.29388,2.64471,2.49043,2.26837,3.86889,2.71534,4.01095,48.1468,10.5493,2.58904,1.35129,1.94259,3.30499,15,1440,4.76088,10.9933,10.7701,12.5774,14.8594,14.1179,10.9502,10.7368,11.1069,266.835,413.338,9.52912,4.06267,6.70741,11.9263,11,1440,3.45657,4.18679
2018-06-04,-2.99024,5.74402,5.10266,4.40751,4.4613,4.35663,4.50097,5.15386,5.56315,48.6501,47.025,5.17585,3.11367,1.98899,3.87286,13,1440,-4.73211,13.1236,14.6351,15.5471,16.7755,14.693,13.4814,14.3513,11.818,448.166,298.962,12.8084,8.85995,5.77512,13.681,11,1440,4.20779,7.04184
2018-06-05,1.82641,8.59314,7.04423,7.59982,6.78873,9.70376,7.01462,5.01519,7.51619,310.853,33.2224,4.83032,2.821,4.22323,6.55187,13,1440,3.00505,15.0511,17.8383,18.6572,18.7104,23.666,17.264,16.3863,12.9724,539.254,429.277,15.1643,9.34332,8.49494,18.3089,11,1440,5.6212,8.7586
2018-06-06,0.442821,6.39741,6.34875,6.05773,6.1955,6.19124,7.07781,5.49605,5.63193,268.133,100.371,5.33438,2.97186,3.37689,7.26131,12,1440,-0.271281,11.4885,11.4571,11.0381,12.2619,12.1631,11.966,9.86713,9.99528,514.514,287.344,9.68382,5.88959,5.5675,12.601,12,1440,4.57872,6.95732
2018-06-07,0.420068,4.66337,2.90423,2.25492,1.8088,1.51275,3.01359,2.7801,4.08787,12.4211,9.24023,2.72406,1.53709,1.36714,1.91602,16,1440,-0.369467,10.1635,6.97231,5.91168,5.12373,4.3958,6.83627,6.46015,9.43591,82.82,51.1678,6.77771,3.93335,3.03895,4.81475,15,1440,3.15706,3.2578
2018-06-08,-1.14604,4.05343,3.00586,2.08417,1.85997,1.81375,2.84017,2.95485,3.63321,84.6424,45.9978,2.3323,1.23137,1.77449,2.14276,16,1440,-1.07657,7.83369,5.56528,3.90746,3.13671,4.19432,5.23209,5.7322,6.89677,167.578,114.189,4.99001,2.76844,2.79685,4.49471,16,1440,2.29926,2.9495
2018-06-09,-1.4801,3.2136,3.2657,3.43907,4.13788,3.54079,3.63714,2.29195,3.10546,166.478,13.9449,1.51068,2.42422,0.841479,3.84783,11,1440,-0.975208,6.05702,3.94179,4.6115,4.69715,3.28674,4.26835,3.2007,5.57171,60.4776,12.6673,2.64808,2.51172,1.43007,3.82575,14,1440,1.47245,2.50905
2018-06-10,-10.2039,21.845,25.7932,33.2085,39.4806,63.6903,26.9382,25.9229,21.0055,2182.82,2037.78,29.6651,17.4804,8.31283,26.6304,11,1440,-12.3274,37.33,47.0434,48.0031,53.9295,83.6413,47.1104,51.4178,35.1511,4184.94,8250.73,49.6267,27.7806,19.2628,46.8307,11,1440,19.9451,28.8784
2018-06-11,1.56944,13.7293,12.0197,11.7831,12.6635,12.937,11.0019,10.1611,12.9775,680.423,363.9,9.3187,4.41952,7.60014,10.2317,12,1440,1.4359,30.4599,28.4382,33.7687,39.3178,36.6838,26.795,24.8852,28.0344,2344.25,2214.29,23.5639,14.0744,14.3638,27.2725,11,1440,13.8907,15.2178
2018-06-12,-5.10482,13.8098,13.7456,11.2565,11.9026,11.9095,13.5885,10.4778,12.2416,1538.1,544.621,10.6627,9.49215,4.25341,13.1056,10,1440,-7.55514,25.9438,30.1217,22.3647,24.322,25.0409,26.1672,25.7296,23.8472,3693.01,1360.86,29.4867,19.2313,10.8904,25.4329,10,1440,12.1426,17.5331
2018-06-13,-3.7004,25.4853,31.7565,22.991,26.7578,14.1203,25.7407,35.1489,25.1468,14552.3,23222.7,28.265,14.4386,17.3179,19.496,16,1440,-3.62054,43.3745,47.9589,47.3052,57.375,30.4785,44.8128,47.1454,41.1579,10903.6,12162.3,41.3497,23.263,24.6959,44.2462,14,1440,24.5937,32.8154
2018-06-14,5.31034,19.0189,19.806,14.6644,17.7207,22.9902,16.9179,17.708,16.3616,1296.53,501.176,16.0271,6.44358,13.3624,15.8059,12,1440,8.81587,51.7533,66.6657,52.6435,75.5011,99.334,55.7246,60.4891,48.9051,21484.3,12303.9,54.9512,18.6209,48.0447,57.8417,11,1440,22.895,30.8754
2018-06-15,-3.79442,11.5919,10.0186,9.34542,7.22323,4.11174,9.7283,8.18877,9.75637,308.85,95.8428,7.93234,6.08668,3.93192,8.74021,18,1440,-6.32132,24.4535,23.7924,30.5547,24.0041,15.8024,24.2263,20.83,21.4964,1449.51,908.4,19.1153,13.7949,9.99751,26.1489,12,1440,10.2993,11.6221
2018-06-16,1.47724,9.5874,7.19781,6.86186,7.02917,8.83743,9.04245,6.56131,8.53182,232.036,53.8517,6.13929,2.79906,4.39876,8.23234,13,1440,1.88175,15.7742,12.6016,11.8441,11.9161,13.9693,14.9466,10.8424,12.9829,581.32,149.849,9.68003,5.39027,7.21129,13.7989,13,1440,7.57564,7.53082
2018-06-17,-0.531486,5.39111,3.44498,2.67538,3.26316,2.78399,3.27398,3.48843,4.98171,20.7345,23.1713,3.57759,1.79165,1.65333,2.8064,14,1440,0.0804926,9.48402,5.85583,4.72025,6.3397,4.51072,5.61931,5.36578,8.70974,69.0591,44.564,5.27114,2.75114,3.10469,4.72742,15,1440,3.32786,3.02757
2018-06-18,3.99458,10.5027,16.9977,17.5191,14.0993,11.6083,13.077,8.29201,10.3624,8032.54,232.318,5.39449,2.56911,14.4286,13.1729,11,1440,4.1007,12.3853,16.7907,18.3594,15.3664,15.6069,13.8847,10.4748,12.2808,5691.46,396.294,7.21168,3.51755,13.2732,14.2506,11,1440,6.66833,15.4276
2018-06-19,0.427393,5.46845,3.45423,4.08174,2.68063,2.04244,3.60131,3.3921,4.95434,23.1864,27.1595,3.192,1.8498,1.60443,3.3549,14,1440,3.79241,9.51704,9.80061,13.8094,12.9562,10.621,9.38942,9.57395,8.66542,287.851,283.048,8.90298,4.04736,5.75325,10.6345,11,1440,3.03257,3.83109
2018-06-20,0.30068,7.03067,5.33132,6.906,7.43927,5.97909,5.47221,5.5338,6.07917,179.482,120.73,5.74197,2.38418,2.94714,5.47442,12,1440,-0.275487,11.318,12.4405,16.4637,17.792,13.6363,11.0666,10.3596,9.29529,746.227,237.727,11.3763,5.63924,6.80124,11.5945,11,1440,4.66598,6.12269
2018-06-21,-0.633072,4.29494,2.40567,2.0291,1.23498,1.33652,2.97557,2.26302,3.83021,9.57756,6.32617,2.18159,1.16698,1.23868,2.11228,17,1440,-1.94046,7.92794,7.13883,7.5281,5.36425,5.33686,7.82852,5.87358,6.85502,146.466,59.0716,5.66145,4.21334,2.9255,7.74154,13,1440,2.0562,2.61115
2018-06-22,-10.5684,26.1403,30.6625,25.5226,27.884,29.9831,29.1519,25.9408,25.0149,3050.11,1557.76,23.6846,22.0874,8.57509,28.8281,12,1440,-12.9884,42.3,59.3516,50.9275,54.5987,37.4425,54.5234,54.8297,40.1929,8379.41,7200.22,52.223,40.3065,19.0452,53.5619,12,1440,24.9031,38.3977
2018-06-23,1.72173,10.9287,9.92441,7.79722,7.57316,8.86855,9.92333,8.92224,9.20394,334.594,140.502,8.49058,3.7336,6.19081,9.58637,13,1440,2.42021,19.1801,22.6611,19.3979,17.2153,15.8153,20.3901,21.2607,16.5818,1424.48,787.442,18.8087,10.1796,12.4815,20.8135,12,1440,9.2026,12.5088
2018-06-24,-0.211769,24.9814,35.1016,31.876,40.4977,66.7553,34.1884,25.594,23.1577,20055.4,1362.47,19.485,10.1747,24.9269,36.1142,10,1440,-4.09619,46.4474,63.8121,60.4839,65.5217,94.4564,62.8217,49.003,42.3184,37893.2,3585.08,40.2634,22.2515,41.5606,62.9135,11,1440,25.1584,42.2429
2018-06-25,1.85703,12.5774,9.77763,9.6489,10.803,12.3972,10.1059,8.98758,9.11963,315.394,171.536,9.11364,3.80324,5.97439,10.13,14,1440,0.939653,22.8679,24.826,20.2253,19.1107,17.8847,22.0759,23.7707,18.8837,2009.46,1091.43,24.5953,11.6459,13.1801,21.486,13,1440,10.1851,11.845
2018-06-27,1.0316,8.85153,5.26854,6.41185,3.03097,2.80789,6.10673,5.1392,7.15747,98.6446,80.9971,4.63009,2.53603,2.73251,5.68074,17,1335,2.82459,20.8175,20.1423,23.0908,12.8178,13.793,19.6865,16.9166,16.1538,2747.51,681.376,15.7618,10.5481,9.59419,20.8599,14,1335,8.27148,8.10053
2018-06-28,-4.66813,9.543,7.11919,4.99052,5.33554,8.02672,7.22543,5.93813,8.40557,299.757,55.9325,5.22945,5.06876,2.05043,5.38859,15,1440,-4.97167,17.7113,12.9556,10.357,8.86942,9.42927,13.0212,11.9084,15.4774,435.41,190.432,11.0905,8.67056,4.285,9.90311,15,1440,8.64875,7.3946
2018-06-29,5.7092,16.3372,26.077,19.7292,20.2946,32.9544,22.6956,20.3632,13.0704,20236.8,6737.36,11.5225,4.80571,21.2713,25.1728,10,1440,3.40388,25.1461,28.7289,24.8071,26.4174,29.2633,26.742,26.0763,22.1995,4598.14,4876.29,22.8282,10.1467,18.5822,27.8773,11,1440,13.4668,22.0327
2018-06-30,3.05315,10.216,11.9386,14.4345,9.72855,10.4769,13.2454,9.49641,10.3467,2018.09,189.135,9.64662,3.33899,8.59966,13.1556,10,1440,4.34783,18.8565,18.5204,21.7279,18.0479,19.1423,20.2314,18.5309,17.3284,930.078,1080.67,18.0231,7.27473,11.2457,20.557,11,1440,9.30969,11.2885
2018-07-01,-0.521854,6.0023,4.82156,4.33964,3.55321,2.99889,5.0904,3.74138,5.19128,91.7409,18.7205,3.16755,2.41194,2.40962,4.32389,13,1440,-0.439202,11.4933,8.66984,7.92575,6.21842,5.53547,7.96253,8.53689,10.4591,134.147,110.936,8.02889,4.36233,4.30751,6.76858,14,1440,4.67118,4.84148
2018-07-02,3.9857,10.3372,13.0415,14.7096,16.3707,16.2716,12.6694,7.83787,9.95884,5850,235.55,5.94732,2.61852,10.423,12.7375,11,1440,5.20395,13.2455,15.8287,15.2472,19.034,26.8877,15.603,14.386,13.0148,2447.2,987.298,12.9269,5.02151,10.8072,15.8909,12,1440,7.37751,12.1147
2018-07-03,-1.54514,6.2264,4.58196,5.59077,5.35631,5.94964,5.15218,4.31219,5.64109,93.8531,51.3931,4.25102,2.94472,1.63725,5.40397,13,1440,-3.07677,15.0113,10.3285,10.9716,9.8877,8.95011,11.2852,9.80948,13.1671,191.558,180.152,9.68007,6.16149,4.16702,11.1612,13,1440,5.83539,4.88312
2018-07-05,-0.881055,12.5725,10.1205,6.03362,4.91894,5.289,8.61351,8.53462,11.3238,665.281,159.798,7.05363,5.49755,4.62291,6.77971,16,1440,0.104785,14.1403,11.4656,7.87519,8.2749,9.67761,10.1733,10.602,13.2438,280.864,199.457,10.0514,6.63978,4.82577,9.09325,15,1440,9.13811,8.58105
2018-07-06,1.22659,6.32165,4.53432,4.17859,4.40989,3.55248,4.93561,3.77253,5.73024,106.456,19.1949,3.12318,1.98279,2.55154,4.78984,13,1440,0.554172,8.82219,7.89945,10.763,11.9031,10.7476,8.4814,7.19768,8.12548,153.998,94.717,6.75248,3.30486,4.59459,9.44508,11,1440,4.05607,4.2924
2018-07-07,2.20257,7.42886,7.05355,11.2002,11.2484,9.22133,10.0994,6.38376,7.2644,971.978,219.222,5.68006,1.34227,5.71128,10.7423,11,1440,3.15913,8.02879,10.101,12.0628,12.1113,16.492,9.49247,7.01147,7.659,1408.66,138.863,5.59518,2.45114,7.64984,10.6751,10,1440,4.25716,6.84482
2018-07-08,-0.666418,3.45531,2.1468,1.91638,1.80617,0.93288,2.01298,2.16588,2.92229,12.0922,10.8732,2.13028,1.18893,0.957873,1.67671,15,1440,0.246827,4.91139,4.28057,5.06086,5.12906,3.25672,4.3128,4.02793,4.27019,68.0654,51.9194,3.95658,2.39825,1.88232,4.60891,11,1440,2.118,1.84799
2018-07-09,-0.747412,5.30837,3.16642,3.49543,2.46908,1.58296,3.72763,2.95358,4.64251,25.1642,20.7119,2.77587,1.81265,1.35376,2.85864,19,1440,-3.14273,8.79047,6.48312,7.36051,6.6737,4.97482,6.48134,6.43332,7.89357,129.312,114.935,5.70208,4.13765,2.34547,6.09909,15,1440,4.01432,3.30154
2018-07-10,-5.63787,8.51451,8.05135,7.73439,8.0366,9.04981,7.48755,6.50738,7.32218,670.663,69.2059,5.17443,6.15279,1.89856,7.69093,12,1440,-8.68283,20.0396,20.8503,22.8104,21.8139,26.4299,23.2425,14.3929,18.3753,4878.1,276.691,12.6321,15.1605,5.68973,24.4035,11,1440,7.53568,10.0904
2018-07-11,1.28065,5.78719,5.00079,4.56113,3.90023,4.18282,4.65435,4.84027,5.34848,76.4143,42.0519,4.45605,2.03586,2.96493,4.2429,12,1440,2.85157,12.3889,14.3688,13.2282,11.6453,13.6547,12.0972,13.6525,10.9067,519.376,386.788,12.9415,6.1366,8.23217,11.7514,12,1440,4.8419,6.91572
2018-07-12,-2.01929,9.1926,6.83464,9.07463,10.4182,7.89562,8.02797,4.8327,7.85239,534.515,119.66,4.54627,3.77568,3.05896,8.04923,12,1440,-3.16189,12.0829,10.3095,12.3169,12.7616,8.77254,10.3306,8.42855,10.5709,393.048,237.651,8.52988,5.13291,5.17662,10.8751,11,1440,7.50704,6.78284
2018-07-13,-0.577612,5.99139,4.69271,3.37053,3.67015,2.75644,4.36448,4.84317,5.65412,66.7979,86.61,4.81259,2.36107,2.33163,3.79715,17,1440,0.305697,8.58588,6.70116,5.8963,6.97212,5.31053,7.12714,6.5522,8.44604,119.261,96.21,6.33548,2.95977,3.74139,6.74865,14,1440,4.14273,4.41368
2018-07-14,0.600328,4.77416,3.54885,2.49007,1.94302,1.55676,3.47835,3.14574,4.07381,57.4366,15.3887,2.98268,1.86547,1.68338,2.90317,14,1440,0.168659,6.95555,5.31071,3.4586,2.77092,2.15438,4.98239,4.95666,6.67837,163.841,45.4801,5.52516,2.74276,2.56795,4.0584,14,1440,3.40968,3.38763
2018-07-15,1.60289,3.5697,2.37826,1.76134,1.70889,1.90324,2.3371,2.51616,2.88259,15.8424,14.074,2.36045,0.962128,1.41613,1.72095,16,1440,3.75821,5.24599,3.93226,4.0214,3.93485,6.00263,4.16918,3.52703,5.01401,29.8667,26.1818,3.55149,1.49503,2.43723,3.7478,13,1440,1.62934,2.02764
2018-07-16,5.66578,6.35929,5.395,5.63987,6.39405,8.9319,5.28042,5.09239,5.76275,100.35,64.8182,4.99915,1.50094,3.89405,5.56409,12,1440,6.18767,9.16771,10.5091,11.7342,11.3372,14.9759,9.76777,9.17384,8.54655,483.818,219.147,8.31477,3.45612,7.05299,11.0518,11,1440,4.72992,5.85597
2018-07-17,8.4674,18.2279,36.2421,52.5499,43.7036,46.3003,29.7061,34.206,17.7265,25067.2,18699,39.0904,4.77418,31.4679,34.8602,10,1440,4.14897,16.8109,25.9061,35.7795,35.1142,37.5226,22.8054,24.4746,16.4539,8208.2,6404.33,24.1521,5.82092,20.0851,25.6831,10,1440,13.1852,27.7228
2018-07-18,0.877052,15.2355,14.913,15.4071,11.7326,6.37245,14.4792,15.1369,13.5747,484.389,552.733,13.817,7.50169,7.41126,14.4794,12,1440,-3.95688,15.0241,17.604,17.8158,17.3692,13.1032,16.5397,17.2866,14.3954,664.966,853.267,17.5694,9.58614,8.01789,16.8959,11,1440,11.1067,13.9827
2018-07-19,1.13564,9.37236,7.1635,6.40774,6.55532,6.14028,7.26853,7.52459,9.4156,68.9452,105.377,7.57554,3.56767,3.59584,7.12403,12,1440,-2.28707,12.4873,10.9834,9.3607,9.21223,8.83979,10.7748,10.9086,12.6006,216.557,242.142,10.9036,6.16676,4.81665,10.662,11,1440,6.77456,6.47989
2018-07-20,-1.73852,14.3066,15.449,12.2597,7.68606,8.86141,13.7246,13.3437,13.4391,2255.05,374.704,11.0278,7.47527,7.97369,13.5256,10,1440,-4.25735,16.0166,18.6762,18.3041,13.7126,19.1099,17.5003,16.2891,14.9653,1822.57,493.396,14.4882,9.06638,9.6098,18.3975,10,1440,10.5084,13.6541
2018-07-21,0.831285,5.32816,4.87829,3.51352,3.02411,3.49489,4.62272,4.57072,4.84243,37.3026,25.7119,4.37346,2.26913,2.60916,3.7409,15,1440,2.46144,11.2251,10.5302,11.5829,12.0429,15.6222,11.0553,9.61282,9.70406,138.258,114.069,9.74064,4.64257,5.88759,10.4036,12,1440,4.41101,5.31857
2018-07-22,-0.0539424,8.69628,7.6577,9.4586,6.04765,7.76904,8.14326,6.97006,7.69304,560.58,229.55,6.15595,5.2173,2.44039,8.39914,14,1440,-0.601506,10.1309,9.28858,10.5909,8.62479,8.43507,10.174,8.6633,9.45535,374.359,227.711,8.05139,5.9454,3.34319,10.0319,13,1440,5.67162,6.78262
2018-07-23,4.31695,12.4202,9.85928,7.21271,6.90941,7.86036,9.15731,10.3575,11.0425,503.301,347.99,9.41097,4.95661,4.90267,7.07692,15,1440,-1.63526,13.0597,9.40767,7.4627,8.2976,7.94404,8.85483,9.78997,12.8165,214.355,218.758,10.5208,5.1843,4.22337,6.74264,16,1440,8.88518,7.58204
2018-07-24,8.39579,14.9085,11.1701,11.4378,9.00337,12.1356,13.4392,9.7307,14.5411,237.315,156.551,9.22517,4.04224,7.12785,12.203,14,1440,6.29263,19.3748,16.958,20.597,19.396,16.4031,17.8735,16.6996,19.464,872.873,705.27,15.3932,5.98259,10.9754,17.558,12,1440,11.7,8.49805
2018-07-25,-2.67441,10.0903,10.5677,10.9018,11.1564,10.0169,10.6798,10.4053,9.41009,124.237,139.944,10.3889,5.56439,5.00332,10.2344,11,1440,-1.50942,11.0301,10.1804,10.3208,11.1046,7.65725,9.48018,9.60282,10.607,117.81,99.4363,9.87942,5.471,4.70943,9.35349,11,1440,6.79011,8.19486
2018-07-26,-3.17678,10.3902,11.0981,9.43873,9.91481,9.79757,10.3295,12.0286,9.14834,313.247,554.739,10.5902,7.18289,3.91521,10.485,12,1440,-2.02416,8.58637,9.30471,8.44165,9.27183,8.74222,8.37925,9.75384,8.43963,193.424,203.229,9.30142,5.43973,3.86498,8.80288,12,1440,6.11096,7.8857
2018-07-27,3.33481,10.3979,12.6227,16.7258,24.7722,22.4079,10.9601,10.3586,8.6361,1295.22,297.921,11.4099,4.06572,8.55698,11.2717,9,1440,1.5975,9.86426,9.64387,10.1636,10.7661,9.64982,8.22608,8.31066,8.9239,716.708,214.669,6.62654,3.36889,6.27498,8.0044,12,1440,6.87425,8.91134
2018-07-28,0.444388,4.43786,3.91979,3.32242,2.73847,2.0704,3.98173,3.21005,4.1214,32.4052,17.453,3.12698,1.66669,2.25311,3.90296,13,1440,-0.170325,4.71139,2.92925,2.20974,1.73239,1.77269,2.91497,2.12851,4.60956,17.5947,5.62729,2.30526,1.27511,1.65414,2.44827,16,1440,2.43497,2.5147
2018-07-29,-0.170844,4.10756,2.91824,2.75196,2.03154,1.5008,3.03706,2.7126,3.73842,14.6231,10.5238,2.51095,1.38309,1.53515,2.92866,13,1440,-0.617728,4.5171,2.5726,2.45968,2.21922,1.53885,2.77493,2.38894,4.17207,11.0164,9.46084,2.36801,1.23207,1.34052,2.59885,16,1440,2.25778,1.78584
2018-07-30,-0.452612,11.2723,9.84641,10.8181,11.9652,14.4094,10.6243,9.74954,11.3948,347.206,197.994,8.03825,5.277,4.56942,10.6383,12,1440,-2.20466,8.54364,6.14791,5.82537,5.41949,6.38882,6.32127,6.40557,9.07156,93.3692,68.5189,5.73297,3.44301,2.70491,5.90942,14,1440,6.82325,6.47859
2018-07-31,-5.57194,13.8595,12.396,11.4246,10.4514,11.2966,12.6878,10.1776,13.6485,542.71,144.887,9.5977,7.11851,5.27747,12.1069,14,1440,-5.40624,14.0482,11.9018,10.0639,9.74809,12.06,11.1632,11.4604,12.9466,636.067,233.438,10.7753,6.11144,5.7904,9.68503,14,1440,9.37502,9.38202
2018-08-01,-1.64785,11.4793,11.6605,8.61941,9.95691,9.49117,9.77662,9.08201,11.2201,1267.01,206.224,6.36979,4.70167,6.95886,8.96036,13,1440,-2.77043,14.2144,14.9562,18.4428,28.7326,30.5588,14.4745,14.0342,13.7188,981.434,698.337,13.2688,8.31857,6.63766,15.1636,10,1440,8.46635,10.4009
2018-08-02,-1.04255,7.30251,6.35459,5.78204,5.23286,3.97389,5.92256,6.03095,7.09352,76.9292,65.2866,5.91423,3.05874,3.29585,5.72275,12,1440,-2.35622,8.09274,6.64907,6.86083,6.18042,4.77849,6.15406,6.99664,7.99215,107.958,90.3931,6.65156,3.09879,3.55028,6.10002,12,1440,4.90288,4.99947
2018-08-03,-1.43105,8.36239,8.64016,10.9655,8.83909,8.86453,8.48928,7.7022,7.30381,151.413,115.889,7.17162,4.2488,4.39136,8.68238,11,1440,1.66642,7.96163,7.92707,11.7154,8.98278,8.26112,8.18881,8.00712,7.62197,89.6684,154.935,7.93455,3.64341,4.28366,9.35497,11,1440,4.88207,6.31253
2018-08-04,-5.66997,9.53405,13.7291,11.9448,13.7625,14.0604,10.7849,10.8955,8.90525,1051.86,326.904,10.9881,9.78485,3.94423,11.2719,12,1440,-2.50034,6.43593,7.80108,7.11107,8.80072,5.10826,6.7298,6.48797,6.29412,257.455,88.3642,6.74482,4.61612,3.18496,7.0205,13,1440,5.27027,8.79292
2018-08-05,0.204503,10.0759,9.86749,10.0747,11.8719,9.18854,9.14543,8.32094,10.0694,299.841,95.1808,7.47954,4.44595,5.42154,8.75499,13,1440,0.387255,5.64372,5.98925,7.95585,10.8106,8.96297,6.08398,5.92062,5.20534,154.749,86.8903,5.28374,3.42848,2.56078,6.40547,11,1440,4.41803,5.03088
2018-08-06,-1.28048,7.62326,7.47781,7.72165,6.19812,5.92404,6.94818,6.23646,6.20804,200.347,46.7627,6.17268,3.44102,4.03678,6.27107,13,1440,-0.862339,5.27365,3.49896,3.06994,2.73096,2.09902,3.72051,3.42384,5.04754,24.7151,16.7458,3.21036,1.74065,1.7583,2.96053,15,1440,3.44999,3.92702
2018-08-07,-3.1458,11.9976,16.5279,19.6638,17.1135,13.0127,14.0467,12.6711,11.3906,4335.17,994.43,10.0282,11.9595,4.56835,14.4801,10,1440,-6.91286,10.7278,18.7635,24.7372,29.569,18.5724,15.4676,14.0655,10.9411,2773.9,605.924,15.2355,13.9175,4.84603,17.3366,10,1440,6.78166,12.8911
2018-08-08,-6.69312,27.5391,21.8597,29.2202,24.7675,24.5484,26.7931,21.9737,24.664,1733.02,1029.8,19.3032,14.1277,7.732,26.595,12,1440,-6.19806,25.8062,27.6492,36.2916,21.7294,28.3802,30.6033,27.7258,25.53,1871.21,1842.25,25.0575,16.1809,11.4683,32.7873,11,1440,19.6056,18.8872
2018-08-09,3.82089,14.6489,14.7139,13.7656,17.7111,14.479,16.3256,10.363,13.3822,2255.22,344.195,8.14071,4.74339,9.97046,16.4533,12,1440,2.176,11.8858,12.0377,11.8408,15.0567,14.7181,13.55,10.6856,11.8412,605.711,390.033,10.6679,4.89804,7.13969,14.7812,11,1440,9.16321,10.7559
2018-08-10,-6.08972,22.8229,28.2244,24.9321,26.7313,30.118,30.1081,23.1347,21.7861,7891.86,1518.73,18.1862,18.504,9.72034,29.09,11,1440,-9.06664,17.6278,25.3774,30.2505,33.5249,46.9388,27.2896,19.083,18.0526,5893.3,1754.37,17.2501,19.6304,5.74701,29.2614,9,1440,14.9564,22.5356
2018-08-11,1.42758,22.5966,27.8728,21.0295,25.7144,36.8429,24.9056,16.5706,23.4066,16710.6,780.661,12.0658,7.16239,20.7104,24.6638,11,1440,-4.34865,29.9514,40.4231,37.6035,44.599,62.7982,37.8472,28.6416,30.2385,12851.8,2107.37,21.0501,15.8996,24.5235,38.5655,10,1440,17.9319,26.0901
2018-08-12,1.21175,21.5871,17.8276,10.4117,6.36637,5.72467,17.0528,15.6699,20.7087,2538.25,650.399,14.8733,10.7771,7.05051,11.9576,15,1440,0.0629346,17.9385,14.0414,12.921,11.2557,8.0245,13.787,12.6257,17.3428,949.099,432.722,10.6759,8.03337,6.00802,11.8084,13,1440,15.2613,13.9731
2018-08-13,-0.987369,11.5923,10.8867,8.9036,8.70474,6.53343,10.1692,11.5965,11.3639,310.669,291.784,9.95006,5.76444,5.12227,9.89393,12,1440,-11.34,20.6317,29.5932,34.2509,27.0861,35.8448,25.4615,30.7792,21.1631,5724.74,5053.5,23.7599,21.8105,7.78266,27.3039,10,1440,9.31459,12.8243
2018-08-14,-0.937243,21.4887,22.0639,18.5896,18.2622,22.237,22.7565,16.2356,19.87,1721.79,349.298,18.1956,11.9445,10.1195,22.7958,13,1440,-1.92102,61.4057,82.4204,78.5415,87.4099,129.282,88.8712,82.1637,65.7346,11846.9,13887.7,80.9577,41.3441,41.0764,101.483,11,1440,24.8791,32.5859
2018-08-15,1.26984,24.4557,26.5326,26.0125,20.8433,24.0581,23.6,24.1596,22.7808,2444.4,766.687,22.7261,12.5053,14.0273,23.4623,12,1440,0.968678,47.6656,50.8009,51.1271,45.6186,53.5956,50.9184,50.3111,47.0304,3400.09,2709.86,51.079,24.2503,26.5506,52.4354,12,1440,24.4099,29.1888
2018-08-16,0.708967,15.396,13.811,13.1858,14.665,16.6046,14.8317,11.9605,15.0539,431.563,183.281,10.6153,7.38903,6.42195,14.8673,12,1440,2.12928,25.5753,28.0636,31.8242,33.8299,32.2263,28.2568,26.1927,24.5958,1528.29,1016.22,24.088,13.7408,14.3229,31.0583,11,1440,14.3703,16.6023
2018-08-17,4.23039,15.8221,15.3961,12.6454,10.0503,7.26995,13.3628,15.6951,15.5591,482.972,597.4,15.2849,8.18812,7.20798,12.0027,13,1440,10.0435,27.1984,34.8631,35.698,33.6962,30.9997,30.6853,35.4245,26.8011,2394.99,2626.45,33.0197,15.8786,18.9845,31.9513,11,1440,15.0296,19.1833
2018-08-18,-3.03019,10.7931,10.2883,9.75083,7.81538,7.3657,9.27679,11.2985,9.56267,160.22,325.559,10.8956,6.30209,3.98625,9.34244,13,1440,-7.65555,33.5705,43.4703,40.9475,41.4825,29.959,39.3959,43.8391,34.2344,5938.88,6056.72,44.0477,27.4493,16.021,44.3538,11,1440,12.6454,16.2887
2018-08-19,1.39243,7.82105,7.19062,7.59973,9.6458,9.63678,6.73559,7.27164,7.6482,120.842,136.646,7.82912,3.32733,3.86328,6.71229,12,1440,1.78934,23.3656,25.5017,20.0045,24.538,19.0711,23.0482,22.92,22.427,1676.66,624.755,22.0552,13.9606,11.5411,22.4393,13,1440,8.11246,9.58779
2018-08-20,-3.49837,9.90794,8.12177,5.94176,7.25902,6.73992,8.32701,5.97677,10.1199,325.693,49.5098,6.0731,5.54652,2.57526,7.34894,14,1440,-10.1538,33.1244,32.2449,29.7147,39.3156,27.5902,31.3112,30.6927,35.037,2810.01,3202.67,29.428,22.1227,10.1222,32.4742,12,1440,12.9039,12.6932
2018-08-21,3.53649,7.32216,5.57601,5.91741,5.15954,5.63816,6.21792,5.06216,6.90611,80.3319,33.4303,4.36661,2.0743,3.50171,5.76391,14,1440,3.87927,17.1199,14.9699,15.7028,15.5389,16.2049,16.7293,14.9912,16.8851,446.116,481.838,14.6775,5.77162,9.19827,17.4858,13,1440,7.24431,6.93583
2018-08-22,-1.85522,23.2839,38.063,39.5725,40.844,42.2914,37.6144,21.5347,25.0377,21236.7,669.84,13.3482,16.2367,21.8263,41.6988,9,1440,-3.77212,36.2738,55.3193,51.9352,47.5891,52.3354,53.5578,36.4202,36.3584,27501,1364.19,34.8164,24.0165,31.3028,58.2079,9,1440,21.6802,41.3585
2018-08-23,2.54742,7.90821,5.31103,5.20784,4.09823,3.5228,5.58435,5.0669,7.12521,70.3129,29.5628,4.38062,2.01705,3.29398,4.97104,15,1440,1.89841,14.9885,16.4893,15.0056,14.126,11.8212,15.2936,14.3628,14.3653,732.115,254.577,14.648,6.45232,10.037,16.4002,11,1440,7.20615,6.85036
2018-08-24,2.3721,6.83872,6.28396,4.10776,3.3645,3.82248,5.17246,5.77626,5.58979,179.743,82.8365,5.43637,2.5505,3.73346,4.28032,14,1440,1.8666,11.0939,12.5791,9.66681,8.82406,9.47322,10.3553,10.893,10.2334,660.734,217.677,10.3387,5.17748,7.40163,9.13466,12,1440,5.54477,7.36418
2018-08-25,0.775239,5.08843,3.50138,3.7604,3.77188,2.77571,3.93936,3.16139,4.67892,19.8874,11.262,3.26953,1.65575,1.84563,3.38892,15,1440,-1.30295,4.86357,3.85469,4.53617,4.51038,3.71546,3.82574,3.72464,4.57542,21.8931,14.6715,3.5597,2.14973,1.70496,3.7772,13,1440,2.66412,2.68021
2018-08-26,-0.500833,5.17664,4.82313,4.05514,3.63171,4.35499,4.78681,4.30282,4.94174,45.588,22.6414,4.09334,2.57946,2.24367,4.46076,14,1440,-1.18152,5.18369,5.07529,4.99035,5.24163,5.53453,5.26393,4.94994,4.48627,51.8091,50.1805,4.31579,3.04715,2.02814,5.67867,12,1440,3.16457,3.81768
2018-08-27,3.06653,5.45057,4.99351,6.29904,7.52666,6.36761,5.54959,3.75834,5.24848,521.669,56.9324,2.86946,1.1847,3.80881,6.15765,12,1440,4.77671,6.23254,8.48131,11.124,14.0696,13.5425,7.79568,5.92291,5.46614,822.533,63.4741,4.7471,1.77438,6.70693,9.15683,10,1440,3.23292,4.4148
2018-08-28,2.39515,5.72525,4.54143,4.22301,4.05059,3.59506,4.81382,3.57466,5.23927,67.7948,18.8449,3.68394,1.83852,2.70292,4.76038,13,1440,2.65127,6.96436,8.27697,8.81841,8.18996,7.06987,7.71404,7.58576,6.17425,142.287,86.4963,7.35774,3.93228,4.34469,8.12348,11,1440,4.00626,4.7573
2018-08-29,-0.636409,5.33615,4.40669,3.9787,2.8069,3.89311,4.86822,4.3064,5.23941,55.0381,54.5013,3.96674,2.48986,1.91683,4.36106,14,1440,-2.41174,8.79842,9.45166,8.89421,7.37874,10.0424,9.83223,8.7345,8.33177,159.878,127.27,8.23265,5.5385,3.91316,10.3231,12,1440,4.23061,5.25284
2018-08-30,-0.661815,6.24508,5.37199,5.43102,5.24762,6.24506,5.50444,5.65993,5.96129,35.486,47.7257,5.79071,2.67476,2.69723,5.38929,12,1440,-1.57616,13.0479,15.335,13.5673,11.9554,18.2108,14.9558,14.7328,11.4668,492.133,435.394,14.2007,7.47301,7.862,15.9754,11,1440,5.79499,7.23774
2018-08-31,0.376821,4.80225,4.1419,4.02177,3.45995,3.33469,4.58911,3.69168,4.40593,30.1225,18.1947,3.64997,2.04384,2.09806,4.23508,13,1440,-0.877416,7.026,7.44079,7.64302,7.52866,7.18933,7.38677,6.976,6.34071,81.6026,69.6948,6.32828,4.12148,3.31931,7.42452,12,1440,3.4502,4.42198
2018-09-01,2.65721,4.55233,3.87092,4.33682,4.36054,3.4925,4.52975,4.23722,4.30828,34.2419,52.5018,4.48048,1.42151,2.44941,4.41691,13,1440,4.95666,9.91938,14.1426,13.9591,16.8597,15.641,13.3708,9.0552,9.66185,1638.81,153.956,8.40815,3.53267,10.6099,14.521,11,1440,3.82106,5.12963
2018-09-02,1.40672,5.58299,5.54074,4.74307,3.91848,4.58655,5.47934,5.52722,4.97062,40.5369,34.1287,5.3342,2.38795,3.15279,5.04527,13,1440,-0.101502,10.0932,13.1973,11.8553,9.80732,10.2609,12.3391,13.454,9.37498,216.814,232.244,12.5206,5.95868,7.23867,11.974,12,1440,4.64322,7.19428
2018-09-03,-0.535393,3.51539,2.99813,2.9323,3.14667,2.65327,3.17646,2.99773,2.87915,12.9575,9.8773,2.80612,1.5635,1.43463,2.92598,13,1440,-2.16262,7.84241,7.27172,7.3734,7.6341,7.32796,6.88671,7.12138,6.55189,88.8239,111.739,6.86309,4.03906,3.23266,6.48971,13,1440,3.09436,3.64486
2018-09-04,1.31365,2.52917,2.30288,2.66779,1.7171,0.859654,2.11995,2.4898,2.36124,12.0834,17.7418,2.43364,1.08617,1.21671,1.89444,15,1440,-1.31968,6.27658,6.65895,7.11139,6.96343,4.55318,6.15143,6.69737,5.18628,106.13,83.7065,6.64699,3.73383,2.92513,6.75655,12,1440,2.06125,2.93032
2018-09-05,-9.38247,15.3374,21.6685,29.1107,32.1869,30.7841,23.4641,20.3337,16.1491,4891.18,2186.08,17.9397,18.7361,2.93234,25.8462,9,1440,-22.1874,51.4415,74.22,85.702,96.0464,115.801,79.1866,68.4932,55.9287,36363,20562.5,67.7404,61.4865,12.7335,87.4773,9,1440,20.8066,33.8773
2018-09-06,-2.78453,24.8601,21.8257,37.2111,38.7429,20.3812,23.6264,19.5006,26.8808,6561.27,3208.63,16.9461,15.2313,6.59444,26.2466,12,1440,0.510662,64.1851,73.5355,104.611,122.673,34.608,73.783,62.608,68.6956,36903.8,15021,56.5473,38.7776,34.7579,79.847,13,1440,31.5938,34.372
2018-09-07,-1.86614,8.2837,8.49662,8.21686,9.42503,7.1254,8.45247,6.35575,7.5945,364.309,45.2606,6.25051,4.81886,3.67776,8.20217,12,1440,-6.51133,31.1465,36.2876,28.7594,31.7054,24.9796,32.4028,30.1007,29.6597,12049.7,1650.78,25.4193,23.61,12.6776,31.2153,13,1440,11.2004,15.0741
2018-09-08,-3.34658,11.4172,13.794,10.8182,12.6759,8.50395,12.5063,9.40454,11.1828,4368.43,307.684,6.67576,11.0601,2.73395,11.7645,12,1440,-8.99302,35.7063,47.2523,38.6738,43.3724,46.2749,38.8382,38.0577,37.5392,13409.5,4759.21,28.9463,34.3339,12.9184,40.3183,10,1440,13.5171,19.9602
2018-09-09,1.0576,9.77917,11.4042,11.5843,12.0189,13.9359,15.0221,6.77455,9.99532,3298.39,96.8979,4.97895,3.73282,7.6714,15.7625,11,1440,-0.458576,50.3721,50.3706,62.3188,55.2715,76.0535,63.213,42.8785,50.9433,8050.32,3089.99,45.7617,22.0888,28.2818,64.4069,12,1440,13.8122,16.4256
2018-09-10,0.974153,6.41798,4.97136,3.34658,3.35537,2.99693,5.06288,4.30539,5.23788,80.3975,30.7724,4.07178,2.24193,2.72943,4.16804,16,1440,0.682006,33.2788,33.2786,27.0751,27.8195,25.8337,31.251,23.3355,30.4384,4415.81,739.1,22.5014,16.4477,16.8309,31.0716,13,1440,9.45315,9.84007
2018-09-11,-0.271121,7.47135,6.34187,6.22648,6.57903,6.05136,6.31301,5.52609,5.99669,235.406,57.4301,4.96818,3.57834,2.76354,5.36128,13,1440,-6.26365,32.6622,31.6554,33.1478,41.4056,24.2152,31.2703,27.9113,29.8168,3204.6,1280.37,23.2004,18.1785,13.4769,30.1392,12,1440,9.65254,10.9018
2018-09-12,0.691971,4.81232,3.69488,3.08424,2.39714,1.84546,3.9933,3.39348,4.40053,16.6449,15.5661,3.22794,1.77424,1.92064,3.59428,14,1440,-1.11866,39.7809,49.2026,42.4995,35.8675,38.2542,51.6942,38.1269,37.8078,13946.4,1634.68,32.7988,19.5758,29.6268,54.9498,11,1440,7.89628,9.37811
2018-09-13,2.31977,5.85664,4.85481,3.99776,4.08549,3.73419,4.83773,4.71342,5.4963,40.6172,52.756,4.50436,2.12018,2.73463,4.30884,13,1440,14.0199,52.8298,51.9772,57.6725,62.2544,62.5545,53.5958,53.604,49.5112,3637.02,4438.97,53.2205,17.8019,34.1752,54.8386,11,1440,11.0304,12.6896
2018-09-14,-0.165844,7.68221,7.03192,8.75267,8.85725,7.54818,6.92249,7.1372,7.2286,186.062,153.105,6.17776,4.09249,2.93943,6.8086,12,1440,-0.886776,57.3458,65.3317,79.7577,87.4395,85.5076,64.1267,59.8817,56.8454,5428.74,4419.29,58.6344,34.8228,30.5088,67.9569,11,1440,14.0674,16.6436
2018-09-15,0.590076,3.17247,2.93319,2.72727,2.11905,1.51375,2.71378,2.9233,2.73657,16.5961,11.5937,2.8094,1.57628,1.35692,2.26447,14,1440,5.80014,29.4775,34.6312,38.6989,33.975,26.0034,32.7056,30.9533,26.8247,1803.77,1364.49,28.9955,16.2377,18.3935,33.2815,12,1440,5.18275,8.02166
2018-09-16,-0.152996,3.72168,3.59778,2.41662,1.55065,1.19686,3.76978,2.82624,3.61151,111.715,6.1505,2.55169,2.19901,1.39876,2.91992,16,1440,-0.507408,25.1845,29.126,20.7137,20.0123,14.8953,29.0018,21.6909,22.4114,3207.33,504.272,18.6054,16.3318,12.7943,27.7116,14,1440,5.81886,8.51287
2018-09-17,-4.01993,7.87418,6.74171,6.36129,6.00665,5.34137,6.15453,7.08095,7.8704,86.5593,102.387,6.58292,4.01675,2.72496,5.69799,13,1440,-11.5469,49.2656,51.1354,50.3739,44.0425,42.5442,44.7504,49.3444,49.2178,16658,6355.93,44.2298,33.8156,17.3198,44.8955,11,1440,13.6237,15.4154
2018-09-18,1.39468,4.60579,3.64602,3.47005,2.3764,2.76591,3.82461,3.89112,4.19441,21.0093,27.2903,3.94996,1.71955,1.92647,3.56901,13,1440,5.94244,38.4487,37.8418,39.1848,27.3893,35.8163,44.2971,35.5275,39.2134,5063.21,2476.71,34.2891,14.481,23.3607,45.6213,12,1440,8.13493,9.9347
2018-09-19,0.871132,14.2723,13.8007,20.6631,30.8075,23.084,18.9069,14.6424,15.9371,2087.95,4199.55,15.2512,4.60058,9.20016,21.3501,12,1440,0.775198,43.4365,30.6821,29.524,33.5439,38.298,40.2964,26.9327,42.9594,4637.63,5258.08,26.3096,13.0303,17.6518,40.5118,15,1440,18.3749,17.1027
2018-09-20,1.55407,4.42454,4.04157,4.47676,4.66533,5.1839,4.09557,4.00612,4.20686,77.1532,35.6559,3.67046,1.57135,2.47021,4.06418,11,1440,6.5539,19.0519,22.2982,28.3146,25.8054,27.3147,20.8646,18.6292,16.4654,2510.08,1286.07,18.3218,6.23768,16.0605,21.7522,10,1440,5.41075,6.94016
2018-09-21,4.03073,9.22861,7.90622,7.19319,6.50915,5.93995,7.77393,5.89623,8.58752,250.986,52.5885,5.38383,3.02013,4.88608,6.49091,13,1440,10.0693,43.4694,43.3488,64.9623,57.6845,59.885,46.7602,38.9946,45.5727,7867.89,6296.92,38.9482,15.9886,27.3602,48.518,11,1440,11.8151,12.9176
2018-09-22,-0.533599,7.54622,5.3276,4.22082,3.44196,4.04621,6.73971,5.17247,7.68871,58.3559,71.089,5.04817,2.50707,2.82053,4.99093,14,1440,-2.7501,44.2272,35.612,28.1974,21.0256,22.8809,38.2993,29.8224,42.5957,2497.73,1701.35,31.2451,17.5906,18.0213,32.3746,14,1440,11.9566,10.9329
2018-09-23,-0.224108,3.84466,2.73591,1.94382,2.04034,1.61528,2.85531,2.58064,3.64918,19.8114,11.426,2.44473,1.49998,1.23592,2.22687,16,1440,1.43769,20.9733,17.2823,14.1095,14.9961,11.9032,17.9844,16.0282,18.4173,612.783,405.79,14.4879,8.37644,8.90586,15.4015,15,1440,4.55144,5.06592
2018-09-24,-1.90549,5.6562,4.17462,3.31114,3.25552,3.65619,4.01574,3.74478,5.68877,43.2055,19.8822,3.61873,2.25446,1.92016,3.09753,15,1440,-6.96066,30.7062,23.4108,18.0762,19.2742,21.0029,22.9195,21.5759,29.864,1605.35,742.207,18.437,14.5378,8.87309,19.642,14,1440,8.72839,8.06803
2018-09-25,-2.05473,9.34474,7.26776,7.33338,5.9007,5.69413,6.91434,6.91273,9.0587,74.7195,55.4664,6.86879,4.07496,3.1928,6.02417,14,1440,-3.771,42.5819,37.8366,40.0848,35.9564,50.4095,38.2672,31.867,41.1242,2531.97,1054.71,31.7123,21.8959,15.9406,38.088,12,1440,13.9047,13.1311
2018-09-26,0.272291,5.67587,3.84973,3.20191,3.18871,3.15158,3.9557,4.04294,5.10538,15.4909,16.7887,3.90662,2.05101,1.79871,3.30984,15,1440,-2.39621,28.899,24.7872,24.1946,25.9543,29.3054,25.9093,23.8361,25.4924,818.775,848.525,23.9224,12.9715,11.8157,26.3761,13,1440,7.9848,7.89309
2018-09-27,3.40622,7.55241,5.07124,6.35945,6.9183,6.70472,5.95148,4.61058,7.03271,158.127,85.1732,4.41675,1.53506,3.53618,5.80956,13,1440,6.63528,31.4797,25.9867,30.376,33.9434,36.3699,29.1912,23.1836,31.7308,3162.45,1663.62,25.6617,7.88059,18.1061,30.1311,12,1440,11.7239,9.59843
2018-09-28,-0.818846,8.71968,7.48615,8.17492,10.3687,4.5754,7.89108,6.37547,8.72957,246.455,88.3818,5.82496,3.69798,3.78817,8.34894,13,1440,-3.23331,30.1952,24.0121,27.5839,33.0907,9.14635,27.6708,22.4717,31.1377,2237.14,1626.81,19.7769,13.2527,10.7594,30.7051,13,1440,11.5268,11.1449
2018-09-29,-0.577435,5.60122,6.37406,4.65467,5.28121,5.60054,5.16689,6.4326,5.1513,83.6638,69.205,6.18139,3.5489,2.82517,4.63849,12,1440,4.31417,35.8517,36.522,37.9192,36.6127,25.3599,37.6613,38.4375,32.9872,2533.18,2834.91,37.8604,14.8881,21.6339,38.7047,11,1440,8.54916,11.3124
2018-09-30,0.456631,4.33995,3.70301,2.6995,3.30042,2.52043,3.44956,3.57775,4.29007,42.0381,32.0814,3.35461,1.80469,1.89832,2.81608,14,1440,0.568281,19.2116,16.2762,14.6974,18.0834,16.341,16.1033,14.9748,17.0558,776.588,456.661,14.428,7.83426,8.44189,15.0471,13,1440,5.50143,6.25667
2018-10-01,-0.226013,4.86007,3.25309,2.89469,1.84201,1.54751,3.59288,3.14126,4.33854,14.62,10.6764,3.00884,1.63869,1.6144,3.079,15,1440,-0.572599,14.2187,11.3782,10.8732,7.19447,5.61955,11.7854,10.3952,12.368,216.943,147.591,9.20123,5.62263,5.75555,10.7809,14,1440,4.98684,4.88264
2018-10-02,-1.30652,3.9528,1.9663,1.427,1.44773,1.64943,2.34289,1.82978,3.33489,8.90887,5.38111,1.68394,1.10013,0.866169,1.6,19,1440,-2.58925,7.86899,5.25846,3.33109,3.85225,3.70531,5.72934,4.77165,7.16148,73.7748,28.506,4.36611,3.10675,2.15171,4.64438,16,1440,3.5234,2.19692
2018-10-03,-0.242256,4.29185,3.23904,3.95654,4.21397,2.3292,3.16781,2.97271,3.99654,21.1367,11.338,2.63239,1.78596,1.45307,2.96244,14,1440,-2.20409,14.8446,13.1897,14.6357,18.5327,12.0863,13.1051,11.9723,12.8035,530.042,208.504,11.1196,7.00585,6.18386,12.6923,13,1440,4.76431,5.43315
2018-10-04,1.27888,3.15693,2.96075,4.31826,3.5013,1.84331,3.04522,2.84164,2.59589,46.8067,26.3937,3.0978,1.09602,1.86474,3.28872,12,1440,0.852451,9.58308,9.45814,11.5951,10.9936,6.68905,8.58383,7.89325,9.29324,665.183,134.385,7.71846,3.41151,6.04663,9.08651,12,1440,2.97823,4.22803
2018-10-05,0.632833,3.71282,2.38634,1.98429,1.01352,1.16188,2.70547,2.04751,3.27317,39.0762,17.9658,1.68209,1.09031,1.29603,2.21944,15,1440,2.53212,8.7537,9.41632,11.8879,6.36469,4.46072,10.0081,8.07959,8.28558,1663.26,277.935,6.26111,2.6283,6.78802,11.0676,10,1440,3.02113,3.50919
2018-10-06,-0.625554,1.74288,1.22958,0.720992,0.589233,0.499616,1.13326,1.17462,1.37321,4.13619,3.36555,1.12791,0.702777,0.526807,0.890274,15,1440,-1.30905,4.51638,3.27306,2.51999,2.88014,2.64746,3.04332,3.27959,4.19248,16.5689,18.4858,3.31209,1.89142,1.38164,2.46799,15,1440,0.953149,1.30178
2018-10-07,0.317801,1.49683,1.42796,0.734758,0.541297,0.583902,1.30112,0.922766,1.42824,20.3288,1.35639,0.944567,0.679195,0.748765,1.26378,13,1440,0.327767,4.29383,3.94599,2.28638,2.19546,1.47198,3.65053,2.78738,3.86407,130.29,19.212,2.17907,1.72109,2.2249,3.42585,13,1440,0.758758,1.57391
2018-10-08,0.869193,2.11883,1.3052,1.59076,1.30606,0.831605,1.66757,1.17907,1.94025,7.70681,2.7126,0.956299,0.565771,0.739432,1.46212,14,1440,1.69685,6.18799,4.15214,4.97746,4.37889,3.5284,4.73749,4.11037,6.25294,109.111,101.281,3.18211,1.47051,2.68163,3.91734,14,1440,1.7924,1.6067
2018-10-09,-0.246069,1.5279,0.884292,0.747058,0.809639,0.539387,0.931305,0.859797,1.40793,1.02731,0.905642,0.84898,0.4923,0.391992,0.737486,15,1440,-0.702431,3.2054,2.12308,2.04439,2.45995,1.90742,2.02196,1.89101,2.97851,8.06946,4.76395,2.0056,1.23294,0.890141,1.86841,13,1440,0.720947,0.91868
2018-10-10,-0.385472,2.25363,1.8148,1.13827,1.37382,1.22398,1.59996,1.70272,2.08453,11.0742,4.17788,1.50032,1.09772,0.717075,1.3936,16,1440,-0.729449,3.28674,2.08429,1.66722,1.58154,1.90406,2.05796,1.84317,3.2303,10.3578,5.18644,1.65349,1.15904,0.925256,1.76169,15,1440,1.12887,1.35333
2018-10-11,-5.87455,11.9521,14.8523,15.1477,16.5879,12.3519,12.8979,13.8419,12.031,826.237,657.747,17.6177,8.76889,6.08338,12.8488,11,1440,-16.8499,41.392,58.0586,90.4262,77.7375,69.5081,57.9681,62.6838,40.7761,16290.4,26077.5,62.2863,42.5921,15.4665,63.5104,9,1440,15.689,22.7709
2018-10-12,0.722354,3.98431,2.03955,2.18947,1.42003,0.959017,2.25491,1.85099,3.67741,7.23385,5.00125,1.73089,0.972843,1.06671,1.94572,16,1440,2.76952,13.935,11.5056,13.5483,12.814,7.30435,11.6556,11.9985,12.7682,237.44,365.023,12.1656,4.71637,6.78925,11.4061,13,1440,4.65535,3.71441
2018-10-13,0.552929,1.84213,1.20073,1.17752,0.849149,0.699853,1.15879,1.09393,1.62533,3.0759,2.16309,1.05997,0.567362,0.633366,0.902784,16,1440,2.17957,7.13532,6.566,6.05643,4.53251,3.85132,6.54434,5.81243,6.69063,233.461,130.542,5.49046,2.26387,4.30213,6.09635,14,1440,1.36728,1.86033
2018-10-14,0.101166,2.31199,1.3388,1.28601,1.21824,1.47488,1.60362,1.23389,2.05958,2.9478,2.27448,1.1227,0.700919,0.637881,1.49637,15,1440,-2.15418,6.63271,4.54352,6.17925,4.0297,5.6117,5.55798,4.51215,6.53703,88.1025,57.7008,4.9195,3.00754,1.53598,5.41661,15,1440,1.69866,1.50541
2018-10-15,6.31381,59.6163,116.154,76.1652,113.879,192.567,96.3775,99.9641,67.1697,241081,72156.4,69.0518,33.4162,82.7378,102.579,10,1440,8.45423,80.6506,141.672,98.3038,140.536,240.847,123.879,131.938,79.4611,158398,42076.5,122.516,52.6336,89.0384,130.747,10,1440,52.7126,107.301
2018-10-16,0.100209,5.45725,5.85728,6.02934,7.13421,6.80577,5.18955,5.19935,4.86725,140.268,81.2961,5.50138,2.83847,3.0188,5.56463,11,1440,0.325976,10.4362,11.1163,8.91217,10.3515,8.88125,9.93608,9.2051,9.90543,1455.09,222.516,7.68283,4.34084,6.77545,10.1874,12,1440,5.08069,6.57723
2018-10-17,-0.272293,2.51776,1.90737,1.72918,1.35111,1.23204,1.90195,1.71719,2.386,7.56005,2.62189,1.93089,0.924736,0.982637,1.79284,15,1440,-1.04689,5.04187,3.79593,4.06027,3.37413,2.56945,3.93931,3.1237,3.96301,44.1049,15.1853,2.76241,1.64331,2.15263,3.72686,14,1440,1.74459,1.94308
2018-10-18,-1.82537,3.1235,2.79354,2.10591,2.364,1.63166,3.17229,2.37572,2.554,31.2243,12.1107,2.1309,1.67807,1.11546,2.96763,13,1440,-3.15472,6.67498,6.92093,5.15144,4.81674,3.7572,7.21302,6.42454,6.04051,133.461,98.8141,5.86209,3.96407,2.95686,6.85167,11,1440,2.49386,3.45169
2018-10-20,0.907511,1.44666,1.00898,1.02957,1.08552,1.13861,1.0069,0.817155,1.30925,4.1815,0.970686,0.81998,0.374104,0.634874,0.927765,14,1440,1.40953,4.17698,2.55419,2.82497,3.24194,3.60269,2.63457,2.43304,3.91937,19.0013,12.9549,2.41374,0.986073,1.56811,2.22958,14,1440,1.15814,1.12244
2018-10-21,0.0259513,1.43868,1.0897,0.529217,0.555547,0.673115,1.01075,0.898849,1.33442,7.46657,1.64152,0.941075,0.491358,0.598339,0.812175,14,1440,-0.202215,3.62798,2.65826,1.74228,1.89974,2.0759,2.71691,1.87656,3.34407,66.1992,8.62797,1.77769,1.08806,1.57021,2.29877,15,1440,1.0632,1.29123
2018-10-22,-0.135294,1.4539,1.19112,1.28942,1.0021,0.844132,1.10649,1.24286,1.34391,2.62696,2.83033,1.19614,0.638516,0.552605,1.08669,14,1440,-0.395983,3.11048,2.20131,2.40829,2.53945,1.69169,2.30752,1.69481,2.91731,14.2415,4.74276,1.66496,1.16439,1.03692,2.22041,13,1440,0.984113,1.07682
2018-10-23,-0.421632,1.37189,0.826286,0.751402,0.684597,0.626892,0.855885,0.710733,1.16813,1.18516,0.80127,0.762832,0.404608,0.421678,0.763148,16,1440,-0.397557,3.04235,2.78501,2.99597,2.58457,2.39597,2.76618,2.47259,2.81785,32.1772,14.334,2.3765,1.43069,1.35431,2.93997,14,1440,0.779551,0.928367
2018-10-24,0.182788,1.2259,0.944955,1.02565,1.13196,0.827824,1.00318,0.841324,0.985529,3.769,1.17104,0.854192,0.410188,0.534767,0.984029,12,1440,-0.243191,2.33476,1.39969,1.19058,1.12061,1.10307,1.46094,1.42717,2.12854,3.16237,4.11447,1.45233,0.705371,0.694322,1.18988,16,1440,0.650451,0.703625
2018-10-25,-0.571426,1.16176,0.857588,1.10784,1.27973,1.40232,1.0086,0.780352,1.05619,2.70814,1.65569,0.808912,0.504346,0.353242,0.926708,12,1440,-0.693904,2.7288,1.62775,2.32998,2.4353,1.97775,1.94485,1.27236,2.26445,10.028,5.2613,1.12956,0.852777,0.774968,1.79772,13,1440,0.75001,0.763919
2018-10-26,0.161326,1.55441,1.65884,0.926197,0.991501,0.893369,1.23136,1.16003,1.33929,78.9602,4.52736,0.897613,0.430626,1.22821,1.12939,13,1440,0.484286,5.38534,5.72064,5.30326,5.78653,6.02669,5.09648,1.9769,4.31108,1482.15,9.06807,1.4553,1.17997,4.54067,5.50542,11,1440,1.72899,2.65896
2018-10-27,-0.506432,0.718132,0.498942,0.546672,0.300752,0.291824,0.516657,0.422619,0.561043,0.633243,0.488748,0.466225,0.283574,0.215368,0.496633,14,1440,-0.229621,1.82468,1.04022,0.780811,0.414,0.325525,1.06689,0.791676,1.65468,3.79448,1.03849,0.858063,0.519813,0.520405,0.78935,18,1440,0.423901,0.486931
2018-10-28,-0.24116,0.862596,0.648716,0.616231,0.494507,0.377247,0.655304,0.549261,0.711779,1.51671,0.710354,0.464735,0.352644,0.296073,0.627717,13,1440,0.263775,1.9238,0.987627,0.94456,0.65126,0.538525,1.18934,0.744995,1.61141,4.05568,0.975297,0.6433,0.436015,0.551613,0.847455,18,1440,0.467417,0.421407
2018-10-29,-2.26634,2.68671,2.34931,2.49869,2.70017,2.97988,2.48093,1.79862,2.63544,104.412,9.29177,1.68402,1.82933,0.519984,2.38669,12,1440,-3.99605,6.03781,7.171,6.8401,6.81139,10.8357,6.66254,6.73656,6.26017,1240.22,568.508,4.46471,5.81829,1.35272,7.10109,9,1440,2.52785,2.67903
2018-10-30,-0.215063,1.24514,0.825525,0.86537,0.6341,0.649304,0.830059,0.754546,1.07445,1.0871,0.845835,0.723984,0.455791,0.369735,0.789608,14,1440,0.157269,2.23224,1.62721,1.42536,1.22407,1.02019,1.54592,1.39597,1.966,8.85919,3.29127,1.26053,0.644875,0.982334,1.39505,14,1440,0.644656,0.763739
2018-10-31,0.646474,2.31644,2.4218,2.84675,4.34347,5.19229,2.30233,1.81064,2.2777,79.3641,17.2761,1.42876,0.875521,1.54628,2.48005,11,1440,0.737377,5.40671,5.43273,4.68062,7.37406,9.42257,5.10236,3.23493,5.33029,528.217,36.9815,2.89218,2.19665,3.23607,5.28819,12,1440,2.35108,3.25908
2018-11-01,0.595686,1.08827,0.668519,0.4517,0.523793,0.446988,0.636229,0.616701,0.936139,1.61459,0.783882,0.594934,0.260427,0.408092,0.474574,15,1440,0.617023,2.1974,1.29457,0.745088,0.739372,0.604807,1.14459,1.31794,2.00439,4.84897,5.14574,1.27495,0.529963,0.764611,0.782129,16,1440,0.632647,0.640378
2018-11-02,0.373405,0.979737,0.653486,0.810686,0.734891,0.757826,0.665983,0.648085,0.85536,0.728148,0.551952,0.634439,0.308914,0.344572,0.631966,13,1440,1.18815,3.0113,2.47019,2.48049,2.06661,1.65584,2.3066,2.289,2.71034,35.6668,15.4611,1.88023,0.857473,1.61272,2.22194,12,1440,0.727353,0.745791
2018-11-03,-0.731455,0.860936,0.755252,0.56377,0.544942,0.53776,0.814032,0.63891,0.788789,3.87817,1.51385,0.674214,0.540852,0.2144,0.856081,12,1440,-1.01327,1.8477,1.2253,0.885465,0.931324,0.846839,1.36467,0.992066,1.71649,9.12769,2.17499,0.830956,0.788803,0.436494,1.137,16,1440,0.526708,0.682562
2018-11-04,1.53441,2.09001,1.71651,2.2093,2.1994,2.3547,2.19977,1.63688,2.03395,12.869,15.3472,1.70037,0.589784,1.12673,2.12572,12,1440,5.72388,10.2153,12.1169,23.3573,31.5847,23.6855,14.4097,12.3417,8.99112,1145.2,1975.96,12.8269,2.89783,9.21904,17.3584,10,1440,2.54752,2.67827
2018-11-05,-0.260289,1.36,1.02102,0.920582,0.81919,0.656966,0.887743,0.953686,1.28904,2.11136,1.42416,0.889924,0.511157,0.509862,0.717626,14,1440,-0.685955,4.94428,5.28926,5.24599,4.80209,5.08402,5.15608,4.73798,4.37464,86.3303,52.5215,4.42629,2.48625,2.80301,5.24434,12,1440,1.1765,1.63305
2018-11-06,0.771787,1.76864,1.10475,0.918842,0.903654,0.584449,0.971373,1.07576,1.68556,2.26105,2.26935,1.03876,0.511801,0.59295,0.855069,16,1440,4.67401,7.75859,9.34477,11.2413,10.0479,10.2424,8.15015,7.6118,7.20019,234.201,113.542,7.58963,4.03518,5.30959,8.57862,11,1440,1.51208,1.95988
2018-11-07,0.906281,2.22632,1.68453,2.29458,2.61666,1.27502,1.69683,1.7455,2.09746,16.5528,14.1184,1.72109,0.580564,1.10396,1.83708,15,1440,-0.759422,7.56366,8.048,10.8073,12.974,6.62535,8.31122,7.47735,6.61145,220.819,163.401,7.30799,3.61095,4.43705,9.55491,13,1440,2.26826,2.63469
2018-11-08,-1.51049,2.61525,1.50888,1.54538,1.86158,1.62113,1.75738,1.28538,2.43468,13.9074,2.49476,1.26986,1.03897,0.469918,1.56523,13,1440,-2.90855,6.19207,5.20423,5.92123,6.34805,6.92068,5.55947,4.94939,5.8101,124.845,52.9584,4.27499,3.4427,1.76153,5.78681,13,1440,2.61078,2.08858
2018-11-09,-0.927926,1.98696,1.28796,1.63108,1.49283,1.14533,1.40854,1.31608,1.74532,7.85951,5.23591,1.12837,0.806491,0.481473,1.27723,14,1440,-0.953827,4.04056,2.95476,3.80493,3.07659,2.00622,3.31136,2.99323,3.37659,16.348,18.7193,2.98932,1.45789,1.49687,3.08701,12,1440,1.60869,1.33054
2018-11-10,0.20322,0.975573,0.515164,0.419622,0.453549,0.624628,0.547039,0.5083,0.903892,0.316386,0.273649,0.515789,0.250803,0.264361,0.471406,14,1440,1.16977,2.04416,2.04552,1.96647,1.9012,2.50423,1.96179,1.89418,1.87938,8.4169,5.31202,1.7126,0.866748,1.17878,2.07217,12,1440,0.443336,0.642994
2018-11-11,0.260191,1.45082,1.07164,1.15159,0.997701,1.24273,1.15399,0.795962,1.19759,4.92448,0.623024,0.781963,0.515357,0.556284,1.29512,13,1440,-0.333498,3.02597,2.62932,2.0706,1.73514,2.34889,2.88104,2.19324,2.29312,25.7694,15.8144,2.01778,1.29454,1.33478,3.00857,13,1440,1.01321,1.15934
2018-11-12,0.0505314,1.51785,1.06081,0.723958,0.72826,0.664823,0.962243,0.948285,1.40657,3.39336,1.1983,0.811072,0.492338,0.568472,0.927663,15,1440,0.164539,3.23873,2.64625,1.93759,2.30298,1.81175,2.33929,2.26609,2.6497,23.2118,6.39527,2.06138,1.14124,1.50501,2.2816,13,1440,1.14161,1.25093
2018-11-13,0.0711037,2.03517,1.50469,1.4874,1.53716,1.14279,1.6748,1.527,1.84214,3.3314,2.94312,1.52007,0.707563,0.797125,1.61725,13,1440,-1.44303,4.218,3.70818,4.30433,4.13438,3.54798,4.10963,3.78942,3.97075,25.5563,29.27,3.61336,1.99766,1.71052,4.22813,13,1440,1.7584,1.86285
2018-11-15,-2.89525,43.5693,40.7066,49.9261,55.4886,55.3199,40.0447,40.8521,43.6231,4775.76,4560.63,39.8975,22.6628,18.0437,40.4632,11,1440,-1.65693,63.8145,55.8395,68.2044,74.2052,74.927,56.0693,58.6611,62.4544,7632.85,9547.98,53.3506,31.5021,24.3373,57.5933,11,1440,45.963,44.2927
2018-11-16,-1.70847,8.18389,6.99104,5.92124,5.37002,7.50572,7.77034,6.17463,7.60787,101.781,55.2346,6.10035,3.0065,3.98455,7.6502,13,1440,-4.13081,11.6477,11.0835,8.8795,7.31523,9.86898,11.1571,10.0175,10.1971,283.136,166.009,9.77665,5.09149,5.99201,10.8494,13,1440,7.12817,7.55382
2018-11-17,-0.490065,3.22471,3.65671,3.42689,3.43659,4.25947,3.06152,3.37998,2.75118,31.4962,16.5094,3.01997,1.74996,1.90675,2.99302,12,1440,-0.390836,5.96018,5.48754,5.14739,4.43161,4.75436,5.21704,5.36145,5.37248,61.9999,38.4823,4.96645,2.3479,3.13964,4.88352,13,1440,2.7099,3.56727
2018-11-18,0.597152,3.60332,2.52494,2.12073,1.97937,2.15134,2.78292,2.27478,3.10513,18.8659,5.63228,2.1299,1.24742,1.27752,2.38005,14,1440,1.55985,8.13391,7.04958,7.30131,9.64963,12.3392,7.23105,5.89257,7.66796,234.593,96.3966,5.71405,2.62361,4.42597,7.43086,12,1440,3.5778,2.96517
2018-11-19,-14.2497,45.0079,47.973,37.8279,39.998,23.3618,46.0783,45.8606,42.6207,4742.58,4041.48,43.1444,27.1351,20.8378,39.5095,14,1440,-17.1197,81.6287,83.7958,67.9221,74.4758,48.1092,80.8778,79.6294,80.8104,22415.9,14179.3,75.4696,47.3576,36.4382,70.2058,14,1440,49.7723,56.7166
2018-11-20,-7.42075,112.92,111.715,115.755,132.201,126.417,123.796,102.316,111.828,25285.4,20957,100.594,56.6494,55.066,119.872,12,1440,-11.9525,155.362,153.776,117.504,139.422,147.258,159.181,166.638,157.916,39558.2,85785.5,176.414,83.1341,70.6414,151.37,13,1440,112.912,114.701
2018-11-21,2.21724,55.0132,57.1069,55.6494,49.1492,43.2474,57.7714,57.8454,49.4375,4602.5,3786.05,49.4748,24.2636,32.8433,55.6881,12,1440,3.24234,78.8114,84.3817,82.3807,91.5744,94.1533,82.0186,78.5704,74.9573,16269.1,6994.6,70.9017,34.0117,50.3701,79.323,11,1440,56.0221,62.4869
2018-11-22,-6.4482,19.3881,19.1667,20.5682,19.7931,25.1024,19.6075,16.761,17.6417,1047.3,435.397,13.9299,11.5269,7.63982,19.0902,12,1440,-8.76495,24.5441,23.4398,24.6297,23.3255,32.1968,24.0181,20.1772,22.5864,1826.96,679.948,16.9786,15.1831,8.2567,23.4139,13,1440,17.2727,19.3293
2018-11-23,1.15147,30.7832,28.4901,25.0088,22.8239,17.955,31.3702,28.9765,28.5437,1431.94,1570.14,28.5254,13.6558,14.8343,30.762,12,1440,-1.27957,48.0877,45.207,34.5178,39.3469,31.2064,49.9806,44.586,45.4682,6131.88,7680.56,43.6366,22.5394,22.6676,48.8522,11,1440,31.8535,31.7544
2018-11-24,-11.7018,46.4709,48.6344,48.7749,55.6353,64.9376,49.3598,44.868,46.246,13446.6,6820.74,43.7151,29.5485,19.0859,49.9803,12,1440,-8.44986,47.77,47.49,45.5806,52.7053,53.8897,49.7815,42.2527,46.9294,10646,4359.23,40.8009,27.3414,20.1486,48.5913,13,1440,40.7624,44.5273
2018-11-25,3.82526,93.3057,92.2397,69.939,55.2788,56.6505,92.1602,80.3855,93.7994,27683.1,14631.9,73.7154,32.1564,60.0833,89.2299,13,1440,3.23714,120.91,124.657,89.2942,77.5508,94.2349,124.246,116.312,118.595,69627.9,44736.5,117.454,41.0939,83.5628,123.797,13,1440,93.3349,98.3283
2018-11-26,-5.62757,75.1593,70.502,67.566,64.857,54.0646,74.0472,59.9416,72.4011,12918.9,4226.99,63.1616,37.0243,33.4777,76.1199,11,1440,-6.97034,73.0762,62.5252,51.8333,60.0667,45.3722,68.3302,48.8029,67.6754,10017.4,2319.38,52.6933,33.7029,28.8223,66.5092,12,1440,65.4411,59.8853
2018-11-27,0.336289,39.3708,33.3163,33.7721,28.637,23.1088,34.8565,29.4842,37.7991,2714.55,914.185,27.8245,15.3633,17.953,32.208,13,1440,0.675344,50.1856,44.151,47.34,47.533,36.1519,48.0065,43.5131,49.7167,3909.8,4654.26,39.9456,21.7438,22.4073,48.7094,12,1440,36.7465,33.4471
2018-11-28,9.58072,35.8374,39.8205,42.7418,45.8167,49.3311,37.9137,35.4265,31.9655,3487.11,2123.15,32.747,16.0307,23.7898,39.956,11,1440,9.79744,40.1329,40.0789,47.3432,48.9606,47.0676,38.3873,39.1677,36.7218,3011.84,3336.72,38.3573,14.8539,25.225,41.6889,10,1440,30.9112,35.0051
2018-11-29,0.72401,29.6361,31.0675,32.283,37.5598,31.0745,30.2826,27.649,27.3245,1747.04,754.547,25.8161,16.7871,14.2804,31.2447,11,1440,-4.08559,36.3598,42.0148,48.9889,56.3177,37.7348,40.229,39.858,34.8242,4161.17,1473.04,36.8838,25.4454,16.5695,43.7871,10,1440,26.7935,32.1994
2018-11-30,-6.10757,32.4373,29.841,33.5223,20.6438,23.9927,29.8569,27.7867,28.564,1657.08,987.809,25.6741,16.588,13.253,30.5282,12,1440,-3.66879,28.991,25.8483,27.3235,18.7877,18.5107,26.1041,23.893,26.303,961.135,681.57,22.4702,12.9526,12.8958,26.2265,13,1440,25.8561,24.779
2018-12-01,3.61341,17.9311,16.1843,17.207,17.6182,19.0787,16.2543,13.129,16.5726,1038.33,219.687,11.0952,5.87648,10.3078,17.9764,12,1440,3.77045,18.1686,15.169,14.4408,15.9789,18.622,16.9961,15.2756,17.2035,444.917,481.996,14.0025,5.6566,9.51237,18.4171,12,1440,13.7049,13.1262
2018-12-02,-0.694767,18.6799,17.3195,17.1993,17.1917,14.281,18.0176,16.3929,15.8232,501.358,255.846,15.7477,9.60294,7.71651,18.5806,12,1440,-1.30398,13.8587,12.5076,9.47523,8.35664,6.75916,12.1946,11.9169,12.897,384.433,170.143,11.3122,7.59345,4.91419,12.6648,13,1440,12.7687,13.1351
2018-12-03,-6.88897,21.3976,21.0798,24.6454,25.4992,25.6943,22.0083,17.1616,20.4564,2797.4,629.12,14.8721,14.7789,6.30091,22.3794,11,1440,-6.93483,19.9359,18.9763,23.2491,23.914,28.7977,22.2049,14.7383,18.778,3080.01,714.484,11.6951,14.0801,4.89624,23.2039,12,1440,17.1348,18.0082
2018-12-04,1.72626,21.3622,17.809,23.2228,22.4173,30.19,19.2419,17.3789,19.2272,952.742,1157.87,16.6688,6.48003,11.3289,18.7883,12,1440,1.07911,20.3695,14.8145,18.1059,19.3433,23.4048,17.0356,13.9196,19.6241,487.387,384.778,13.7589,5.61867,9.19579,16.213,12,1440,17.3963,14.349
2018-12-05,-4.70981,17.5355,15.5681,17.1702,14.0713,16.062,15.7335,13.7609,16.0249,551.812,302.574,12.7846,9.46233,6.10572,15.4245,12,1440,-6.80253,18.8838,14.6869,15.7119,15.1624,19.191,15.1648,11.1658,17.3118,926.18,99.7195,10.5755,10.0823,4.60461,14.91,13,1440,14.8325,13.3065
2018-12-06,-7.17727,42.1503,41.3087,40.2481,41.6034,38.2654,40.4414,33.1938,38.0066,15006.6,2532.32,24.1322,15.9408,25.3678,39.3021,12,1440,-12.105,63.7603,65.6905,45.152,46.0941,61.1616,61.1389,66.5503,60.43,26639,34812.6,67.914,32.2426,33.4479,55.5035,14,1440,42.9432,42.8362
2018-12-07,-3.04408,61.0902,52.5098,63.2347,80.881,100.733,63.2905,51.4926,59.2033,12527.1,9426.09,48.2626,21.0117,31.4981,69.1483,11,1440,2.22775,109.469,127.741,173.07,240.171,294.442,142.164,142.814,98.9168,71996,93728.8,138.212,44.7791,82.9619,161.15,9,1440,68.6504,70.1321
2018-12-08,0.216598,32.2208,35.0447,46.4797,51.2598,46.2496,31.2127,32.2734,30.307,5033.79,2860.39,35.2098,14.8601,20.1846,32.5663,10,1440,-2.9114,70.8309,83.6225,103.184,120.667,115.085,77.2274,78.8029,69.1492,24800.4,11819.5,72.5506,35.806,47.8164,84.9702,10,1440,39.0204,46.7494
2018-12-09,3.86575,18.5887,19.3536,17.7479,18.0301,13.1658,17.673,17.1431,18.1596,1149.64,376.967,15.1964,7.30105,12.0525,17.3893,12,1440,3.13683,35.6929,42.0603,34.9297,34.882,27.6398,38.275,40.223,34.116,5633.92,2601.39,38.0204,16.2895,25.7707,39.6835,11,1440,20.5808,23.9673
2018-12-10,-3.2243,22.3307,23.5016,15.7633,17.8609,10.57,19.2722,19.8122,22.4848,4416.06,429.493,15.901,10.8173,12.6843,17.1227,14,1440,-3.65821,26.0787,28.4681,21.9777,28.8346,17.3933,25.7461,23.9377,24.9836,3559.32,975.468,21.1311,15.1395,13.3286,24.3112,12,1440,19.6536,23.162
2018-12-11,-1.54085,11.5938,10.0582,7.42019,5.15832,5.10898,8.95403,9.7281,10.4586,171.078,123.141,9.71942,4.70856,5.34966,8.00884,15,1440,-2.42034,16.9856,16.8736,17.7561,13.7955,15.6346,15.9385,16.8463,15.6681,504.401,378.109,16.9405,8.73404,8.13957,16.7485,12,1440,10.5025,10.7184
2018-12-12,1.89328,9.66422,7.96747,7.52752,5.32649,4.88808,7.86256,7.68944,8.33896,132.419,85.475,7.51449,3.2663,4.70117,7.98907,14,1440,1.86267,14.2369,13.5686,11.5737,9.20451,8.23423,13.8272,12.6971,12.1717,396.448,215.611,10.609,6.02877,7.53984,13.6824,14,1440,9.3152,8.83832
2018-12-13,-4.23774,11.0737,11.9563,12.0992,10.3764,10.5184,11.3066,10.3212,10.8086,425.121,313.995,10.2671,7.04428,4.91198,11.0503,12,1440,-3.49395,12.9686,16.0206,18.9782,18.5711,21.2156,14.6299,13.0766,12.5618,2061.58,590.237,12.5162,10.7395,5.2811,16.0018,11,1440,9.23206,11.7126
2018-12-14,-2.3871,12.8621,14.9116,12.7349,11.047,8.09271,12.8379,12.1388,11.5541,2520.97,339.79,10.8274,5.46177,9.44984,12.3631,13,1440,-2.96213,13.8948,14.8121,12.9361,11.3391,11.282,14.2078,13.0325,13.1027,1347.07,632.031,11.9574,6.54733,8.26476,14.4283,13,1440,10.6657,13.1927
2018-12-15,-0.386893,7.04795,5.80215,5.33969,4.56524,4.99722,6.2403,5.23524,6.08031,62.4949,25.4371,4.97267,3.19882,2.60333,5.7189,14,1440,-0.0716076,9.54047,8.63846,7.66072,7.61872,7.42986,8.73902,6.59989,7.74998,155.856,46.2405,6.07798,4.32039,4.31806,8.79391,13,1440,6.24328,5.73261
2018-12-16,0.526367,4.85998,4.89652,5.53785,7.93816,4.49902,5.13708,4.97088,4.47076,28.0939,32.4694,4.82456,2.37082,2.5257,5.30297,12,1440,1.08058,10.3974,12.1508,16.2911,22.1876,14.4784,12.4132,10.2387,8.58401,604.625,283.841,9.28807,5.25055,6.90022,14.32,11,1440,4.78085,6.23815
2018-12-17,8.32836,17.5489,23.0383,23.6934,21.9131,29.1782,21.3533,15.8759,15.971,8674.96,703.235,12.3136,5.5168,17.5215,22.3543,11,1440,10.4746,28.7249,35.0397,37.2168,38.5174,49.1548,31.5466,23.4621,29.1473,17048.4,2221.04,17.9146,8.25013,26.7896,33.3499,11,1440,18.7216,26.0334
2018-12-18,4.01894,13.7563,14.5813,14.537,17.9028,18.7803,14.9429,14.5471,12.3329,493.882,796.509,14.2662,6.36297,8.21837,16.1324,11,1440,6.55551,23.4951,31.0835,35.0386,45.9474,50.1123,31.6888,27.883,23.4502,6564.31,3566.13,23.8783,10.8498,20.2337,36.0192,10,1440,14.7872,18.7929
2018-12-19,0.252625,21.9437,29.8978,26.1579,25.1787,22.7166,26.3199,27.1395,20.6708,1216.69,662.648,25.0406,15.9358,13.9621,27.2603,12,1440,-1.65725,39.3578,58.7619,54.4483,51.8715,44.2662,50.9067,50.6387,38.9917,5608.97,2771.15,43.5387,30.1607,28.6012,54.2479,11,1440,24.3684,37.7653
2018-12-20,10.0554,47.528,49.4397,45.9262,57.6042,72.6806,49.6909,40.8423,48.5107,5696.94,1784.94,42.3424,21.8488,27.5909,49.2304,11,1440,14.4147,71.3202,73.5547,70.3615,83.5256,115.031,80.3283,66.6859,69.6176,22142.7,13524.3,61.6803,24.8564,48.6984,84.0994,11,1440,48.7096,50.1642
2018-12-21,-5.34997,36.0256,42.3629,38.7161,33.7606,30.1529,38.8756,33.5522,35.5466,4446.46,1112,31.0389,25.9555,16.4074,38.9271,12,1440,-5.73802,57.568,70.6511,75.9049,55.5105,40.2881,66.5458,61.004,55.9633,10431.9,4014.68,58.807,40.0449,30.6062,69.4797,11,1440,37.9167,48.0651
2018-12-22,2.83162,18.7326,15.6767,18.7412,17.2923,16.8225,18.0129,14.4304,18.1491,756.313,324.235,12.4982,6.28198,9.39476,17.5341,12,1440,6.7413,36.1224,35.2587,35.975,42.441,48.2467,37.4137,26.822,33.8768,3548.88,659.374,24.7071,13.9125,21.3462,36.0383,12,1440,21.0618,19.8974
2018-12-23,-0.487396,16.768,13.5431,10.3241,9.12194,6.716,14.3364,13.0409,15.9016,269.379,188.294,11.2625,6.50017,7.04296,12.9229,15,1440,11.3375,64.0717,67.2669,56.691,69.3448,69.9446,66.4526,59.5381,65.2462,8193.65,6027.57,55.1478,25.7358,41.5312,65.9494,12,1440,25.6454,23.7051
2018-12-24,1.97292,27.9158,27.3269,35.099,40.6748,52.3641,26.0686,26.9444,28.9979,2843.23,2283.46,22.8496,14.6642,12.6627,27.3539,10,1440,6.74261,136.662,156.571,219.181,222.134,244.117,154.069,147.492,139.692,105266,38081.5,135.001,78.2327,78.3387,167.826,10,1440,48.6093,49.6875
2018-12-25,-6.76623,35.3589,37.5305,38.3485,37.6834,46.049,36.8787,35.8802,35.3333,9385.44,2569.61,31.1903,24.6016,12.9289,36.8748,12,1440,-7.85707,105.158,102.646,90.513,98.6077,116.278,105.489,102.881,103.568,19634.7,24741.4,100.541,58.716,43.9301,101.513,13,1440,51.0248,53.1224
2018-12-26,0.84934,16.7855,17.752,11.7664,11.6719,10.241,15.0791,17.2774,16.0948,578.738,450.006,14.9468,8.53774,9.21422,13.1956,13,1440,1.36215,52.7214,68.9058,55.5546,54.353,47.3204,59.3915,58.9776,47.5142,15120,6066.16,52.8224,32.2561,36.6498,58.8408,12,1440,23.4261,29.147
2018-12-27,-5.7146,17.4766,15.2692,20.506,17.7608,18.2304,17.3124,16.0861,17.2898,1561.88,1226.85,14.1506,10.64,4.62917,17.6074,12,1440,-12.8079,51.1724,55.9305,60.9657,46.939,48.2551,58.8223,38.9599,51.303,31375.3,1964.75,35.5378,40.221,15.7095,58.7997,12,1440,22.6115,19.9215
2018-12-28,7.32996,21.6486,20.0811,33.8638,33.8382,34.333,27.9232,20.3012,22.6755,5193.58,3296.82,17.2481,4.60184,15.4793,30.3508,11,1440,17.3052,77.9691,83.3978,115.876,120.245,124.638,102.326,76.4273,78.5468,59831.6,35260.9,72.7318,19.7945,63.6033,107.755,11,1440,33.2479,36.2408
2018-12-29,-3.82125,20.8947,20.6357,17.8642,27.0775,22.4166,24.8917,17.4589,21.9167,6111.34,455.367,21.0575,16.2876,4.34812,26.4906,11,1440,-1.79728,88.4008,96.5027,90.9062,100.494,86.4318,107.584,79.1097,96.7446,53083.2,9736.83,86.4906,59.5613,36.9414,109.38,11,1440,35.7193,39.3835
2018-12-30,2.84364,16.5296,12.8954,8.63456,5.17391,4.22766,13.601,10.1804,13.2943,939.904,232.272,9.67548,5.22703,7.66834,9.20066,17,1440,3.60639,51.3702,46.0677,34.5356,18.1827,15.4739,43.6908,35.1829,46.897,18741.6,3911.35,27.5809,19.4203,26.6474,32.3655,16,1440,23.9535,20.4771
2018-12-31,-2.63873,12.8413,9.62156,8.96381,6.96185,8.003,10.7895,6.02993,9.86584,1297.9,132.416,4.50871,7.32038,2.30118,8.98302,15,1440,-4.69591,22.2381,17.4633,18.4434,18.0354,18.168,21.489,14.2696,19.4213,1976.51,854.906,12.68,11.0769,6.38638,20.0302,14,1440,13.6035,10.3787
2019-01-01,2.51319,8.59098,7.51224,7.77422,8.4727,8.43402,7.8362,6.31495,7.049,579.413,113.875,5.34017,2.67527,4.83696,7.36778,13,1440,5.65665,21.1182,21.2293,21.26,16.5238,15.4346,19.4133,16.8391,19.6194,1459.23,616.843,18.6163,7.02461,14.2047,19.0232,13,1440,9.42471,9.51288
2019-01-02,1.60459,8.83726,5.26218,4.2354,3.39119,2.7945,5.76154,5.4835,8.48953,42.9491,43.5989,5.13101,2.35832,2.90386,4.39746,17,1440,8.87532,34.8218,35.1052,36.735,28.2465,33.0821,35.2732,33.6252,32.1553,2278.46,1910.46,29.5733,13.3208,21.7844,35.0148,13,1440,12.8908,10.5064
2019-01-03,-2.40735,5.46025,4.77738,5.20746,4.98662,5.66941,4.58442,3.93936,4.19946,148.51,20.6081,3.59997,3.23254,1.54484,4.48451,12,1440,-3.8287,21.5928,25.5269,25.2936,19.7894,25.7072,23.589,22.0135,18.8526,933.378,515.946,22.2395,14.3617,11.1652,23.7328,11,1440,7.53648,8.36581
2019-01-04,0.66757,5.97891,4.52215,4.27654,3.47224,4.01112,4.54199,4.39086,5.75283,59.0069,35.1846,4.19658,2.11679,2.40536,4.28876,15,1440,3.80238,26.537,26.5739,31.5037,28.2949,27.6805,28.94,21.887,24.7696,2046.69,659.721,21.6681,11.2727,15.3012,29.8904,12,1440,9.09889,8.73846
2019-01-05,-0.556661,5.47942,5.05212,4.2313,3.45758,2.4679,5.04523,3.74645,4.81156,157.676,14.166,3.58574,3.12951,1.92262,4.74193,13,1440,0.564306,30.1647,32.5935,23.5858,26.5891,24.7029,33.5165,29.8423,27.7819,3623.1,1421.39,26.698,16.1262,16.4674,32.4249,11,1440,9.47394,10.6878
2019-01-06,5.58599,11.2855,14.4807,21.5472,24.8048,27.3104,15.6148,7.16146,10.8529,9484.4,491.263,4.93344,1.59262,12.8881,17.5919,10,1440,0.671691,21.6502,17.8233,17.7218,23.6346,18.9534,20.82,14.7413,20.0682,801.314,275.931,14.2451,7.11555,10.7077,19.7766,12,1440,10.9388,10.8766
2019-01-07,-0.30516,6.60641,4.31738,3.70809,3.44945,3.7828,5.0487,4.16087,5.95942,92.1208,90.3742,3.78271,2.41206,1.90533,4.19958,15,1440,-2.98175,13.2628,10.8114,10.5225,8.91608,11.0866,11.9175,9.97791,11.5334,257.821,250.721,8.73014,5.80271,5.0087,11.153,13,1440,7.19493,5.42899
2019-01-08,-0.512448,6.11814,4.83491,5.09637,4.08176,3.05295,4.90107,4.29627,4.50349,67.61,45.2617,3.9511,2.71122,2.12369,4.52754,13,1440,-1.17197,12.8774,9.79779,9.12133,8.76541,8.1065,9.91606,9.41261,11.4757,221.189,112.23,8.87875,5.56399,4.2338,8.78417,13,1440,6.12909,5.33077
2019-01-09,0.290844,3.92121,3.10834,2.22978,1.91182,1.25476,3.00014,2.7466,3.4604,41.497,6.72763,2.65112,1.74838,1.35996,2.55202,15,1440,0.338181,10.1914,7.7403,5.83753,6.03894,5.0468,8.02683,6.56577,8.71608,291.222,73.2574,5.42935,3.45185,4.28845,7.90063,13,1440,4.57744,3.8684
2019-01-10,-10.0918,20.4939,35.9794,44.207,47.4247,45.9592,34.392,22.8924,21.9976,28376.3,4750.79,24.1677,32.4898,3.4896,37.5935,9,1440,-16.9974,55.3081,100.906,86.8146,89.941,113.622,84.8696,68.8138,58.773,331553,30640.4,50.2013,86.5388,14.3667,91.6395,9,1440,28.181,54.2187
2019-01-11,0.429376,17.6889,6.90261,3.78393,4.0144,3.80651,8.03679,6.94238,14.2425,217.906,194.802,6.79988,3.4671,3.43552,4.4152,22,1440,-0.240385,26.5232,23.4227,23.0992,29.1769,28.5292,22.2308,19.9191,23.1787,2343.46,630.149,18.704,11.6026,11.8201,21.3415,12,1440,12.4849,9.67181
2019-01-12,-0.506095,5.29073,2.87717,2.43551,1.7199,1.0547,3.31751,2.63935,4.59993,28.2859,20.2887,2.71432,1.61312,1.26405,2.10582,17,1440,-1.0484,14.3057,10.6465,8.97195,7.74649,5.14078,12.3407,8.44109,10.9143,324.253,102.609,7.2589,5.16356,5.48297,11.113,14,1440,6.5192,4.07017
2019-01-13,-3.01215,8.02216,7.50103,10.3439,9.67333,12.204,7.86507,5.35894,8.19971,1644.33,171.722,3.71445,5.78937,1.71167,8.08552,12,1440,-7.74249,23.2623,21.3764,35.0826,38.7456,49.2192,23.3224,19.1512,21.2707,8100.61,1732.32,20.7796,16.6765,4.6999,27.2371,11,1440,10.5957,9.42359
2019-01-14,4.20397,9.65399,7.47415,10.8312,13.875,15.5711,10.8161,6.15669,9.85019,972.189,68.1523,6.2245,1.5383,5.93585,10.993,11,1440,10.6192,32.4254,39.4671,56.1895,98.7333,99.6001,46.9126,20.4117,31.3589,54054.7,2467.49,15.8241,5.41437,34.0527,50.3505,10,1440,13.2796,13.8242
2019-01-15,-2.03457,8.58276,6.97713,6.68255,6.41841,5.89896,6.21249,5.712,7.29099,557.667,114.196,4.98799,5.36461,1.61253,5.45859,12,1440,-6.50901,37.2367,44.8947,54.6598,49.9258,54.1365,40.3843,35.3722,28.4658,34796.6,5946.06,29.7263,35.8383,9.05645,43.5844,10,1440,13.9976,15.3826
2019-01-16,1.08554,5.51246,4.144,3.01207,2.6526,2.35169,3.95673,3.30901,5.5043,89.9442,17.3325,2.87534,1.85095,2.29304,3.16521,15,1440,2.10464,29.6622,28.8617,19.6646,18.5006,16.3859,27.4564,18.6471,26.2816,11313.9,896.112,15.6641,11.5045,17.3572,23.9813,14,1440,10.0632,8.92338
2019-01-17,0.676191,5.02269,4.38922,2.41583,1.93483,2.48714,3.0942,4.16334,4.69128,115.389,61.3283,4.26887,2.28383,2.10538,2.45322,15,1440,0.0493787,19.7944,17.2693,11.3137,9.52137,6.54925,14.5612,14.5348,17.4054,1823.29,1124.58,12.7738,8.6637,8.60562,12.0414,14,1440,7.90754,7.19242
2019-01-18,-0.591869,2.02973,1.53073,1.44138,1.86288,1.54602,1.70951,1.45005,1.84082,4.14578,2.82196,1.31071,0.91645,0.614281,1.642,13,1440,-1.96924,7.21754,6.30086,5.51108,6.20088,6.25072,6.59575,5.78098,6.32199,138.022,66.6671,5.37741,3.77157,2.52928,5.88794,13,1440,2.44749,2.29973
2019-01-19,1.94024,4.91522,7.78829,7.25464,6.60149,5.62684,6.94906,1.99107,4.22483,4115.54,19.933,1.18964,0.813007,6.97528,7.20466,11,1440,2.8376,9.73381,16.7894,14.4209,14.7843,10.7253,14.1908,4.9416,8.09647,16201.3,52.401,3.29312,2.12283,14.6666,15.4318,10,1440,4.77775,10.6683
2019-01-20,-3.49869,7.93247,9.28776,9.08984,8.97358,11.4305,10.3384,6.15776,7.15519,2410.7,130.482,5.45311,8.17068,1.11708,10.4529,11,1440,-4.2744,11.6585,10.6439,9.77604,9.63499,10.8165,12.5888,8.91093,10.4504,1180.64,184.706,7.41853,7.97394,2.66996,11.5626,12,1440,7.46747,8.5131
2019-01-21,-0.350402,3.15504,2.20625,1.55635,1.70787,0.810249,2.24046,1.99156,2.44514,17.8218,5.91071,2.10155,1.21694,0.98931,1.75898,16,1440,-1.57875,9.77558,10.8615,5.72196,6.93536,7.41784,9.76852,10.0263,6.94892,1245.56,432.538,9.10502,6.47986,4.38161,8.00915,14,1440,3.79454,3.64925
2019-01-22,1.24068,7.50741,9.21112,2.21359,2.48532,2.11849,6.76073,9.16063,6.36196,1893.95,691.535,11.9725,4.41863,4.79249,4.97574,10,1440,1.86777,15.9999,21.5884,8.64066,5.66128,6.64587,16.9995,17.1798,14.129,10094.7,2018.1,16.0293,12.2981,9.2903,14.3564,10,1440,8.87226,12.4796
2019-01-23,-0.508441,2.70573,2.82098,2.44858,2.99864,3.16783,2.32034,2.2895,2.52922,54.7381,7.00884,2.71375,1.60101,1.21997,2.15865,11,1440,-1.1697,4.56164,5.2448,4.95968,6.00199,5.28905,4.32605,4.55012,4.25653,159.11,43.0217,4.65417,3.13952,2.10528,4.31448,11,1440,2.55955,3.34955
2019-01-24,0.471749,2.36642,1.98823,1.71546,1.69238,1.50949,2.11739,1.94649,2.215,7.99372,7.10799,2.16786,0.893063,1.09517,2.02308,14,1440,-0.0429498,6.29574,4.52231,3.9682,4.15914,3.53711,5.00083,4.28343,5.86713,57.8194,36.9897,4.28015,1.96046,2.56185,4.34063,15,1440,2.58746,2.18492
2019-01-25,-0.121375,2.61013,1.83657,1.26939,1.08096,1.20515,1.76056,1.84306,2.01441,10.5965,6.05079,1.72783,0.951589,0.88498,1.28227,17,1440,-1.10584,7.98871,5.23448,2.19815,2.60097,1.32167,5.78204,4.84293,5.43476,355.762,99.955,4.49266,2.20936,3.02512,4.35363,15,1440,3.11358,1.96119
2019-01-26,-0.00112193,3.26261,2.88714,2.80564,2.38246,2.45853,3.36699,1.51496,2.62762,172.461,5.57202,1.27203,0.932495,1.95465,3.07422,12,1440,0.19961,2.60833,1.95427,1.7626,1.62857,1.40375,2.15879,1.78668,2.51575,7.83051,7.38576,1.64968,0.865891,1.08837,2.01134,14,1440,1.80593,1.73274
2019-01-27,-0.404998,2.89465,2.0709,1.80235,2.01105,0.927405,2.41757,2.12846,2.60955,10.8749,9.36341,2.11498,1.08919,0.981712,1.98171,16,1440,-2.89391,5.71264,5.16977,5.11182,5.77931,2.97887,5.19415,5.00728,5.24028,101.362,80.7139,4.48533,2.80941,2.36037,4.85599,15,1440,2.90235,2.5806
2019-01-28,-3.34148,5.43807,5.33203,3.45063,4.20713,4.57776,5.45892,5.03456,5.25396,70.7516,81.5887,4.90638,2.75093,2.5811,4.67658,12,1440,-6.02342,14.2781,16.9562,16.3214,19.1225,18.97,18.6538,16.2303,12.9337,489.851,389.482,18.2011,9.7118,7.24436,19.3759,10,1440,6.55931,7.37337
2019-01-29,-0.675221,3.39401,2.90742,2.67839,2.74843,2.13307,3.09906,2.84554,3.13528,14.8578,10.6614,2.90795,1.38981,1.51761,2.73541,14,1440,-1.00025,9.65654,9.0042,8.39717,8.83556,4.83451,9.79897,8.48785,8.91927,88.0197,72.7956,8.714,4.46293,4.54126,9.34458,13,1440,4.15738,4.00722
2019-01-30,1.37252,3.03889,2.63102,2.02925,1.65484,1.83422,2.72891,2.56541,2.80618,9.3317,8.31791,2.51973,1.14014,1.49088,2.43769,14,1440,3.61043,11.8012,13.3977,11.6939,7.95545,10.3572,12.1459,7.22088,9.16513,3187.47,94.414,7.5321,3.70249,9.69524,12.3844,12,1440,3.50352,4.2042
2019-01-31,-0.698756,2.64134,2.13517,2.33141,2.25347,2.53738,2.17416,1.96871,2.43376,9.71595,6.25927,1.84397,1.22605,0.909113,2.21188,12,1440,-1.72314,6.67462,5.41944,6.08319,6.30563,8.82755,5.7708,5.28248,5.92716,37.1094,29.7812,5.0934,2.85787,2.56158,6.06348,12,1440,2.69277,2.43404
2019-02-01,0.811179,2.5911,1.87745,1.84954,2.06318,1.41822,1.95707,1.77398,2.39007,4.89751,3.4594,1.68693,0.815138,1.06231,1.83124,13,1440,0.272083,7.00773,7.40355,7.81843,9.4285,7.60382,6.75176,6.75911,6.04652,239.553,92.8676,6.36428,3.84937,3.55418,6.97898,11,1440,2.90129,2.83492
2019-02-02,1.22582,2.27609,1.67631,1.73287,1.61512,1.81408,1.67202,1.6266,2.11324,4.28508,4.50492,1.71028,0.773995,0.902318,1.57056,14,1440,3.3989,4.85506,5.5062,6.04378,7.1232,8.10611,4.98104,5.4213,4.17901,143.968,145.193,4.85007,2.00408,3.50212,5.42589,11,1440,2.1168,2.19741
2019-02-03,-1.34027,2.37972,1.9348,1.59478,1.44931,1.35727,1.76061,1.87679,2.1325,7.05726,5.89529,1.97932,1.11847,0.81633,1.38534,15,1440,-2.81036,5.402,5.33133,5.03428,4.28337,3.24838,5.04442,5.26658,5.07483,44.2705,42.9294,5.25101,2.79144,2.53989,4.79758,13,1440,2.49343,2.58597
2019-02-04,0.14766,1.98661,1.51351,1.20639,1.13186,0.996876,1.69819,1.41126,1.88249,4.80682,2.69005,1.35596,0.85263,0.660883,1.35843,15,1440,0.297619,4.17365,4.11499,3.28022,3.70371,2.78534,4.30626,4.26668,4.09409,55.0997,105.013,4.38532,1.94046,2.17453,4.06792,13,1440,1.67993,1.81347
2019-02-05,0.241391,1.54917,1.33965,1.06969,0.710738,0.524092,1.18797,1.28832,1.42047,2.64819,3.11666,1.34545,0.606643,0.733002,1.03795,15,1440,-0.381485,2.60547,2.56188,1.67055,1.32649,1.028,2.11453,2.29346,2.3865,24.9223,15.4449,2.6158,1.23087,1.33101,1.72055,16,1440,0.870897,1.18016
2019-02-06,-1.92591,4.27057,2.42836,2.46748,3.04205,2.78316,3.51602,2.59774,4.10011,29.4137,64.8348,2.44015,1.62777,0.800589,3.21046,15,1440,-2.61619,14.2973,15.339,11.079,16.4603,16.1185,20.3813,16.4128,11.3437,2233.88,2781.03,14.8044,9.3122,6.02677,22.3113,11,1440,5.54285,4.57903
2019-02-07,-0.204886,1.22699,0.868932,0.552256,0.46427,0.385294,0.875388,0.854746,1.08544,1.02495,0.844304,0.882868,0.474678,0.394254,0.647231,16,1440,-0.0191406,3.72243,3.06959,2.14113,2.22697,2.17003,3.41492,2.99346,3.35163,13.3845,9.46197,2.88537,1.5681,1.50149,2.83901,15,1440,0.982631,1.05869
2019-02-08,7.38961,12.2263,21.8181,24.4299,34.4502,29.9449,19.3514,25.8238,11.1169,10856.1,15333,27.9623,3.8868,17.9313,22.6477,9,1440,13.2226,34.2575,43.1318,38.0912,56.5815,54.3257,42.222,45.6405,29.7941,15488.7,32187.4,41.7321,10.9823,32.1496,47.5509,11,1440,15.8479,25.3547
2019-02-09,0.167663,2.41012,1.94451,1.28758,1.14156,0.835346,1.97343,1.92129,2.17051,5.98337,5.55202,1.79929,1.03536,0.909148,1.29836,17,1440,-0.0503271,6.45925,7.95441,5.09172,4.94504,3.57707,7.16963,7.52804,6.48469,171.584,138.362,7.60233,4.4159,3.53852,6.2314,14,1440,2.66155,3.17571
2019-02-10,0.405161,2.89415,2.07994,1.93214,1.82181,1.70083,2.08145,2.01666,2.82787,9.74491,6.9737,1.9062,0.930813,1.14913,1.64465,15,1440,4.85544,14.6591,13.852,20.843,23.2953,22.367,13.6026,11.5619,12.1623,1971.99,486.185,9.58105,3.40337,10.4486,15.1664,11,1440,4.53899,3.5834
2019-02-11,-1.34072,4.18958,2.87085,2.03394,2.36392,1.92733,2.92554,2.71222,3.44363,37.054,7.94485,2.44974,1.8145,1.05634,2.27101,14,1440,-3.43922,14.8111,15.128,14.6176,16.9738,18.5777,14.6187,12.9131,14.328,2005.8,183.933,11.339,10.2251,4.90282,14.2813,11,1440,4.86612,5.64536
2019-02-12,0.0112909,3.73732,3.02337,2.71726,2.01303,1.79762,3.42834,3.08909,3.33004,18.6903,23.4694,3.20282,1.83659,1.18678,3.28191,12,1440,1.2495,9.48321,9.81113,10.527,8.03496,8.6828,10.1993,9.76973,8.64594,219.9,292.88,9.01041,5.04835,4.76278,10.3178,11,1440,4.4102,4.58188
2019-02-13,-0.609322,2.05947,2.22273,1.20806,0.992229,0.895536,1.97543,2.31457,1.9495,6.80052,8.69413,2.19475,1.19019,1.03253,1.71723,13,1440,-0.450322,7.75906,8.32885,4.91201,4.85334,4.22572,7.88231,8.40591,6.3129,129.943,104.284,8.54662,4.14254,4.18631,7.53041,12,1440,2.69486,3.56482
2019-02-14,-0.523337,2.40104,2.34465,1.13178,1.14142,0.922784,2.02278,2.4375,2.18749,10.3809,13.0181,2.4476,1.16766,1.17699,1.28686,16,1440,-1.18872,6.87429,7.23992,5.9344,7.9809,8.41135,7.60599,6.57733,6.3737,87.6686,51.5028,6.1395,3.69826,3.54166,6.91666,12,1440,2.71501,3.3158
2019-02-15,0.331154,2.74795,2.99042,1.25155,1.2147,1.54956,2.71852,2.71971,2.76,129.002,50.1897,2.54289,1.90302,1.0874,2.08243,11,1440,1.03268,6.1037,6.16527,3.33223,3.09419,3.72143,6.30008,5.26238,5.72681,417.99,139.736,4.60185,3.58638,2.57889,5.12151,12,1440,3.07387,3.815
2019-02-16,0.441498,1.99319,1.71796,0.962413,0.746317,0.590352,1.61155,1.67912,1.84292,10.0272,5.66789,1.55675,0.936879,0.781083,1.11151,16,1440,0.818536,4.95203,3.69311,2.11516,1.64079,1.98777,3.85445,3.48873,4.45557,24.0987,14.1483,3.1999,1.97363,1.71947,2.42513,18,1440,2.00586,1.89909
2019-02-17,1.34973,3.94828,3.00254,2.90874,3.18841,1.26595,3.52096,3.0745,4.00928,35.3003,27.0678,3.14939,1.43411,1.56844,3.27463,13,1440,8.64746,22.3499,15.6683,17.4233,20.3815,15.7999,20.208,15.638,19.573,963.96,568.644,16.1769,6.11106,9.55727,18.9625,12,1440,6.81733,5.65944
2019-02-18,6.10855,13.3625,12.5485,8.4731,8.65156,6.85975,12.4171,13.1412,13.4484,340.674,357.122,13.0857,5.84727,6.70122,11.4017,14,1440,8.55087,29.9863,38.7262,32.341,25.471,25.1386,34.2341,40.1747,31.0149,3622.53,3733.43,35.4797,19.5942,19.132,34.8413,13,1440,16.0626,19.3602
2019-02-19,0.235448,8.52013,10.3689,8.33186,7.42815,10.5196,8.85263,10.1505,8.13685,209.388,212.773,9.498,5.49216,4.87673,7.76474,13,1440,-1.55642,16.3432,20.1645,17.5097,19.2128,26.6991,16.5548,20.5883,15.5131,824.52,938.333,19.1878,11.1654,8.99911,14.8171,12,1440,8.99302,12.5415
2019-02-20,1.57286,4.27677,4.11176,4.07218,3.85441,3.53123,4.41777,4.26464,4.13877,18.0381,21.6963,4.32871,1.84472,2.26704,3.83178,13,1440,3.4264,15.0414,15.1666,15.8023,16.2443,15.8948,15.8756,14.9937,14.277,363.434,312.236,15.5029,7.34961,7.81699,14.5497,12,1440,6.12109,6.74672
2019-02-21,-0.820285,4.53317,3.5068,2.88981,2.37888,2.63112,3.91907,3.69113,4.34324,24.2459,20.0979,3.58542,1.92529,1.58151,3.40995,14,1440,-1.86998,11.9747,9.49899,9.0578,9.09572,11.1906,10.4806,9.74642,12.0235,183.196,137.982,8.87691,5.51188,3.98711,9.81412,13,1440,5.70097,4.92732
2019-02-22,0.62512,2.97778,2.62112,2.22483,1.67417,1.28296,2.53789,2.30666,2.95337,17.6932,5.68268,2.20086,1.26901,1.35211,2.2386,15,1440,1.13975,6.95218,5.57515,6.32451,5.30092,4.94558,6.20728,5.76767,6.88173,49.3325,49.24,5.46885,2.57119,3.00397,5.83387,13,1440,3.42197,3.15202
2019-02-23,3.85604,8.1099,7.3084,5.67422,8.21749,12.6108,6.47783,8.73765,8.45195,366.797,722.495,8.99668,3.18639,4.12201,5.37416,13,1440,6.83865,16.8449,17.7947,17.0002,20.3318,25.938,20.5966,16.9666,18.3759,6261.68,2176.71,13.607,4.19229,13.6024,22.1711,11,1440,8.46086,7.55072
2019-02-24,-9.52723,31.2682,40.4826,54.414,59.2729,67.6272,47.9588,18.7213,32.1819,63747.3,3751.67,18.7072,35.734,4.74865,51.3035,9,1440,-17.7706,96.9535,129.884,210.545,206.266,235.169,140.37,54.7407,98.2176,392787,32733.9,90.0572,113.139,16.745,148.864,9,1440,47.0806,66.3903
2019-02-25,2.22845,7.00534,5.28745,4.26595,4.5683,5.54196,5.84211,4.88195,6.86426,64.846,31.393,4.56605,2.57162,2.71583,3.74305,15,1440,4.2752,28.344,24.1662,22.4731,26.0358,30.6222,26.2785,17.9924,26.2691,1964.16,557.889,16.2943,11.1807,12.9855,22.3681,12,1440,11.4704,9.59338
2019-02-26,-0.489451,4.18545,2.43087,2.3694,1.98363,1.08042,2.84467,2.33092,3.61156,20.3331,8.41004,1.96765,1.40216,1.02871,2.34466,15,1440,-1.204,15.2866,7.82765,6.98312,4.9183,3.82751,9.12591,6.99084,14.1666,93.9831,68.0605,6.79078,4.18077,3.64687,6.92943,16,1440,6.1936,3.3134
2019-02-27,0.231799,7.93102,8.99407,5.86726,5.2954,5.69641,7.80715,7.24028,8.87791,2371.99,702.268,5.58483,6.14504,2.84903,6.05977,15,1440,-0.884831,26.1085,47.7751,25.8226,27.8456,35.3277,31.1773,40.504,22.0056,75757.1,19623.5,33.2595,33.139,14.6362,27.032,13,1440,10.7926,19.6602
2019-02-28,-0.114783,7.41606,4.79504,1.93662,1.55598,1.59897,5.97348,5.24163,7.5242,135.948,120.912,4.78449,2.36398,2.43106,4.14898,15,1440,0.236722,28.2326,20.3203,9.29058,6.67813,6.06958,21.057,22.5467,25.7503,1345.6,2039.77,22.3796,9.678,10.6423,16.0775,14,1440,11.008,8.52765
2019-03-01,0.243823,2.63747,2.16824,1.89335,1.06316,0.796073,1.46463,2.06233,2.64693,46.7701,9.43418,2.15437,1.26068,0.907551,1.01108,18,1440,-0.0147787,6.56492,5.84877,4.44399,3.41546,2.20047,4.27976,6.06134,6.44992,174.96,69.3602,6.06255,3.11512,2.73365,3.27954,17,1440,2.89875,2.9388
2019-03-02,-0.0803357,2.93867,1.64833,1.62762,1.13185,0.909669,1.72421,1.68852,2.78503,5.17644,7.38575,1.63959,0.869501,0.778832,1.42563,16,1440,-2.0607,12.8441,10.9331,11.0536,9.61968,6.17966,10.0576,9.70282,11.5682,288.608,246.192,9.61765,5.90761,5.02547,9.1232,13,1440,4.44481,3.31312
2019-03-03,-0.319363,2.24024,1.27413,1.17852,0.784973,0.538083,1.50072,1.354,2.11668,2.58665,2.99615,1.34852,0.686043,0.588091,1.15086,17,1440,-1.48962,10.6638,6.96438,7.86044,7.40933,3.65577,7.33468,6.33698,9.15122,205.261,209.746,5.95172,3.57608,3.3883,6.41296,14,1440,3.28643,2.14527
2019-03-04,-2.4579,4.75646,4.87046,4.96454,4.42131,3.46583,4.42061,4.93599,4.19027,42.8634,42.6181,5.08931,2.84511,2.02534,4.3994,12,1440,-3.8639,12.228,12.5374,10.887,9.79744,7.00329,11.0766,13.0015,11.5135,181.836,193.234,13.2482,6.3791,6.1583,10.3575,13,1440,5.34337,6.47611
2019-03-05,3.76195,5.4593,5.44925,6.14054,5.95335,7.46295,4.49383,5.00176,5.18141,140.682,78.1915,4.80177,1.79264,3.65662,4.33269,12,1440,8.44348,20.4106,18.8255,21.3496,20.6451,26.9371,15.3105,17.094,20.9852,3664.89,1002.52,13.566,5.03055,13.795,15.5588,12,1440,8.17516,8.53269
2019-03-06,0.106483,3.32595,3.11191,3.6167,2.4856,1.4515,2.77521,2.58411,3.27443,57.627,10.1894,2.46174,1.87941,1.2325,2.54684,13,1440,0.496134,16.5491,20.1219,25.0949,9.93144,8.2131,17.6529,17.7692,13.9128,2486.2,766.979,16.5363,11.9767,8.14515,18.4647,10,1440,5.56219,6.96141
2019-03-07,0.305088,3.59765,3.18664,2.6212,2.76748,1.89475,2.89129,3.24075,3.29222,15.2368,15.183,3.2835,1.59274,1.5939,2.42344,14,1440,-0.430328,9.56519,7.52384,6.67336,7.66168,5.56713,7.6653,7.20815,8.88055,81.9353,62.9257,7.18608,3.88321,3.64062,6.7628,13,1440,4.35298,3.96226
2019-03-08,-0.226141,5.17202,6.45523,3.59776,4.15791,3.13387,5.76535,4.88244,4.84333,827.384,93.0507,3.72425,4.49767,1.95756,5.44777,14,1440,-2.43418,13.9996,16.4669,14.9546,16.6979,9.56466,16.6687,8.83407,13.804,8693.98,311.771,6.33454,12.9425,3.52441,17.8488,12,1440,5.98615,8.94715
2019-03-09,2.00188,3.86155,3.33239,2.93602,1.97623,2.23646,3.19558,3.0411,3.78433,26.9002,17.4477,2.95234,1.39808,1.93431,2.94179,14,1440,2.76985,10.3503,7.18644,6.72984,5.63498,6.27505,7.53745,6.68801,9.89734,130.931,55.3782,6.1709,3.08015,4.1063,6.83791,14,1440,4.2848,3.62463
2019-03-10,-0.66719,2.1846,2.01237,1.63947,1.40436,1.0911,1.80692,1.78012,2.12191,11.5139,3.27657,1.74121,1.19461,0.817757,1.60084,14,1440,-1.3938,4.87536,4.40751,3.83925,3.2794,2.77288,3.87262,4.03857,4.62889,55.2032,21.6308,3.62289,2.62907,1.77844,3.41923,13,1440,2.10886,2.36495
2019-03-11,-1.16097,3.3357,2.62011,2.0682,2.52828,2.83347,2.68501,2.33073,3.00598,10.7203,9.30186,2.30926,1.45018,1.16993,2.52956,14,1440,-2.01469,6.33805,6.21158,5.0033,6.21817,6.37198,5.67168,5.32691,5.92483,68.3269,42.5888,5.27726,3.43764,2.77395,5.41354,13,1440,3.26679,3.38451
2019-03-13,-0.431813,1.89219,1.54549,1.42827,1.49701,1.26243,1.59738,1.42872,1.82099,3.70933,2.78854,1.45636,0.792718,0.752774,1.70299,13,1440,-1.44788,4.27945,3.40775,2.46828,2.52363,2.1874,3.38177,3.05674,4.07951,19.6536,10.1754,3.16378,1.75975,1.648,3.11968,14,1440,1.67784,1.82698
2019-03-14,0.287223,3.71591,3.67471,2.76743,1.31269,0.512693,4.05449,2.05405,4.10112,438.26,13.5558,1.78221,2.62037,1.05435,3.38829,14,1440,0.416904,9.22369,8.21123,7.66978,1.77625,1.20224,9.7675,4.00764,9.13279,2219.47,97.3624,4.25703,5.6667,2.54453,8.95336,13,1440,4.30675,5.03363
2019-03-15,1.19578,1.56688,1.42186,0.988878,1.10661,0.874781,1.25221,1.36786,1.39791,3.72504,4.43696,1.15089,0.657331,0.764526,1.12885,14,1440,3.24482,4.78208,4.47069,3.66171,3.44188,3.86221,4.1397,3.83648,4.59587,48.3664,30.592,3.70412,1.90159,2.5691,3.99394,14,1440,1.65034,1.87861
2019-03-16,2.07379,3.74678,3.27125,2.78862,3.1198,3.75465,3.26258,2.98932,3.54278,50.4718,22.0939,3.25623,1.37639,1.89486,3.52858,12,1440,3.14283,11.1661,11.1665,9.58307,12.4199,15.2731,11.2431,11.5487,10.9778,843.279,708.255,11.1383,4.21335,6.95315,12.5284,11,1440,4.74884,4.87797
2019-03-17,-0.622003,1.99749,1.35968,1.25798,1.06679,0.933394,1.57561,1.28257,1.80547,3.48986,2.14419,1.17649,0.805979,0.553697,1.46047,15,1440,-1.60953,7.2988,5.68129,5.32408,5.04419,5.10966,5.89805,5.34636,4.72938,170.284,63.5819,4.80184,3.46245,2.21885,5.70758,13,1440,2.46616,2.13578
2019-03-18,0.1674,2.07315,1.8483,1.76606,2.04336,2.08517,1.77227,1.68712,1.85835,10.9073,7.835,1.46533,0.855706,0.992594,1.70438,12,1440,-0.781876,6.09342,5.44393,5.83833,7.40516,7.77279,5.42044,4.9406,5.82211,88.9145,64.7969,4.40317,2.69631,2.74762,5.37577,12,1440,2.34441,2.60183
2019-03-19,0.692714,1.58439,1.36124,1.22366,1.37013,0.720702,1.39931,1.38147,1.51434,2.56029,2.2807,1.31947,0.636053,0.725186,1.36165,13,1440,0.695302,3.49568,3.04026,2.34184,2.45003,1.92131,3.13622,2.89104,3.18128,22.0353,14.5318,2.71807,1.24143,1.79883,3.08117,13,1440,1.41671,1.60225
2019-03-20,0.682754,2.44196,1.94589,1.42351,1.48425,1.55501,1.73591,1.73534,2.30299,9.95959,4.71735,1.49564,1.05715,0.888744,1.45695,13,1440,0.33146,4.45491,3.17688,3.11829,3.71975,4.49327,2.96343,2.74349,3.79668,57.8769,23.2296,2.35217,1.89691,1.27997,2.51769,13,1440,2.16387,1.96972
2019-03-21,-1.55543,5.11211,6.38653,7.47532,10.8114,11.1245,4.79944,6.38816,5.18239,819.665,431.569,7.48823,3.51398,2.87255,4.23705,9,1440,-3.03828,7.2625,9.14077,11.6035,16.6786,17.6988,6.67481,8.38753,6.79706,1508.44,479.916,9.02796,5.6115,3.52928,6.18634,9,1440,4.75923,7.07207
2019-03-22,0.15789,1.22024,0.816375,0.793236,0.522987,0.384957,0.827624,0.808902,1.06442,0.785204,0.82073,0.772464,0.397191,0.419184,0.664678,16,1440,0.834477,2.42589,2.04081,2.17794,1.7757,1.4765,1.89911,1.88029,2.26481,6.41896,5.4335,2.12583,0.905748,1.13506,1.85717,13,1440,0.887358,0.878582
2019-03-23,0.477422,1.50951,1.27038,0.982371,0.673955,0.942702,1.14057,1.24815,1.35663,2.71502,3.55913,1.21477,0.691225,0.579154,0.909438,15,1440,0.951482,3.11587,2.23102,2.24198,1.64622,2.05489,2.21545,2.1844,2.6916,12.1795,7.85008,1.9266,1.08873,1.14228,1.82562,14,1440,1.22156,1.27132
2019-03-24,-0.345829,1.51644,1.12952,0.791993,0.780869,0.446875,1.06319,1.2402,1.41699,1.71152,2.4873,1.26527,0.599891,0.529631,0.780761,17,1440,-0.87062,3.45245,2.60305,1.9832,1.24279,0.907756,2.56864,2.79657,3.00969,23.3569,27.1667,2.7822,1.35263,1.25042,1.51752,17,1440,1.34524,1.21667
2019-03-25,-1.4142,2.76733,2.55429,1.58063,2.27019,2.65767,2.31422,2.68049,2.64223,28.9792,43.4943,2.48361,1.45931,1.09498,2.14898,14,1440,-1.56259,4.15014,3.17394,2.224,3.03501,3.54763,2.95792,3.3388,3.9661,25.8514,35.6736,3.26185,1.8278,1.34614,2.50275,14,1440,2.29686,2.27637
2019-03-26,0.315296,1.4884,1.32549,1.16383,1.13335,1.44125,1.3064,1.21693,1.35813,2.537,1.89524,1.22162,0.623425,0.702068,1.30452,12,1440,0.149165,2.75641,2.14616,1.63828,1.61066,2.09521,2.10371,1.89822,2.43113,15.5096,6.51654,2.01752,0.990613,1.15555,1.79625,15,1440,1.1976,1.22079
2019-03-27,2.24135,1.86648,1.76233,1.42629,1.34239,1.44904,1.62951,1.81293,1.77063,6.46398,8.18871,1.98562,0.67962,1.08271,1.60833,11,1440,3.85239,4.26844,4.47938,3.54088,3.97472,4.26924,4.25614,4.91205,4.03279,68.8123,76.354,4.50165,1.56781,2.91157,4.33734,11,1440,1.82981,2.21777
2019-03-28,-0.25391,1.19496,0.938869,0.852256,0.781487,0.510147,0.904951,0.858336,1.0678,1.57124,1.3829,0.816887,0.50586,0.433008,0.78214,12,1440,-1.14674,2.37231,2.05934,1.49862,1.59498,0.863296,1.71126,2.19689,2.09064,9.47694,14.6977,2.00611,1.29093,0.768411,1.29003,13,1440,0.896349,0.967832
2019-03-29,1.85565,2.65943,2.82297,2.68884,2.49403,2.86184,2.65011,2.83098,2.66926,32.0579,21.9637,2.53355,1.51061,1.31236,2.69577,11,1440,3.83527,4.9493,4.51818,6.11583,4.54515,5.94511,5.0444,4.85821,5.41752,197.922,171.568,4.34244,1.25872,3.25946,5.46912,10,1440,2.45758,2.47774
2019-03-30,0.0906188,2.40971,1.76775,1.74823,1.75097,1.76748,2.03138,1.5383,2.1777,5.2354,3.1526,1.48668,0.883889,0.88386,1.90547,13,1440,-0.55301,5.6002,5.27146,5.07171,4.65285,4.5869,5.2892,5.17219,5.06707,78.6338,95.0181,4.79108,2.48621,2.78524,5.04922,12,1440,2.45761,2.23208
2019-03-31,-0.0735606,0.956941,0.663386,0.63268,0.736085,0.758565,0.74422,0.683877,0.889285,0.466563,0.557255,0.69308,0.352347,0.311039,0.671308,13,1440,-0.760996,1.92634,1.53216,1.52515,1.81074,2.15699,1.5199,1.45764,1.84568,3.03034,3.15279,1.56714,0.89277,0.639392,1.40316,13,1440,0.623076,0.603125
2019-04-01,0.984671,2.0693,1.60537,1.70305,1.51392,0.730867,1.69982,1.67343,1.88309,6.84763,10.9751,1.58872,0.768729,0.836639,1.59921,15,1440,-0.099073,4.48381,3.20067,2.86733,2.78837,1.64356,3.46227,2.82688,4.13514,24.5117,12.4987,2.62798,1.5335,1.66717,2.96392,16,1440,2.11362,1.71297
2019-04-02,15.8684,42.3815,65.8517,74.9151,119.902,73.9565,67.6997,62.4272,43.145,37533.3,17878.4,45.2442,16.3796,49.4721,73.8741,10,1440,14.519,37.503,43.1862,31.8164,37.4591,40.7533,43.8336,47.0324,39.94,6918.26,9503.2,46.3683,17.0375,26.1487,40.6647,11,1440,29.196,38.7144
2019-04-03,1.53856,82.5657,63.4934,57.4738,48.6732,45.717,68.0397,54.4184,82.5739,39948.8,11972.1,39.1995,44.1472,19.3462,50.8569,14,1440,-2.07265,115.35,135.39,124.081,110.607,115.04,134.439,123.175,120.761,115724,70497.7,99.4083,87.785,47.6049,129.542,11,1440,74.9745,85.9526
2019-04-04,-0.690453,14.8835,17.5214,19.0904,15.6459,13.3181,15.4004,18.3932,14.2717,426.586,380.648,16.5396,9.26874,8.25268,15.3556,12,1440,-1.63876,27.9718,33.7021,31.2288,25.2258,29.9822,27.4381,32.9269,27.7842,2618,1444.99,30.6024,19.592,14.1102,26.2429,13,1440,16.4262,20.6356
2019-04-05,2.14657,7.85144,7.61107,6.4971,5.01058,5.30249,7.56493,7.2233,7.55293,107.173,69.5278,6.63339,3.40593,4.20514,6.44884,13,1440,4.60144,19.1217,20.8989,22.2421,23.4502,25.5163,20.4494,20.5542,19.1546,2189.85,1171.46,17.4952,7.4483,13.4506,20.8274,12,1440,9.52956,9.26095
2019-04-06,0.775019,14.3672,12.9078,8.58998,9.80163,7.59524,13.5762,13.4955,13.3374,884.104,1596.26,12.2829,6.44872,6.45909,13.4707,13,1440,0.442063,22.9765,19.9502,19.4527,20.7625,11.6274,20.47,20.3094,20.2006,1246.49,1783.47,20.6629,11.3811,8.56912,19.826,12,1440,14.5428,13.3836
2019-04-07,2.47473,10.7247,7.99964,6.81857,5.64543,4.99777,8.84617,7.16885,10.3006,149.161,111.613,6.92286,4.087,3.91264,7.82499,14,1440,5.12903,18.6939,18.8621,16.5886,19.4559,12.2226,19.9901,17.0429,17.9797,1692.78,716.503,13.8956,9.03382,9.82832,19.5414,11,1440,10.4563,8.62944
2019-04-08,1.28048,11.5279,12.0706,13.7161,13.2027,17.548,10.8961,11.8801,11.4657,180.015,166.649,12.0357,6.36162,5.70897,10.5344,11,1440,2.55589,37.2223,40.6924,45.5471,50.5023,72.7202,38.5209,42.5704,37.7154,2668.19,2576.38,42.6363,18.8131,21.8793,38.9522,11,1440,16.3172,18.4715
2019-04-09,-1.6733,6.61166,5.8483,5.42878,4.12757,2.76084,6.53526,5.76753,5.93411,39.4622,34.1391,5.87853,2.96233,2.88597,5.96015,12,1440,-2.33227,10.986,9.79006,9.37931,7.7367,5.54091,10.5853,9.90419,10.5812,107.816,104.815,9.62397,4.84964,4.94041,10.3038,11,1440,6.3646,5.94612
2019-04-10,3.02655,11.6275,15.6346,8.17129,6.50607,8.34241,12.4521,11.4712,10.3873,5017.17,664.025,8.04651,8.47075,7.16385,11.5411,10,1440,1.43298,23.8544,23.8474,24.3587,14.2019,15.6526,25.9355,24.1118,27.3662,5461.64,3064.64,21.4375,14.4589,9.38844,24.8435,10,1440,12.6855,16.0702
2019-04-11,-5.63563,15.403,16.2299,14.4381,14.1536,14.841,13.9962,16.9939,14.4596,830.747,937.015,16.7372,10.8139,5.41602,14.0651,12,1440,-7.65343,24.2687,25.1221,24.4645,23.9758,25.2868,23.7993,24.4894,24.0811,1182.02,1136.08,25.1449,15.4929,9.62922,24.3788,13,1440,16.1276,17.9001
2019-04-12,0.608821,6.43963,5.82508,7.64476,6.2951,6.02378,5.69164,5.30948,5.8875,77.2573,51.6992,5.29094,2.92516,2.89992,5.785,12,1440,-0.5378,12.4984,13.7843,16.4657,13.7666,14.2265,12.8535,13.3558,12.626,353.8,353.999,12.9128,6.70965,7.07465,12.8709,11,1440,6.90798,7.79177
2019-04-13,-0.0552846,2.90945,2.63631,2.52824,2.49304,1.88476,2.65238,2.88653,2.77035,7.88895,11.33,2.78525,1.38676,1.24954,2.46903,13,1440,-0.122632,5.51148,4.53364,3.81472,3.73216,3.54118,4.86551,4.5177,5.27561,25.3852,24.4209,4.37955,2.23604,2.29761,4.3308,14,1440,2.89987,2.85206
2019-04-14,1.69178,3.31214,2.44671,2.3585,2.33541,1.8846,2.6544,2.22407,3.08721,12.1132,5.91324,2.2068,0.941295,1.50541,2.34538,13,1440,2.56813,5.50911,4.29183,3.56091,4.01228,5.09627,4.35665,4.21797,4.97038,26.2903,28.6395,4.45528,1.80629,2.48555,3.87385,14,1440,3.09106,2.59116
2019-04-15,-2.09435,7.40826,4.58966,4.08316,3.81077,3.65503,5.46828,3.62399,7.58889,275.35,47.1135,3.16225,3.20534,1.38432,5.85585,14,1440,-4.45088,17.7378,14.5094,10.4572,10.6988,15.5294,20.483,13.9948,16.3913,3141.7,951.313,13.757,10.7731,3.73637,22.1375,11,1440,9.3607,6.27478
2019-04-16,2.91765,5.41781,4.36052,4.65156,4.78612,6.45621,5.0523,3.80331,5.49668,179.426,40.6471,2.9962,1.29545,3.06506,5.08982,12,1440,3.33241,9.34934,8.39201,8.21193,8.2461,6.72187,8.50866,6.57653,8.83546,301.579,50.6315,6.03608,2.58599,5.80602,8.51204,13,1440,5.28554,4.67287
2019-04-17,0.560882,4.63209,2.88203,3.49144,2.82922,2.21814,3.67563,3.20367,4.4383,11.4271,16.8389,3.19062,1.48133,1.4007,3.26469,13,1440,0.229524,7.07489,4.56504,5.1303,4.08813,2.94395,5.65163,4.85747,6.93859,26.8379,31.1799,4.55202,2.30088,2.26416,5.04565,13,1440,4.21682,2.84649
2019-04-18,1.06336,3.94108,2.95284,2.29511,1.92987,1.30891,2.86045,2.78397,3.7982,12.4395,10.8244,2.76922,1.54311,1.40973,2.5064,14,1440,4.47167,11.3568,11.5364,14.7306,14.6878,15.3107,13.1328,11.4458,10.5349,932.887,586.275,12.7047,3.61196,7.9244,14.9053,10,1440,4.55398,4.18142
2019-04-19,0.00456399,4.88089,3.34616,3.394,3.90982,2.30669,3.59191,3.15829,4.87843,28.0317,17.0862,2.87708,1.69964,1.64651,3.24624,15,1440,-0.398879,8.33658,6.79897,5.93421,6.00644,4.61446,6.7851,5.85264,8.6262,122.21,49.1268,5.75054,3.13175,3.66722,6.34856,14,1440,4.59179,3.59137
2019-04-20,0.626518,3.21051,2.72177,2.00756,1.50827,1.36878,2.35617,2.76214,3.11966,15.34,14.6796,2.7188,1.49078,1.23099,1.93758,15,1440,0.138921,7.17342,5.43019,5.05109,4.02831,4.3913,5.2093,5.08282,6.8328,122.077,58.9169,4.85569,2.75932,2.67087,4.48309,14,1440,3.33434,3.13934
2019-04-21,-0.674831,4.60927,3.46938,2.62297,3.45516,3.11895,3.59864,3.44131,4.43017,24.223,17.6196,3.71592,1.70826,1.76112,3.01252,14,1440,-2.5128,9.06895,5.50489,4.4456,6.00845,4.57671,6.65181,5.60358,8.95731,60.5174,51.4509,6.15195,3.32062,2.18428,5.37064,16,1440,4.97576,3.5222
2019-04-22,1.90333,5.61772,3.55212,3.67516,2.51644,3.09527,4.11954,3.70323,5.23952,23.4752,27.2242,3.50019,1.69459,1.85753,3.79648,14,1440,1.13829,8.03241,5.38471,4.74989,4.53355,5.1228,6.5594,5.2381,7.96857,76.5137,31.599,4.77561,2.73183,2.65287,6.05683,13,1440,4.96817,3.26279
2019-04-23,2.51007,10.204,10.8281,8.16853,10.4298,4.07263,9.19524,8.08211,10.3592,2286.66,266.813,5.69079,3.09976,7.72837,7.78765,16,1440,-0.800758,10.224,7.24178,6.5612,6.93073,3.42207,7.3087,6.16708,10.0257,123.983,65,6.35603,3.89829,3.34349,6.54503,14,1440,7.86062,6.44957
2019-04-24,-1.43581,9.5509,9.45339,8.11114,8.71205,9.52531,8.46862,8.25741,9.50995,671.712,126.028,7.62185,5.95855,3.49484,8.03915,12,1440,-2.62338,16.0093,16.1911,13.915,14.3374,18.201,15.1445,14.5443,16.2411,1282.2,630.763,14.8758,10.3559,5.83522,15.2763,12,1440,10.087,10.7304
2019-04-25,-3.66946,15.0745,18.2833,16.5928,18.4807,15.2586,17.3878,17.0823,15.1639,9098.61,5711.17,12.5144,13.9066,4.37673,19.6,12,1440,-6.29942,22.7394,34.2078,22.2995,24.2797,19.702,30.4928,31.515,21.4275,32901.8,20786.1,23.0138,25.0353,9.17249,35.4351,11,1440,15.9122,23.5696
2019-04-26,1.78854,11.6338,12.5347,12.6341,10.1894,6.16956,11.2087,11.9601,11.2457,423.672,330.176,10.9649,5.34942,7.18529,11.5983,10,1440,2.06615,14.4278,17.5997,14.5208,13.5726,4.77899,14.3554,16.7605,13.6983,833.183,530.335,18.0688,7.62219,9.97752,14.5969,9,1440,10.5913,12.9126
2019-04-27,-0.347038,3.28616,2.6825,1.97926,1.65195,1.51927,2.42389,2.80938,3.0377,10.8973,9.78804,2.70741,1.4199,1.2626,2.19345,13,1440,0.857346,6.92375,5.51988,5.0428,4.29191,5.13003,5.08117,5.14402,5.93611,58.0011,30.3177,5.20777,2.40399,3.11589,4.82108,13,1440,3.24554,2.90532
2019-04-28,0.22314,2.83484,2.37213,2.23706,1.88829,1.88977,2.44598,2.18978,2.5671,8.22153,5.82547,2.1493,1.17601,1.19612,2.11512,13,1440,-0.920677,4.85838,4.43546,4.08781,3.50033,2.14295,4.05263,3.68588,4.32204,62.1642,18.8187,3.66173,2.61732,1.81814,3.44425,14,1440,2.47045,2.3007
2019-04-29,-1.31582,4.3789,2.85851,2.46884,2.09409,2.43719,3.23521,2.72849,4.32953,12.7224,9.22607,2.37962,1.53764,1.32088,2.93315,16,1440,-1.75107,8.50829,6.64615,5.83524,5.01802,5.65065,6.83077,5.71541,7.4852,187.05,49.4241,5.61747,3.52448,3.12167,6.37236,16,1440,4.4925,3.13614
2019-04-30,1.56591,3.6562,2.91088,3.57303,2.44212,2.25177,2.89642,3.12559,3.45816,16.2662,13.0116,3.08125,1.1919,1.71898,2.75716,14,1440,4.24119,8.68372,10.0451,7.77778,8.48344,7.01329,8.30246,7.35384,8.16316,1251.84,112.4,5.5715,2.72791,7.31719,7.90409,12,1440,3.49292,3.32673
2019-05-01,1.16574,2.504,2.23338,1.69346,1.42712,1.49534,1.95355,1.95415,2.28912,23.5384,6.1519,1.90241,1.12198,1.11139,1.63398,14,1440,-1.01858,6.3801,5.94029,4.71198,4.13074,3.98928,5.22125,5.1838,5.81274,118.93,46.8039,4.91386,3.26588,2.67441,4.78287,13,1440,2.67743,2.79746
2019-05-02,2.01679,2.91959,2.75031,2.75462,2.48091,2.259,2.63819,2.61616,2.71871,17.7692,9.80099,2.57869,1.28013,1.47019,2.65695,13,1440,1.00622,4.80246,4.28067,5.22981,4.82638,3.31636,3.79745,4.15584,4.43197,40.5633,21.8472,3.95896,2.01277,2.2679,3.8719,13,1440,2.49802,2.4345
2019-05-03,4.96873,11.0766,9.6144,10.2515,12.1734,9.48371,10.973,9.73682,10.9819,145.073,165.221,10.5752,4.09671,5.51769,10.3433,13,1440,3.78983,12.1968,13.7254,14.1927,21.4227,12.4177,10.769,9.54957,12.9621,2398.46,157.706,6.75286,3.57129,10.1541,10.7832,13,1440,7.91631,6.12585
2019-05-04,0.978448,9.77155,11.3358,8.54198,10.4201,13.7697,9.92803,10.0371,10.5544,766.68,197.175,9.44953,6.78821,4.54756,9.48394,12,1440,-2.62856,12.785,13.9004,8.52166,7.39015,9.21248,10.9847,11.2888,11.7097,1919.03,161.128,11.1379,9.39438,4.50599,10.3571,13,1440,8.39075,9.70742
2019-05-05,-0.927705,6.59482,5.48859,4.32186,4.46213,3.86237,5.83444,4.9334,6.34808,50.3701,30.0035,5.07781,3.14417,2.34442,5.31595,14,1440,-0.397858,7.56266,5.25018,4.89889,5.40302,5.95911,5.37953,4.9532,7.72982,40.5353,30.145,5.08598,2.70423,2.54595,5.24441,13,1440,5.26184,4.01511
2019-05-06,-0.483018,6.93945,5.75052,6.45359,7.94524,5.08583,6.13763,5.29413,7.08304,51.3682,23.3643,5.72227,3.11035,2.64017,5.97685,14,1440,5.92347,15.5236,17.1001,22.0325,29.3523,24.6291,17.6278,18.1,15.7893,1835.63,1498.69,16.7894,5.23212,11.868,20.051,11,1440,6.18396,5.20908
2019-05-07,1.70004,10.8071,10.7746,13.8123,14.0514,16.6797,9.80693,9.19041,11.0993,534.292,148.169,8.85494,6.01878,4.75587,9.36654,12,1440,-2.23284,27.2028,35.1948,53.1405,54.9374,52.0411,31.034,34.3813,25.5577,7080.6,4948.51,28.8668,19.1758,16.019,32.8636,10,1440,12.0128,14.5852
2019-05-08,2.38231,7.149,8.16482,7.23445,5.67231,1.79448,5.82546,8.35921,6.89248,753.435,371.888,6.74402,4.72606,3.43876,5.03256,14,1440,0.982274,14.8732,16.9225,17.5663,10.6408,5.29205,13.7292,14.5225,15.4556,2676.23,579.241,11.8343,11.0755,5.84703,13.3391,13,1440,7.71111,9.89987
2019-05-09,3.639,6.24131,5.30663,4.49465,3.89104,4.3281,5.57532,5.00325,5.90657,45.8604,45.1201,5.05888,2.25005,3.05658,5.02045,16,1440,0.0292612,10.4833,8.76636,7.31133,6.7409,5.88897,8.39963,8.73961,10.0377,181.544,153.444,8.4223,4.02061,4.74575,7.8055,14,1440,5.66766,4.98491
2019-05-10,2.60933,10.9059,8.98294,8.96763,8.9097,9.17204,9.98169,10.1386,10.2572,93.6614,128.971,9.56669,4.37181,4.61112,9.93723,13,1440,1.16926,18.097,14.6306,14.0272,17.5868,15.8183,15.212,15.2466,16.5554,529.235,620.255,14.9729,6.61826,8.01237,16.8902,13,1440,9.87443,6.45262
2019-05-11,10.4618,34.6464,34.4716,40.3487,47.1923,26.2447,31.9685,34.6595,37.1,2523.79,1962.21,37.1104,13.8902,20.5814,32.2206,12,1440,9.53049,58.7409,67.9971,91.304,107.659,81.2039,67.4788,58.1442,65.0809,15082.6,5114.46,52.7789,30.8607,37.1363,71.0819,10,1440,28.7163,24.9843
2019-05-12,-1.55107,61.8643,64.2571,60.8861,59.3004,42.2231,61.2179,60.7528,61.8812,8163.7,6265.63,59.3334,36.1602,28.0969,64.6793,11,1440,-1.10493,64.4746,57.4985,61.2921,61.1768,42.8854,53.5592,52.223,64.128,12926,4417.7,51.3243,32.8229,24.6757,58.6057,11,1440,52.1693,50.2338
2019-05-13,11.1703,49.7849,48.7319,59.6518,40.2238,45.8855,49.9353,52.6378,48.341,9404.84,11664.9,53.7788,20.2798,28.4522,53.1964,13,1440,4.02711,45.3245,40.4358,37.7649,32.2125,38.5102,41.0712,39.6686,51.0232,4259.55,3673.3,37.6451,20.3225,20.1133,41.8418,14,1440,36.8389,34.538
2019-05-14,1.9933,47.6141,51.7397,43.6321,47.7806,55.1769,49.3883,51.9752,46.727,4064.59,2935.82,46.981,29.0159,22.7238,47.1122,12,1440,9.98305,63.4964,71.2069,59.459,58.5573,73.0941,66.7254,81.1248,65.4603,6076.63,11083.1,79.52,32.5343,38.6726,66.1031,13,1440,41.7782,46.4733
2019-05-16,-3.78283,32.7461,29.7258,29.7654,33.1917,35.6837,29.4477,25.5534,34.6817,1699.15,1227.61,26.8357,16.133,13.5928,27.6081,12,1440,6.30637,151.104,150.907,151,175.273,194.456,154.643,154.415,162.509,25292.2,32083.2,153.641,70.9952,79.912,149.286,12,1440,54.9075,50.4682
2019-05-17,-6.7209,76.2291,76.2357,53.3782,48.0265,36.2591,67.1212,88.5848,79.4184,24018.7,70740.1,87.8429,40.7946,35.4411,72.5779,15,1440,-7.84986,125.871,128.431,87.256,94.5236,86.3004,115.868,131.625,138.396,29997.5,40559.8,134.812,61.965,66.4665,113.253,13,1440,79.2875,82.9779
2019-05-18,-1.33872,17.4296,16.187,12.2186,13.0644,6.41528,15.7912,16.3117,17.0319,289.585,292.644,15.5157,8.92229,7.26474,13.9833,14,1440,-4.47867,33.5045,36.0903,30.0933,32.5985,17.5313,35.5791,33.8808,34.0262,1451.76,1418.04,33.4655,19.7497,16.3407,33.8323,13,1440,19.1859,20.2981
2019-05-19,11.5803,29.0807,27.041,33.7584,36.3156,36.0101,27.8196,25.8397,29.0853,1444.58,1268.49,24.9084,10.01,17.031,27.1834,12,1440,10.5185,37.2509,36.4558,36.321,42.8059,40.6047,34.3472,35.5916,39.3082,1722.53,1573.63,35.559,14.6067,21.8491,32.6907,13,1440,27.1389,26.1135
2019-05-20,-2.61512,34.023,38.1546,28.3219,28.4896,29.6782,36.3277,41.7392,34.7209,2286.72,2733.17,42.6391,21.2254,16.9292,34.2168,13,1440,-3.58554,41.0847,45.5421,38.0924,39.8125,41.73,45.2364,45.7988,39.7363,5231.67,3324.32,44.8365,27.1979,18.3443,43.2512,13,1440,30.3336,36.1417
2019-05-21,-0.420123,15.3139,13.6082,10.9464,6.45271,4.89459,13.8051,13.9191,15.6155,192.019,208.101,14.0489,6.78823,6.81998,12.8031,14,1440,1.21478,23.5048,23.8701,22.4014,16.2141,12.7515,23.9139,23.0312,22.9959,962.971,721.31,20.0242,11.7556,12.1145,24.5565,13,1440,13.683,14.05
2019-05-22,-3.5597,20.4552,14.5662,11.5578,11.3083,11.8031,15.9899,13.9312,20.4169,688.856,424.163,13.0456,7.65769,6.90851,13.831,17,1440,-3.93959,25.8039,21.0749,16.1275,18.0482,21.4527,25.7807,18.7738,26.6169,1494.17,1093.61,16.5941,12.0324,9.0425,24.5774,14,1440,18.0017,13.8234
2019-05-23,2.88238,15.4246,13.6811,13.7822,10.2352,5.59913,13.1491,13.0997,16.157,204.932,158.902,13.6593,6.27901,7.4021,11.567,14,1440,0.376895,20.6972,20.7372,21.9013,19.9667,14.406,21.0939,17.3954,20.2732,692.185,236.011,15.5181,10.5253,10.2119,19.6,13,1440,12.9289,13.0283
2019-05-24,1.43348,10.378,9.15248,9.03159,10.3144,4.49721,9.47944,9.55713,10.49,85.9379,90.3758,9.38559,4.31867,4.83381,9.07953,13,1440,1.747,13.4509,14.2002,15.9587,15.5524,7.40357,13.3445,14.8487,13.1613,216.33,251.66,16.191,6.69703,7.50322,13.0079,12,1440,8.82664,8.91696
2019-05-25,0.757214,6.16049,5.9851,6.07645,4.86401,2.66473,5.72732,6.32352,6.13588,35.7839,39.7872,6.12161,2.69292,3.29218,5.62404,14,1440,0.540986,9.92956,12.024,13.7121,12.0107,11.9736,11.5707,11.2611,9.72788,347.59,227.471,12.2143,5.60971,6.41426,12.5335,11,1440,5.2332,6.58089
2019-05-26,7.08259,20.5863,20.7851,18.2167,24.2548,38.0063,24.535,23.9696,21.8907,1799.89,3417.9,22.4972,6.04721,14.7379,26.0604,11,1440,5.53117,19.7438,16.4498,18.0717,15.9261,21.7856,16.4073,14.9488,20.2825,520.756,349.346,16.1071,7.01484,9.43499,16.7238,12,1440,14.1765,14.0687
2019-05-27,1.6337,19.4762,15.7149,15.1272,16.8747,12.9516,16.9848,14.3556,21.3639,866.157,428.85,12.9503,7.95322,7.76163,16.3085,13,1440,2.27308,30.8736,26.902,24.3548,29.2823,11.6224,31.3559,20.3813,36.3772,7482.62,669.629,18.4958,16.0524,10.8496,30.7448,11,1440,18.9868,16.5308
2019-05-28,-0.465661,9.69602,6.67125,6.23766,3.85233,3.31569,7.59406,5.8249,10.103,116.649,48.127,5.48369,3.65831,3.01294,6.43707,15,1440,0.184652,16.3973,15.431,13.9851,11.0853,7.44273,13.7554,14.1982,17.1349,387.673,252.405,13.4616,8.2605,7.17054,11.9324,14,1440,9.07109,7.72671
2019-05-29,-0.805934,8.66217,7.18119,6.08588,5.76328,6.00224,7.06339,8.13566,8.86038,54.4531,83.0523,7.62897,3.52047,3.66072,6.52218,15,1440,-0.815031,13.4929,12.4663,11.7872,10.8916,10.5839,12.2618,12.5837,13.1411,280.765,266.892,12.0919,6.28269,6.1836,11.5085,14,1440,7.71557,7.76596
2019-05-30,-4.44809,34.4015,27.989,23.8094,29.2264,33.5452,32.9496,27.9265,36.148,4985.32,2508.52,29.6492,17.4756,10.5134,34.7648,13,1440,-5.45426,61.791,62.4472,78.6156,87.3797,88.3277,72.2132,65.1514,64.5876,17262.9,19066.8,58.4344,38.092,24.3552,80.3472,12,1440,35.45,32.1538
2019-05-31,3.3937,15.424,12.6627,10.3319,8.51121,7.67908,12.6849,13.7887,15.0221,164.495,262.774,13.3167,5.77524,6.88741,11.4581,14,1440,5.10772,27.7053,28.7403,25.1055,22.7284,23.0207,26.7551,28.1898,27.5947,1101.86,1078.58,27.7926,13.1793,15.561,25.9993,13,1440,16.2596,16.0549
2019-06-01,-0.127843,8.04551,6.4713,5.79008,4.42299,3.38228,6.36651,6.82226,8.23533,51.8051,51.3481,6.55871,3.39262,3.07868,5.68278,14,1440,-1.34155,22.7987,22.6045,21.5932,21.0069,17.0366,21.7218,22.7818,22.1762,978.325,643.956,23.0329,12.3338,10.2707,19.296,13,1440,9.7517,9.86749
2019-06-02,2.10673,9.19132,6.87272,6.23542,5.42689,5.44134,7.49754,5.49389,8.73574,261.716,39.6376,4.9955,2.84831,4.02441,6.91132,12,1440,1.70669,12.8809,11.7068,10.2568,8.99125,6.77338,11.3859,10.3336,12.3124,294.92,124.887,9.59372,5.06003,6.64682,11.0191,12,1440,8.26041,7.04626
2019-06-03,-7.24895,18.5541,17.2929,18.7908,22.5784,27.3975,18.526,16.3977,18.8362,1090.15,946.174,16.0178,11.7607,5.53223,19.4779,12,1440,-7.31643,22.591,21.0632,19.5289,18.8383,20.8364,21.2331,19.7005,21.3039,1276.31,834.202,18.2252,13.439,7.6242,20.3829,13,1440,17.1177,17.1283
2019-06-04,-5.42808,28.4327,30.5724,24.533,28.8197,35.3953,28.8533,32.7432,28.7128,3279.36,4900.5,27.3495,19.9572,10.6152,27.8015,13,1440,-3.4687,32.72,35.4739,28.6829,31.3654,34.7518,34.3522,36.092,31.8492,3872.09,5962.05,29.6136,21.0691,14.4048,32.6552,13,1440,25.9872,29.0638
2019-06-05,1.15719,17.8755,17.7415,13.1526,12.3908,10.743,16.8429,16.0517,15.8932,579.569,368.526,14.6225,8.73222,9.00932,15.5943,13,1440,1.74125,16.1202,16.7636,16.5335,14.7369,12.38,15.7897,16.4647,15.6989,359.649,365.786,17.1113,8.07263,8.69095,14.9169,13,1440,13.8215,14.1137
2019-06-06,0.131078,11.6716,11.6393,10.0971,13.2999,7.5641,11.7843,12.0916,11.6146,210.783,300.047,12.1704,6.10012,5.53916,10.6267,13,1440,1.26622,13.0344,12.1682,11.3214,14.715,12.1408,13.2093,10.2345,13.4444,474.498,212.516,11.6761,5.24935,6.91882,12.0638,13,1440,9.31712,9.51241
2019-06-07,2.45877,8.04707,7.70543,7.3855,7.5625,9.44486,7.81683,6.90817,7.70225,127.772,96.5982,6.90793,3.04293,4.6625,7.61257,12,1379,0.00401986,12.3034,11.3057,8.75311,8.07769,8.65305,10.1493,8.37236,10.6365,719.35,118.649,8.08944,6.44719,4.85853,9.147,13,1379,6.69202,6.78128
2019-06-08,-1.095,8.18515,6.60981,5.77196,6.06687,5.86899,6.47751,6.1516,7.77526,78.5706,47.9508,5.33279,3.7545,2.85531,5.63955,14,1440,-2.24391,6.37511,4.87271,4.34191,4.46253,5.84997,4.70846,4.60186,6.11787,34.8551,30.2518,4.28548,2.93642,1.93629,4.09611,13,1440,5.22668,4.57447
2019-06-09,-3.42121,11.5535,9.64105,9.34728,8.7513,6.97623,9.53768,8.67089,11.1991,180.076,111.235,7.90113,5.98884,3.65221,9.22514,14,1440,-5.17586,14.5353,14.2527,16.9345,16.2127,13.022,13.3825,12.3217,13.2058,503.221,208.677,11.8895,9.47626,4.77646,13.9441,13,1440,9.79874,9.50621
2019-06-10,4.54402,12.6531,15.3579,13.3501,12.8093,14.5498,12.54,16.0509,12.3329,1375.66,1060.13,14.4669,4.79781,10.5601,13.6733,12,1440,6.50714,16.9203,20.5296,20.4286,24.1435,20.7775,18.4124,20.1428,15.8471,1029.81,916.935,18.7641,6.78325,13.7464,19.8785,12,1440,11.2944,14.8292
2019-06-11,-1.23334,8.42082,8.30287,7.40138,6.72371,3.92073,7.73531,6.07498,8.05398,663.186,46.513,5.11642,5.00342,3.29944,7.66842,13,1440,-0.904652,14.593,12.0785,12.9734,11.4464,6.27726,12.7974,11.124,12.199,481.986,158.822,9.88603,7.13598,4.94247,11.991,13,1440,8.04441,8.05266
2019-06-12,3.03211,10.8797,9.96023,10.6809,10.4495,11.6861,11.074,8.13024,10.324,799.151,100.579,7.37537,3.1014,6.85882,11.8227,11,1440,6.67389,13.9745,13.6084,16.2117,18.6644,14.9105,14.3598,12.3923,12.8279,518.293,242.818,12.3308,4.83761,8.77082,15.2515,12,1440,9.38172,9.0875
2019-06-13,1.1122,6.87126,4.95544,2.88955,2.93841,3.45053,5.06907,4.78828,6.58039,56.8273,40.3157,4.4352,2.06093,2.89451,4.2257,16,1440,-2.51264,12.4587,9.27725,7.57841,8.67642,9.94044,10.2168,8.58608,12.0046,165.812,106.296,8.60986,5.02494,4.25231,9.98958,14,1440,6.62214,4.90056
2019-06-14,5.11667,8.73267,8.56778,9.25431,6.36119,7.10914,7.94331,8.10327,8.28251,231.802,106.746,7.77834,2.95596,5.61182,7.4569,13,1440,3.01682,9.59941,8.82904,9.133,8.3157,6.29683,8.51047,8.80156,9.38186,112.959,100.917,8.10582,3.61827,5.21077,8.29454,13,1440,6.96645,6.71758
2019-06-15,1.81805,6.54596,5.69984,4.2614,3.71995,3.98654,5.55575,5.46136,6.54669,45.8176,36.8873,5.50077,2.74721,2.95263,4.94946,13,1440,2.01783,8.84227,8.50301,7.06452,5.3604,7.56795,8.1041,7.59247,8.98137,169.935,83.1627,7.47737,3.56297,4.94004,7.47895,13,1440,5.30464,5.06502
2019-06-16,1.62857,24.0141,20.6889,23.1784,25.8573,26.3468,22.7004,19.924,24.439,932.978,625.139,18.496,11.1678,9.52112,22.6725,12,1440,-0.0336103,18.6485,14.3969,15.2681,17.7857,14.5347,14.8838,15.0835,18.8843,330.62,403.922,13.5952,7.85394,6.54293,13.3621,13,1440,17.3928,14.2122
2019-06-17,3.94888,15.5055,12.3923,13.5236,12.6633,14.4915,12.9289,12.2832,14.6399,221.21,241.705,11.9944,5.90755,6.48471,12.0954,14,1440,2.00787,10.5487,8.24204,9.14689,7.56673,10.2675,7.98015,7.8574,10.476,113.014,94.9578,7.46807,4.26148,3.98056,7.09248,14,1440,9.57666,7.39138
2019-06-18,-2.52695,12.9045,10.2423,9.68792,8.54743,8.04528,11.3878,9.69211,12.9965,126.397,118.417,10.0742,5.61556,4.62675,10.0609,14,1440,-3.16117,10.7369,6.46257,5.97002,4.75423,5.37637,7.86464,6.35324,10.9538,43.6666,42.2202,6.23487,3.69242,2.77015,6.58813,15,1440,9.24536,6.22472
2019-06-19,1.8972,5.76915,5.74909,5.71643,3.33722,3.66776,5.85183,5.2315,5.51112,65.809,49.104,5.28667,2.31894,3.43015,5.78856,13,1440,1.30632,5.30026,4.13445,3.29157,1.97548,2.25,4.15422,4.26641,4.76559,21.6222,29.549,4.06741,1.80262,2.33183,3.81466,15,1440,3.84158,3.66422
2019-06-20,2.78754,6.98691,6.35101,5.42036,4.69346,4.26692,6.52937,6.31546,7.05429,78.7702,108.548,5.93079,2.81572,3.53529,6.37344,12,1440,1.14211,5.78565,4.0648,4.5926,5.11501,3.64716,4.38836,4.29494,5.70043,29.6588,49.9769,4.19807,1.66701,2.39778,4.43672,13,1440,4.32665,2.86521
2019-06-21,6.53524,13.5575,11.2191,9.84176,10.2845,12.6696,11.824,10.1507,13.264,270.319,156.239,9.38916,4.85917,6.35991,11.388,12,1440,8.18392,19.2389,19.6134,19.4914,18.6275,23.0224,19.8823,19.2779,19.3803,666.271,578.756,19.2856,8.22761,11.3858,21.2549,11,1440,10.4378,10.6337
2019-06-22,5.45523,56.0067,58.0194,55.8516,55.6234,53.0311,61.5833,47.4765,58.8266,24817.9,3412.75,48.6717,32.454,25.5654,63.1663,11,1440,5.43479,28.1229,29.6513,25.0778,25.2485,21.7833,28.9103,23.0118,29.0546,7264.15,787.267,22.987,16.3188,13.3325,27.7969,12,1440,30.3242,33.3444
2019-06-23,1.63226,31.4155,23.0815,21.4683,24.1442,15.2142,24.5175,21.5543,32.8138,975.637,479.838,22.0888,11.8742,11.2073,22.1547,12,1440,-0.733077,23.9747,19.9256,21.8199,21.1477,13.0313,21.4825,19.4598,24.7084,652.138,464.409,19.4385,11.3457,8.57987,20.5266,13,1440,19.7779,16.621
2019-06-24,1.37071,14.9484,14.091,13.1492,12.157,9.71253,13.5385,14.74,15.6461,254.343,331.167,14.4726,6.90885,7.18219,14.038,12,1440,1.0062,18.0738,15.7369,15.5877,16.1505,9.39264,16.2413,17.1155,18.3374,428.998,698.304,17.3911,7.80032,7.93656,17.2304,12,1440,11.522,11.3265
2019-06-25,6.68391,20.6249,13.3949,10.1639,11.187,11.8742,15.597,12.8562,20.5167,228.982,177.746,14.3308,6.08366,7.3112,11.7516,15,1440,2.102,11.2451,9.66076,8.04402,8.09737,7.95589,9.58336,9.2867,10.9445,176.744,106.246,10.2306,4.89624,4.76452,8.9895,13,1440,11.2178,9.26735
2019-06-26,10.2273,184.273,214.788,375.874,135.999,167.244,183.041,242.407,197.797,715653,853842,243.199,124.788,89.9993,181.071,13,1440,6.42812,107.75,131.057,230.936,117.436,77.6566,123.838,145.212,114.11,223040,239250,124.1,82.2964,48.7607,124.342,12,1440,117.156,144.996
2019-06-27,-14.4686,149.033,171.527,144.14,143.791,125.27,162.819,175.517,152.832,38986,42604.1,171.736,102.775,68.7517,157.331,11,1440,-12.8883,113.708,125.87,98.306,93.0331,62.8159,129.003,128.832,117.073,25467.1,29522.7,119.31,75.5141,50.3556,118.904,12,1440,106.842,130.723
2019-06-28,9.02941,65.0419,64.3824,72.8944,65.5219,66.692,66.5585,64.3987,67.1842,4487.08,4479.71,64.558,29.4868,34.8956,65.9799,12,1440,4.16864,34.2591,30.4929,30.3546,23.9359,24.3993,31.7129,31.6527,35.6526,1080.35,1095.85,30.0887,14.0951,16.3978,28.7748,14,1440,35.5996,36.1039
2019-06-29,-4.09459,51.4445,44.945,42.0883,40.1803,40.0159,48.7274,43.2034,51.0206,7127.3,2649.29,37.6794,27.9337,17.0113,50.1769,13,1440,2.0902,28.2727,29.2416,20.4469,20.2344,19.6269,27.439,23.5883,29.3125,2954,876.539,22.7226,15.662,13.5796,28.98,13,1440,28.2635,27.0426
2019-06-30,-9.22585,45.351,43.294,44.0956,36.8184,45.3384,42.1196,37.0655,44.6601,6554.39,1606.15,32.8679,27.9627,15.3314,41.5262,12,1440,-8.17075,37.3508,30.6186,32.9405,24.2877,32.954,31.2331,27.7856,36.578,2271.17,941.013,24.3705,18.1575,12.4611,31.699,13,1440,32.6733,29.4322
2019-07-01,-2.13398,55.247,51.1048,47.6977,54.1724,42.3221,53.7465,48.8704,56.8147,5256.09,3014.67,46.5237,24.0134,27.0914,53.36,12,1440,0.806442,35.6221,35.2048,28.2714,30.3375,26.3445,34.7281,37.1501,35.5443,1528.96,1718.96,36.1773,16.7533,18.4515,31.5781,13,1440,35.288,35.3432
2019-07-02,2.03028,64.2791,79.6364,74.0654,86.0182,77.9878,73.1746,66.6945,66.9854,22282.3,4908.98,62.9903,31.9985,47.6379,74.7138,11,1440,-1.22412,40.2329,45.2716,37.4862,37.5166,39.6917,43.0267,37.3976,39.2487,4534.8,1462.74,35.4845,20.032,25.2395,40.5597,12,1440,41.7876,53.395
2019-07-03,9.63882,48.8232,48.6359,42.1346,49.7319,68.3531,47.455,42.2742,45.3784,5827.87,2039.74,36.5625,19.1312,29.5047,48.5634,12,1440,3.26039,18.1873,14.7457,10.4239,12.3844,18.2859,14.3993,14.1168,18.0385,293.182,249.739,13.407,6.73324,8.01247,13.4143,14,1440,21.5848,21.6065
2019-07-04,-6.8843,32.0363,33.7207,33.5421,28.6548,28.8025,31.077,22.3905,31.0757,12948.2,543.499,20.0417,24.446,9.27473,30.2567,12,1440,-6.30829,13.3734,17.6511,14.8231,16.0166,16.1739,14.5358,13.6444,12.8473,2624.85,576.195,11.3296,12.5205,5.13068,14.7233,12,1440,14.3648,19.63
2019-07-05,-1.58203,31.2969,32.5329,29.0202,31.0235,28.1117,29.9882,30.7986,30.0616,2008.81,1033.65,28.2415,17.6051,14.9278,29.2934,12,1440,1.66261,16.7226,16.5289,12.4519,12.0093,9.1695,17.2453,15.6664,16.6055,474.382,264.769,14.7616,8.10222,8.42669,14.7311,14,1440,15.0971,17.2018
2019-07-06,2.5714,23.3957,24.7407,25.5033,24.5108,28.2119,21.892,14.2788,19.7557,4789.65,306.066,13.4355,8.556,16.1847,22.8446,13,1440,0.284841,12.0272,10.6307,12.2102,10.9464,11.8993,11.0214,9.99684,12.0646,254.295,199.197,9.33862,4.68821,5.9425,10.7787,13,1440,10.8723,11.5533
2019-07-07,1.32157,14.6642,14.9031,10.5585,10.8986,10.0722,13.1092,10.7233,14.308,633.568,118.925,10.4135,7.36114,7.54192,11.7809,14,1440,5.54264,16.083,17.4699,17.6437,20.0825,25.7824,16.438,14.1097,14.0715,1754.11,730.411,12.4644,6.80033,10.6695,17.8608,12,1440,8.85933,11.8948
2019-07-08,7.04343,14.5525,18.6831,15.2135,16.8865,16.7189,18.6325,16.2737,13.8998,4181.9,1045.79,13.7754,3.76769,14.9154,20.4151,12,1440,2.35137,10.584,8.82076,7.97827,8.41997,6.87663,8.71043,7.22052,9.85249,201.271,80.8054,6.30118,3.63291,5.18786,8.55716,13,1440,7.49487,8.07184
2019-07-09,2.46005,29.8579,33.8539,38.4375,37.029,31.6692,30.4932,23.0618,24.9502,13100.5,1307.65,18.3889,21.6887,12.1651,32.0256,11,1440,-1.4562,11.7238,11.6553,11.0238,12.2654,10.1346,11.0908,11.1913,10.8729,535.85,196.023,9.54061,6.85727,4.79804,11.949,12,1440,13.2776,14.2459
2019-07-10,-3.52985,42.7502,41.6528,41.1578,36.1217,35.9141,41.2516,38.4585,44.3593,6722.32,2782.64,34.6287,26.1507,15.5021,39.2917,13,1440,-6.11228,29.934,35.8783,35.5401,28.4181,35.5136,35.4027,39.651,29.9601,5653.69,6451.24,42.9928,23.5862,12.2921,32.9837,13,1440,26.3887,29.9961
2019-07-11,-6.53058,44.8716,42.3059,43.5401,51.7855,43.8896,43.3055,43.1528,42.4375,3190.73,2893.87,39.0021,25.1785,17.1273,42.4596,12,1440,-7.38873,44.0803,55.6398,65.0359,77.6948,43.4526,46.57,48.8431,43.6967,27176.6,17912.9,46.9228,35.977,19.6628,45.3574,11,1440,32.9633,37.5301
2019-07-12,3.58764,20.1705,21.9941,15.8195,14.9127,17.9803,20.4961,19.4916,19.9209,1115.9,394.749,18.0294,8.65823,13.3359,20.238,12,1440,2.20534,16.1031,15.8297,9.57489,9.24153,8.83704,14.8761,14.8226,16.0372,729.699,402.705,12.683,6.46141,9.36831,13.9342,13,1440,13.1212,14.3899
2019-07-13,-3.47424,22.9078,22.1165,20.0238,24.2496,21.8938,23.6963,21.1452,21.7732,1023.59,855.661,20.4846,11.4618,10.6547,22.7306,12,1440,-2.14579,13.0421,10.3937,7.81121,9.49607,7.43812,10.8838,9.81252,12.3708,166.372,108.702,9.83102,5.33832,5.05536,9.87211,15,1440,12.8083,12.0841
2019-07-14,-10.9872,39.8916,44.0293,26.6814,30.8953,30.4327,40.772,46.821,39.4173,4084.31,4272.74,44.1036,26.238,17.7913,38.3788,13,1440,-17.4059,70.0604,105.065,107.447,117.005,117.4,98.4965,89.0811,69.8243,185964,24936.6,67.9181,83.094,21.9705,108.784,10,1440,35.9354,49.5916
2019-07-15,6.32718,40.4273,42.0231,39.6372,42.0008,55.2149,40.3417,38.1887,40.0029,3827.48,1813.65,33.2254,15.5432,26.4799,39.9281,12,1440,1.03514,89.1577,104.971,135.097,166.948,115.891,94.1525,93.32,83.1962,63402,53928.9,88.0209,55.2922,49.6785,93.6787,12,1440,45.4242,50.225
2019-07-16,-13.8212,60.5383,58.9415,46.2244,50.0448,55.6728,57.6413,43.1782,55.1482,25673.8,2404.41,36.129,44.0739,14.8676,59.5113,12,1440,-13.7521,81.7614,100.515,66.2752,72.034,89.7867,92.3757,72.567,80.3106,125949,15212.2,60.1261,74.9458,25.5692,97.5214,11,1440,60.7959,70.37
2019-07-17,2.39006,47.6768,43.1635,41.9989,34.8672,33.9622,45.7105,39.2158,46.6411,2062.02,1433.56,38.0839,19.9797,23.1838,45.2778,13,1440,5.82556,75.5302,62.8882,56.1655,42.3502,48.0111,67.4929,56.7366,75.2732,5458.02,3143.75,48.9225,28.0566,34.8316,63.2829,14,1440,49.7726,44.7019
2019-07-18,9.45998,53.0775,58.2209,91.0178,101.046,110.67,61.445,62.5434,49.6052,25550.8,25500.7,53.1662,16.9457,41.2752,69.1147,10,1440,6.83823,53.2464,55.134,71.2764,85.213,84.1287,56.3037,59.0113,52.7579,8381.76,8630.49,52.4284,21.7689,33.3651,59.4658,12,1440,44.1783,47.6676
2019-07-19,-1.16292,39.0453,40.002,36.9945,21.4129,20.7842,42.4154,29.8869,35.3006,10737.4,2040.78,26.7676,19.1241,20.8778,39.2898,14,1440,-2.23994,29.7188,34.0675,22.0974,16.6861,16.6894,33.7149,29.3157,28.5656,5365.05,1319.06,27.997,16.2337,17.8338,29.0267,14,1440,28.9866,33.1447
2019-07-20,2.22128,18.4649,14.4125,11.385,11.1056,10.5757,17.4807,14.7003,17.3545,459.647,601.944,15.0467,7.20653,7.20596,16.3018,13,1440,3.32822,18.1191,15.5411,14.61,14.289,15.856,15.9274,14.394,17.2995,642.413,311.687,13.0235,7.42161,8.11947,15.8249,12,1440,13.0855,10.0458
2019-07-21,-1.41383,16.1496,14.2968,9.6505,10.1334,11.227,14.0905,13.2078,14.7395,338.516,161.461,11.434,7.8784,6.41843,11.8207,15,1440,-1.24346,15.3034,14.4398,9.22963,11.1138,12.5486,14.2305,12.1902,14.2004,364.053,161.206,12.3047,7.96095,6.4789,12.8638,13,1440,11.1245,11.0582
2019-07-22,-2.38084,20.1713,20.9552,18.0411,19.3651,16.691,19.2905,16.4605,16.9956,2815.04,506.162,11.6561,10.898,10.0572,19.1429,12,1440,-3.5543,18.6332,23.0442,19.3077,20.3933,20.174,20.9686,18.2755,15.0527,3836.1,507.273,15.4404,13.437,9.60723,20.8772,12,1440,15.3001,19.6137
2019-07-23,-4.70658,16.3082,13.8112,11.5091,8.95223,9.42393,14.4119,12.1622,15.6587,352.696,152.188,12.6788,7.13789,6.6733,12.9995,15,1440,-2.3397,17.2925,16.5916,18.2464,16.0541,14.8702,16.8021,15.6263,15.6267,545.233,403.777,15.4285,7.22139,9.37021,17.3472,13,1440,12.9863,12.6066
2019-07-24,-1.03556,18.3032,17.0104,18.1916,16.8532,20.4587,18.0907,15.5862,17.4491,989.206,396.523,13.1575,9.77869,7.2317,18.972,12,1440,1.78647,28.4424,35.0979,40.4404,26.6191,38.172,36.6013,29.7355,27.8449,8454.87,1136.92,21.3325,21.0105,14.0874,39.1201,11,1440,16.5382,19.0827
2019-07-25,1.18709,14.1784,14.7504,17.1022,13.6366,17.2545,16.0338,12.2673,12.7802,1366.39,220.15,13.72,6.28288,8.46756,17.6438,13,1440,1.29982,17.7662,19.7572,19.372,12.6608,16.3109,20.7747,17.4634,15.7338,3430.61,1156.97,14.3545,8.25767,11.4996,21.0785,12,1440,12.5345,15.0174
2019-07-26,-0.567098,9.84927,7.14792,5.66466,6.20614,4.25104,7.25352,5.77219,8.91519,573.009,107.939,4.60461,4.6541,2.49382,6.39165,13,1440,-0.150702,11.0805,10.0364,8.80188,8.71386,7.41434,10.2024,9.04254,9.09243,560.389,247.887,8.69089,5.76409,4.2723,9.33139,12,1440,7.78355,6.95795
2019-07-27,-3.60112,23.2448,28.5185,33.3456,33.2545,40.1097,29.8308,15.3508,23.0997,22266.5,3861.51,10.5072,17.9922,10.5263,32.6467,10,1440,-5.40368,20.029,20.2482,25.1268,28.1954,31.6076,22.3925,19.9311,17.5404,5885.19,4826.93,16.3165,14.8411,5.40712,24.6568,10,1440,17.3351,20.6559
2019-07-28,0.683774,15.4387,17.7443,14.8874,18.9386,3.05229,17.64,8.71185,12.7563,9366.5,340.319,4.8134,6.26505,11.4792,17.3348,13,1440,2.06252,19.9565,29.7664,21.5346,28.521,8.13542,28.6321,13.1223,16.1893,18599.3,515.576,7.83965,9.94132,19.8251,27.9694,12,1440,14.519,20.789
2019-07-29,-0.355921,12.1316,6.47256,4.43762,4.13074,5.14122,7.84125,6.19628,11.3354,113.685,49.8493,5.54613,3.35005,3.12251,5.67935,16,1440,-0.345554,16.0517,11.7271,9.56217,6.14175,7.98861,12.5098,9.94413,15.3742,691.547,141.245,8.72998,6.27619,5.45091,9.6213,14,1440,11.5469,7.15196
2019-07-30,0.697734,6.59945,5.45099,3.5944,3.93465,4.22391,5.37318,5.14085,5.67991,164.62,52.8014,4.1902,2.23555,3.21545,4.48334,13,1440,-0.623114,8.27076,7.85514,6.23312,7.5381,5.09002,7.37643,6.76445,7.24371,432.314,94.9968,6.32358,4.47364,3.3815,6.55904,13,1440,5.07491,4.87529
2019-07-31,5.15328,7.74763,6.08628,5.12943,5.99495,8.2753,6.40463,5.36057,7.75841,61.0713,40.2137,5.2026,2.28333,3.80295,6.3614,13,1440,4.13143,7.0545,6.7097,5.30385,6.29885,7.79907,6.6961,5.63146,6.27874,472.827,72.7184,4.42454,1.8767,4.833,6.19087,13,1440,5.32466,4.17891
2019-08-01,2.87923,7.92259,6.31746,5.77936,5.06765,5.23889,6.22452,6.39943,7.84728,82.3572,69.1359,5.95595,2.35491,3.96255,6.03395,13,1440,-0.726006,7.95685,5.10166,4.20208,3.52916,4.4494,6.45382,4.09894,7.32135,241.81,22.0403,3.53483,3.19311,1.90855,6.01311,13,1440,4.96441,3.65262
2019-08-02,1.42365,9.25308,7.61813,8.28525,5.39957,7.60736,7.35215,6.35731,8.70508,535.389,49.7025,5.55777,4.63083,2.98729,7.14848,14,1440,0.354472,8.36922,8.61798,8.2984,6.8498,7.20782,8.89534,5.01149,6.7047,1145.84,29.4193,3.97472,4.99338,3.6246,8.57958,13,1440,6.53755,6.12074
2019-08-03,2.74714,7.72743,5.76497,6.86303,5.91731,5.8454,5.97668,5.31214,6.80118,57.3005,44.3207,4.92186,2.36826,3.39671,6.01023,14,1440,2.06033,5.5182,5.84014,6.94716,7.60784,7.68882,5.90012,4.85566,5.21533,296.346,75.867,3.6551,1.87016,3.96997,6.71853,12,1440,4.25653,3.87882
2019-08-04,1.03348,8.71997,7.48965,8.05893,6.12081,7.94493,7.45813,6.46981,8.07005,151.646,84.4827,6.76679,3.35724,4.13241,7.45497,13,1440,-0.157683,5.60717,4.21027,4.23538,2.39106,2.89023,4.22481,3.73882,5.16953,32.6728,24.7316,4.00474,2.31734,1.89293,3.61982,15,1440,5.01177,4.1528
2019-08-05,7.90964,15.7754,14.1519,16.9892,17.73,18.4697,14.1846,14.7755,15.089,319.374,322.863,14.0742,5.57082,8.58108,14.3858,12,1440,5.16224,12.3126,12.2952,11.0475,12.2331,11.5838,11.1202,9.90968,11.2781,583.715,108.506,8.32845,4.72748,7.5677,10.2037,12,1440,9.44343,8.35709
2019-08-06,-2.97836,25.1979,23.1404,25.7813,32.6638,35.9826,26.7246,16.3197,24.109,4388.12,426.669,16.7377,15.0161,8.12431,26.9937,12,1440,-3.15802,18.1256,18.7776,18.3006,17.2827,13.2514,18.7449,14.5041,17.6322,2769.99,380.01,13.3939,12.1173,6.66034,17.9512,13,1440,16.6011,17.4581
2019-08-07,4.20701,29.098,28.0193,24.9103,24.3536,22.0008,26.2148,25.075,29.3689,4914.67,1120.51,25.1757,16.1909,11.8284,25.8073,12,1440,-0.0795791,13.8541,13.31,9.12042,7.42765,6.4472,11.01,12.7253,12.7648,802.639,377.681,12.1858,8.1985,5.11151,10.2555,12,1440,16.9629,16.8024
2019-08-08,0.206383,13.4182,11.2099,9.21614,11.343,8.65723,10.7404,11.4422,12.9401,218.777,159.062,10.897,5.88742,5.3225,9.35727,13,1440,-2.10515,7.13666,6.88133,5.41937,4.99259,4.57587,6.51659,6.46274,6.62533,91.5028,53.244,5.88476,4.08132,2.80001,5.91098,13,1440,6.83689,6.0794
2019-08-09,-1.0032,11.0744,8.87191,6.46443,6.97085,3.54105,9.06945,8.12258,10.45,182.729,68.3959,7.3044,4.58625,4.28566,7.38186,15,1440,-5.02977,12.2679,12.0116,10.2125,11.8038,10.8684,12.7637,11.4359,11.8027,266.666,199.713,11.7608,7.2265,4.78513,11.0763,13,1440,7.98611,7.42941
2019-08-10,-4.92292,13.841,16.9686,15.8103,17.8372,19.4139,14.9921,7.90518,13.4774,11705.7,226.611,5.68366,13.9072,3.06141,15.1088,10,1440,-1.94246,14.0355,20.4968,19.9912,21.2322,21.4772,19.2062,10.1901,14.1036,12684.5,169.817,9.28187,15.1103,5.38652,19.1703,10,1440,10.7632,16.5361
2019-08-11,2.10566,7.02743,6.04274,5.92235,4.97376,3.60277,6.03195,4.97815,6.94889,138.254,40.8297,4.6197,2.20221,3.84054,5.53829,13,1440,4.70174,8.64359,10.4504,10.6916,9.23158,7.89834,9.69247,11.3215,7.59545,287.703,602.487,10.9023,3.70139,6.74906,9.99567,12,1440,4.8229,4.96864
2019-08-12,-1.34134,4.80808,3.24145,2.48643,2.49415,1.80876,3.5155,2.96126,4.56931,13.3586,9.45463,3.0071,1.86438,1.37708,2.57287,16,1440,-2.34216,5.00817,4.55854,3.894,3.54137,2.23255,4.58683,3.89067,4.50896,47.9341,20.6713,3.45419,2.46209,2.09645,3.96234,14,1440,3.22494,2.80124
2019-08-13,-4.51757,7.01649,6.51301,4.58513,6.51337,5.06052,5.49679,6.71816,7.57742,116.275,133.67,6.91937,3.84497,2.66804,4.93523,14,1440,-1.00307,7.97498,8.62914,5.4837,7.28684,4.42874,6.93931,7.86586,7.72889,326.763,132.081,9.12688,4.38867,4.24046,5.99301,14,1440,4.86177,5.18429
2019-08-14,-8.04843,19.3249,17.2236,17.6242,16.8673,16.0632,19.4014,16.4114,20.1703,641.568,433.664,16.35,10.5951,6.62853,18.6813,12,1440,-11.2125,29.7078,55.7471,65.33,49.1498,46.0053,47.2432,37.8926,29.2261,92871.8,15342.6,26.7254,47.315,8.43219,50.2458,10,1440,14.9528,19.3642
2019-08-16,0.364695,27.5238,29.2951,27.6171,27.7879,22.453,29.5762,27.7491,26.7268,2546.05,922.949,26.096,12.8246,16.4705,31.4167,11,1440,-1.68946,24.963,14.7252,13.8534,12.5437,12.0612,16.9689,14.0837,23.1399,609.636,287.349,12.8132,6.56226,8.16291,14.3978,15,1440,17.2226,17.0879
2019-08-17,-1.12443,14.552,13.1114,9.73785,8.73745,12.08,12.4629,11.7352,14.098,527.668,178.693,11.1482,6.80696,6.30446,11.3996,13,1440,0.383297,7.98087,6.00578,4.9918,5.91936,5.78063,6.41548,6.27464,7.82464,47.2998,80.6924,6.07197,3.00163,3.00415,5.95142,12,1440,7.89942,6.48752
2019-08-18,0.884485,8.55586,7.33563,6.57067,7.29795,5.75214,7.08622,6.68732,8.1701,116.067,47.4672,6.27136,2.76732,4.56831,6.29643,14,1440,4.60178,13.3578,12.5349,12.4339,12.0644,9.85769,11.8018,10.4631,10.7602,533.022,178.982,9.88997,3.91877,8.61618,11.1464,14,1440,7.15003,6.75719
2019-08-19,5.73855,8.90518,7.81143,8.81001,6.78281,10.5217,8.00841,8.53927,8.99374,192.256,222.618,7.27447,2.78724,5.02419,8.43887,12,1440,4.00951,10.6923,10.5465,11.9572,10.9216,12.3086,10.7277,10.1051,9.68132,218.71,161.398,8.9383,4.96388,5.58263,11.1549,11,1440,6.741,7.00221
2019-08-20,-1.43045,7.19145,6.69977,6.48137,6.10302,6.06626,6.7261,6.32792,7.00932,63.7451,43.3447,5.84387,3.65274,3.04703,6.50119,13,1440,-2.84817,8.18971,8.31094,8.91273,7.44868,7.07297,8.45323,7.43462,7.28708,138.45,77.4744,7.69029,4.95509,3.35585,8.47183,12,1440,5.25383,5.65628
2019-08-21,-5.91415,14.1099,15.5665,20.2982,18.2999,19.0062,16.6658,11.1516,14.9589,1844.26,238.206,10.1188,9.48962,6.07687,18.0145,11,1440,-4.76591,14.8798,16.6101,17.8398,16.6305,19.0371,17.1157,13.1881,14.5321,1231.82,326.11,11.2209,9.29281,7.31733,18.4324,11,1440,10.4516,12.6003
2019-08-22,-0.421788,12.1746,12.5052,10.9574,10.0835,13.0681,12.0269,11.5417,12.2092,257.125,189.735,10.6645,6.18158,6.32365,11.2928,13,1440,1.53523,19.5061,20.4228,13.4115,9.21104,12.3336,16.8184,19.6167,18.3115,809.55,540.39,18.1985,9.23219,11.1906,15.7032,14,1440,11.3321,12.3571
2019-08-23,2.8277,7.91154,7.14578,7.57568,6.5484,5.44835,7.65168,6.04644,6.51356,423.667,49.679,4.94984,2.29548,4.8503,7.86252,12,1440,1.90968,10.3131,10.0644,9.20074,9.31307,5.61257,9.53382,8.95127,8.76599,334.67,131.254,7.77611,4.07035,5.99405,9.59307,13,1440,6.32105,6.32737
2019-08-24,-2.48698,8.66457,9.59005,10.1122,10.5378,7.67682,9.72909,6.34735,8.15228,1073.71,63.2688,4.72696,5.93362,3.65643,10.2362,11,1440,-1.77843,9.0507,7.97637,7.69623,7.28808,4.3469,8.33527,7.54608,8.10341,234.276,109.972,7.13722,3.99735,3.97902,8.02837,12,1440,6.29592,6.87941
2019-08-25,0.0822605,11.6646,12.2959,9.49276,10.6619,10.4357,10.8622,9.15134,10.3481,1328.84,156.301,8.25284,7.16225,5.13366,10.369,12,1440,-2.15313,10.181,10.0292,7.92331,8.86049,8.84352,8.80831,7.56807,8.81902,745.079,140.663,5.77958,6.69402,3.33523,8.70088,12,1440,8.26035,9.37772
2019-08-26,2.23807,13.0169,20.4403,13.8804,17.4695,14.567,15.4514,14.5008,13.0671,13381.3,1587.14,9.18195,4.7755,15.6648,16.3886,9,1440,1.13538,11.8575,11.7976,9.7097,11.2799,14.4732,11.0974,8.22296,11.373,2750.81,179.559,6.01635,3.10989,8.68773,10.7234,12,1440,8.7476,13.3376
2019-08-27,-1.8213,5.99266,5.34626,3.6959,3.53082,2.09173,5.24885,5.19541,5.77375,44.8009,32.4073,4.85721,3.0066,2.33966,4.27968,16,1440,-0.760824,6.10703,5.32362,4.33639,4.33602,3.63031,5.32246,5.39429,5.45866,56.558,51.4808,4.9645,2.60117,2.72245,4.86389,14,1440,3.75685,3.67206
2019-08-28,-4.66325,11.9464,15.4223,17.1611,28.984,25.1625,17.0854,13.8719,10.9509,4955.38,529.141,15.5668,12.3218,3.10052,19.4683,9,1440,-7.89262,32.6252,55.5839,58.3659,65.4635,52.3494,48.3934,46.0606,27.7865,73421.4,46375.4,44.4811,45.2143,10.3696,50.814,8,1440,13.5238,20.2368
2019-08-29,-2.31609,10.1531,9.71772,7.47566,6.46984,6.65236,8.44446,8.93675,9.50025,543.801,184.145,7.73355,4.59332,5.1244,7.66023,12,1440,-2.35071,18.811,14.5401,12.3579,11.6404,12.5502,14.0804,13.981,17.6811,719.568,611.019,13.9102,6.78712,7.753,11.378,14,1440,9.74913,9.39323
2019-08-30,0.902381,6.20058,5.10802,3.516,2.94075,2.71287,5.44488,4.88093,5.92577,115.41,58.1513,4.67024,2.10461,3.00342,4.9219,15,1440,-0.302213,7.27828,5.92772,4.15547,3.96299,3.7316,6.46812,5.74573,6.83023,63.4696,43.1064,5.68778,2.92975,2.99797,6.5264,14,1440,4.70794,4.1459
2019-08-31,0.0305654,4.08853,2.81609,2.65247,2.99991,4.46278,3.17789,2.77071,4.02848,18.7458,13.2368,2.55628,1.39378,1.42231,2.94935,13,1440,1.80556,7.54548,6.36985,10.167,13.2784,20.6612,6.74584,6.19957,7.39776,197.141,172.437,6.00741,2.22226,4.14758,7.48457,11,1440,3.40351,2.85824
2019-09-01,1.42408,4.67732,3.8113,2.32795,1.76502,2.05381,3.62009,2.74738,4.11693,143.578,21.4848,2.0812,1.16473,2.64656,2.78271,15,1440,-0.484942,5.68529,5.12557,5.31168,3.87228,3.03912,4.75827,4.45812,5.52421,137.232,49.9042,3.551,2.31843,2.80714,4.39852,13,1440,3.12015,2.95551
2019-09-02,6.1322,7.0672,7.15544,5.3716,7.96159,8.1682,6.73797,7.73312,6.47239,172.602,246.01,8.05983,2.59378,4.56166,6.4319,13,1440,4.19225,10.3037,9.55131,8.45143,10.8168,7.916,9.90829,6.65602,7.72553,1048.32,71.5008,6.46769,2.89079,6.66052,9.58972,13,1440,5.24097,6.14401
2019-09-03,2.62746,9.59506,7.65179,8.09855,7.74544,6.26106,9.06517,7.06526,8.86108,149.121,73.4236,6.82228,3.23078,4.42101,9.38679,11,1440,0.392377,11.7147,11.0297,9.08846,11.5651,8.1368,11.0857,8.30263,9.84862,546.298,73.2303,7.91603,4.76328,6.26645,10.6702,12,1440,7.46301,6.36949
2019-09-04,-0.455664,8.49867,8.15389,8.39115,7.39453,8.40991,8.30968,5.76503,7.38688,322.964,33.5877,5.54652,4.45178,3.70211,8.80209,13,1440,-2.28035,9.08045,6.46222,6.30079,5.8897,7.53502,6.55308,5.98965,8.08547,56.0966,40.9386,5.95789,3.55691,2.90531,6.54285,14,1440,6.61857,5.67405
2019-09-05,-0.0239453,6.11948,5.34615,4.48406,2.8889,2.43806,5.83951,4.74778,5.52892,96.5116,30.7478,4.80582,2.25878,3.08737,5.01358,15,1440,-0.556721,8.09707,5.82501,5.68953,3.57399,4.05602,6.46655,4.2233,6.44717,145.909,35.0202,4.22097,2.87621,2.94881,5.73351,15,1440,4.94012,4.05906
2019-09-06,-2.54778,14.4385,12.361,16.4158,19.9258,19.32,12.4568,12.79,13.4807,1253.08,1284.5,12.1089,9.08848,3.27257,14.0048,12,1440,-2.72455,10.3464,10.1504,12.1279,12.498,10.4527,9.59382,7.39222,9.81555,928.061,182.48,7.05446,7.19148,2.95888,10.2792,12,1440,8.71675,8.65505
2019-09-07,1.51439,5.06867,3.52835,3.96509,2.26045,1.83544,3.84306,2.99859,4.76538,28.6576,11.8165,2.8593,1.57119,1.95716,3.45951,15,1440,4.92745,8.41383,8.43537,12.6081,8.03445,9.42159,8.41424,7.12388,7.07676,489.587,171.308,6.29769,2.55622,5.87914,9.12456,10,1440,4.29533,3.49878
2019-09-08,-0.716995,6.20281,5.44321,3.84419,3.90617,2.68816,5.31444,3.91313,4.23486,704.04,47.4826,2.99068,3.82115,1.62206,4.9123,15,1440,1.98998,15.0962,14.068,14.0092,14.4342,13.1165,13.599,10.5252,14.0443,1091.98,192.908,9.07261,6.98257,7.08546,13.1714,13,1440,6.37324,6.22597
2019-09-09,-0.754779,8.4588,7.1717,7.26267,9.27169,7.98658,8.27365,6.39529,8.12163,198.53,88.9544,5.76816,3.34242,3.82928,7.92361,14,1440,-0.359384,14.4468,10.4152,9.85444,11.4194,8.54036,10.8983,9.2984,12.6095,251.357,103.436,8.73854,5.46488,4.95033,10.319,15,1440,7.8797,7.04024
2019-09-10,-2.00945,6.6582,5.60256,6.51738,5.27024,4.22282,6.3007,3.99498,6.75656,395.673,40.0121,3.47594,3.71762,1.88494,6.34303,13,1440,-0.405162,8.38717,7.04295,7.38607,7.7701,3.5662,7.51083,7.35592,8.0274,53.5738,73.639,7.21637,3.59384,3.44911,6.75379,14,1440,5.41135,3.98458
2019-09-11,0.594182,7.0216,5.709,4.51374,5.16725,4.19558,6.33432,5.38217,6.61292,63.5216,40.8558,5.3399,2.3793,3.32969,6.17464,14,1440,-0.854539,10.2565,7.0838,6.3585,6.82821,5.5849,7.82174,6.08654,9.12363,143.82,48.4126,5.93685,3.14142,3.94237,7.53497,15,1440,6.7558,5.19004
2019-09-12,2.4954,3.8415,4.08527,3.61466,3.68659,3.32225,3.86023,4.28021,3.46011,18.4778,22.6988,4.4756,1.79451,2.29076,3.60146,13,1440,1.35935,3.56625,3.90516,3.55138,2.18395,2.17045,3.71319,3.92458,3.19666,18.5511,18.6747,3.84354,1.8408,2.06436,3.34346,14,1440,2.69354,3.11259
2019-09-13,-0.702896,3.59149,3.7606,3.05725,2.2848,2.27424,3.65033,3.51138,3.47087,41.9348,16.779,3.22084,2.09273,1.66787,3.24438,13,1440,0.127188,3.2177,2.71266,2.65364,2.29129,2.35636,2.79854,2.48551,2.91642,12.468,9.7378,2.30617,1.32512,1.38754,2.76228,13,1440,2.20687,2.46914
2019-09-14,-0.0680947,2.69269,2.4125,2.132,1.69105,1.08726,2.36923,2.25625,2.63382,27.7776,9.95703,2.16996,1.41913,0.993368,2.06492,15,1440,3.89125,4.93887,4.64019,6.40592,6.48243,7.06572,5.42384,4.74546,5.19154,63.0843,50.8245,4.30593,1.60269,3.0375,5.70535,12,1440,2.08323,2.08708
2019-09-15,-0.319911,1.43311,1.10542,1.00323,0.795861,0.601852,1.15697,0.992275,1.33644,1.40653,1.22014,1.11218,0.533696,0.571728,1.0257,15,1440,0.477252,4.11375,3.83159,4.25553,4.36478,3.92357,4.04049,3.47729,3.66721,25.6316,17.8637,3.23221,1.90974,1.92185,4.20799,12,1440,1.45028,1.38447
2019-09-16,-0.493352,3.96514,4.21535,3.26899,3.27056,3.61439,4.06133,2.71905,3.16957,328.171,17.0901,1.91972,2.42134,1.79401,3.98719,12,1440,4.24141,9.91014,13.6752,12.7835,14.9578,23.3238,11.3067,11.1391,9.41396,1463.45,293.238,7.79115,4.84525,8.83,12.7722,10,1440,3.53481,4.43177
2019-09-17,-0.621261,2.91452,2.36132,1.78752,1.27308,1.47586,2.3688,2.13345,2.6469,13.8995,5.95989,2.14849,1.02682,1.3345,1.86535,15,1440,5.24487,15.8724,22.65,19.8405,14.0642,22.5643,17.571,16.5052,15.6775,8783.08,1068.16,11.7473,6.08131,16.5686,18.1308,12,1440,3.80828,4.40156
2019-09-18,-0.303075,2.25099,1.78865,1.18156,0.938321,0.743955,1.7153,1.66247,2.12523,9.35666,4.46232,1.55906,0.787993,1.00065,1.26741,18,1440,1.13385,15.2407,15.7391,13.2749,10.7759,12.5486,13.0154,14.9573,14.5563,653.028,412.077,15.8496,7.59346,8.14563,11.551,14,1440,3.27898,3.53903
2019-09-19,0.855834,11.0613,17.7562,18.2366,17.7169,13.7092,18.512,7.04944,12.0017,11872,83.0718,5.14728,12.2985,5.45772,19.8235,10,1440,4.66108,19.0011,21.7236,23.7984,23.3803,25.5616,21.7035,20.2034,17.8265,1654.88,787.326,15.9442,9.66981,12.0538,21.962,13,1440,7.16392,9.92415
2019-09-20,-0.741692,2.83681,3.0663,2.36,1.77015,1.702,2.61476,2.99757,2.59131,14.0316,13.8011,3.02809,1.7159,1.3504,2.21188,13,1440,-1.00852,10.7838,9.78676,7.64834,7.93526,8.29803,9.34348,9.44118,10.1884,107.353,106.686,9.47591,5.17293,4.61383,8.13566,14,1440,3.47253,3.78721
2019-09-21,-1.80804,4.36055,3.84025,3.85627,2.76067,2.16938,3.0798,3.53075,4.22865,98.5994,24.8758,3.79343,2.22625,1.614,2.73578,15,1440,-1.37621,8.37514,7.63626,6.36608,5.8197,4.42945,7.09646,7.09896,8.14716,123.912,58.7852,7.12558,4.07602,3.56024,6.17067,13,1440,3.55106,3.48453
2019-09-22,0.424477,4.67455,3.92319,2.5885,2.35386,2.55768,3.90916,3.83155,4.58902,21.9222,17.5278,3.92462,1.66111,2.26208,3.24672,15,1440,-1.8065,10.7951,9.7247,8.29654,8.19407,8.7763,9.84673,9.95727,10.3942,125.371,136.673,10.6411,5.22541,4.49929,9.58139,14,1440,4.65455,4.55693
2019-09-23,-3.31101,8.23499,6.06407,4.0357,3.36892,1.64355,6.02769,5.54044,8.17744,220.158,100.901,5.18251,3.37723,2.68684,4.33653,17,1440,-4.80589,13.5084,11.5173,7.93601,8.88334,5.1281,12.3232,10.1218,13.6013,617.256,218.254,9.82508,7.4944,4.02291,11.4542,13,1440,7.27921,5.58409
2019-09-24,-13.3099,92.9686,129.309,204.755,98.0225,110.22,102.656,129.178,96.6793,321764,156565,120.371,89.0313,40.2779,112.227,12,1440,-19.3904,159.799,225.416,366.477,201.275,202.29,181.33,228.624,172.621,977918,457528,219.455,156.705,68.7109,199.651,11,1440,96.594,160.543
2019-09-25,-0.745608,24.1478,22.8657,18.6975,20.4578,23.3705,22.3407,22.8297,23.7034,714.766,512.228,22.646,10.7155,12.1501,20.6314,13,1440,2.47206,43.2548,41.5511,35.8276,31.904,36.0853,37.8676,42.1145,43.0091,2191.78,1985.97,42.8193,18.4943,23.0568,34.573,12,1440,27.1997,26.7253
2019-09-26,-4.44265,38.0649,30.1255,25.4484,28.6955,24.5089,32.7217,25.6185,32.0468,7284.59,2076.86,24.2994,19.4464,10.6792,28.8349,13,1440,-2.40574,46.5286,33.6844,38.4846,41.7438,27.8028,40.5728,32.4262,44.7944,5166.66,4359.83,29.413,19.2765,14.4079,39.2085,13,1440,36.5393,27.7837
2019-09-27,1.40604,11.9931,13.3303,12.5136,9.47463,9.36289,12.8564,12.9824,11.8131,292.962,282.89,13.6085,6.49612,6.83413,12.1886,12,1440,4.63419,20.4089,23.4142,23.013,18.3041,20.9657,22.3456,21.7065,19.6272,1866.7,1035.28,18.7288,8.44693,14.9673,22.094,11,1440,12.1166,14.1356
2019-09-28,0.255241,9.2206,11.7125,16.7985,5.56653,3.91351,9.27622,11.7231,8.94698,2199.76,1451.14,9.79129,4.46634,7.24617,7.931,15,1440,-0.172771,15.9789,15.3548,16.7835,13.8897,9.76558,15.3596,11.8321,16.8777,1323.17,293.868,11.0189,5.75228,9.60256,14.8043,14,1440,8.5196,10.0304
2019-09-29,-1.90849,8.23381,7.88525,5.0276,3.96564,3.70716,8.00159,7.32394,8.25745,193.553,62.6946,6.35532,3.6639,4.22135,6.82914,14,1440,-2.48021,15.7956,17.1786,13.0888,11.2983,10.3133,16.6516,14.0733,15.0934,864.313,227.957,14.1789,7.74255,9.43603,15.0361,14,1440,8.43845,9.97841
2019-09-30,3.00663,16.6049,15.4848,15.1866,11.9022,14.7414,16.2011,15.4028,14.5966,639.257,974.965,15.2736,6.46376,9.02108,16.3757,14,1440,6.63501,19.7216,19.3443,20.7821,17.6305,23.5058,20.5921,18.6898,17.6815,779.385,655.99,17.9893,7.11279,12.2315,21.0824,12,1440,13.198,13.9631
2019-10-01,0.0373904,11.4748,12.0282,10.1685,10.8549,11.4845,11.7604,10.7663,11.4164,260.154,113.396,9.50892,6.35402,5.67418,11.6041,12,1440,-2.91176,21.7601,21.0828,19.7204,19.7787,15.6219,21.163,20.4962,20.5132,885.835,445.433,19.6556,12.1465,8.9363,19.7386,12,1440,12.4239,12.478
2019-10-02,0.810699,6.173,5.14868,4.5956,4.08049,3.41523,5.29342,5.42193,5.816,28.7219,30.4791,5.35415,2.35408,2.7946,4.67969,14,1440,2.5739,9.95874,8.78568,8.28602,8.12343,5.13027,9.03954,8.7771,9.5319,109.293,76.0194,8.53268,3.55923,5.22644,8.63779,12,1440,5.98454,5.3818
2019-10-03,-1.63994,5.87309,5.81632,5.51325,4.76586,4.90791,5.32507,5.4575,5.21168,121.413,39.4478,4.84253,3.17894,2.63738,4.84122,14,1440,-3.12763,9.22198,10.654,11.6883,8.20942,9.61106,9.09516,9.19772,8.98381,772.62,140.823,8.47347,6.85484,3.79916,8.66078,12,1440,5.51301,6.61384
2019-10-04,-1.06143,5.75235,5.19509,3.36993,3.22801,4.29293,5.07726,5.14675,5.54948,36.281,33.76,5.2896,2.90178,2.29331,4.70807,14,1440,0.491093,8.69051,9.31159,7.60772,7.73749,8.90178,8.69905,9.33344,8.32414,102.445,104.542,9.578,4.4933,4.81829,8.35387,13,1440,5.27759,5.71485
2019-10-05,-0.134536,4.04028,3.5152,2.65908,2.80851,1.84722,3.46623,3.60044,3.7721,16.7684,20.1328,3.82332,1.57231,1.9429,3.01024,15,1440,0.397954,7.70661,8.24907,6.07483,7.07285,5.86328,7.5353,8.05887,7.05314,99.9729,68.1342,7.59244,3.9732,4.27588,6.97318,13,1440,3.90471,4.1727
2019-10-06,-3.40374,10.3779,9.84225,7.38878,9.64,11.1226,9.55623,7.56004,10.4634,924.921,102.047,6.55184,6.52565,3.3166,8.287,12,1440,-3.55169,10.6235,12.6832,10.489,11.5611,13.4326,10.9141,10.3368,10.5489,1471.62,193.157,8.47225,8.1254,4.55782,9.90847,12,1440,7.16816,9.42372
2019-10-07,4.18701,9.00565,7.62486,6.87436,6.21014,6.13982,8.0657,7.13873,8.89296,96.1101,75.4489,6.0982,2.68971,4.93515,7.81869,12,1440,5.57367,14.1231,13.1754,12.5467,13.7133,12.9523,13.9143,10.0832,12.9256,708.525,115.391,8.96609,4.20942,8.966,13.7604,12,1440,8.20291,7.27336
2019-10-08,-0.265306,5.25119,4.67906,3.91296,2.87744,2.64427,4.70867,4.79869,4.97031,21.8366,22.7194,4.92217,2.30691,2.37215,4.40716,13,1440,0.416147,9.2918,8.75981,8.52024,8.17697,9.85308,8.67459,9.08677,9.08521,104.443,128.311,8.87279,4.00404,4.75577,8.17901,11,1440,5.10229,4.72913
2019-10-09,4.69148,10.0516,8.06484,9.7023,10.5838,9.38778,9.21208,8.09579,9.83243,341.613,268.237,7.40466,2.34545,5.71939,9.02657,13,1440,6.44347,18.1071,18.364,17.6733,20.2478,18.2677,17.6317,12.6627,16.7316,2376.64,416.591,11.2557,5.12667,13.2374,18.5158,10,1440,9.02821,7.6808
2019-10-10,-0.0316612,4.67161,4.40603,3.6758,2.60824,2.80813,4.61716,4.1592,4.54282,21.7083,15.661,4.24179,2.26955,2.13647,4.03132,14,1440,-0.771319,10.667,10.0281,8.31763,6.77594,5.31126,10.8784,9.17726,9.92279,127.62,86.4908,9.42364,5.0782,4.94994,9.40006,14,1440,5.03803,4.99572
2019-10-11,-3.56271,10.7624,10.8581,13.6623,17.1757,14.718,11.2944,6.79835,9.37329,1201.18,127.178,7.14641,6.94008,3.91797,11.5945,11,1440,-5.60573,21.2114,18.4435,18.5309,24.7702,22.3481,21.6475,15.7449,15.7975,2541.94,852.358,13.714,12.7154,5.72812,22.0559,11,1440,11.2166,11.07
2019-10-12,0.502339,3.27052,2.5795,2.29367,2.01799,1.28934,2.44958,2.4112,3.25159,8.74556,5.28576,2.30732,1.26972,1.30979,2.10572,14,1440,-0.577138,9.82771,6.83998,6.22673,4.65485,3.76572,7.11727,5.89867,8.83156,125.857,34.5855,5.48814,3.85515,2.98483,5.99086,16,1440,3.63278,3.07137
2019-10-13,-0.302623,5.75284,4.51704,5.26368,5.43822,5.39364,5.42632,4.96226,4.76676,133.448,256.29,4.60084,3.09391,1.42313,6.43423,11,1440,0.726429,6.79615,5.82136,4.94505,4.37314,3.8245,5.75516,5.58756,6.36085,75.8278,63.2079,5.25904,2.95412,2.86724,5.97753,12,1440,3.96666,3.8249
2019-10-14,0.880582,4.86689,3.69255,3.57645,2.45386,2.17893,4.17546,3.2975,3.97258,97.9326,44.3809,2.9763,1.79433,1.89821,3.67929,15,1440,3.11684,7.13547,6.53487,5.93326,5.7178,6.4384,6.88973,5.90151,6.69667,454.269,170.597,4.47931,1.73258,4.80229,7.295,12,1440,3.98946,3.69138
2019-10-15,-2.28888,6.78056,4.63317,4.93132,4.87968,4.31859,5.3072,3.33489,5.46241,278.906,37.533,2.41409,2.83185,1.80132,4.46973,13,1440,-3.39348,12.2847,9.90411,9.16957,7.85421,7.95471,10.6134,5.83812,12.1349,1199.11,38.5495,5.1062,6.62801,3.2761,9.16813,13,1440,6.66402,5.51395
2019-10-16,-2.07486,5.10154,3.10321,2.67339,2.65515,2.68769,3.462,3.03681,5.33793,30.9921,14.4658,3.18412,1.81656,1.28666,2.90604,15,1440,-3.39226,9.8369,6.58254,5.30093,5.50891,5.5636,7.46999,5.79875,9.53627,169.9,75.0548,6.07952,3.92927,2.65326,7.04814,13,1440,5.69565,3.80628
2019-10-17,0.981684,3.67277,2.73807,2.54716,2.97956,2.18873,2.63998,2.46464,3.49413,17.9598,9.84483,2.41321,1.16106,1.57702,2.48722,14,1440,1.53005,5.16016,4.38319,3.97901,4.39575,3.10679,4.4269,4.37035,4.9727,25.4752,23.9914,4.47824,1.84029,2.5429,4.21395,13,1440,3.04039,2.63978
2019-10-18,-1.54296,6.16835,5.13035,4.63646,4.42991,4.84828,4.98129,4.76882,5.60893,253.195,65.6497,4.13312,3.52604,1.6043,5.1134,12,1440,-2.52657,9.48474,8.83665,7.81807,7.18345,5.54292,8.25414,8.04966,8.67118,263.314,109.48,7.20531,5.18784,3.64881,7.56682,14,1440,5.35678,5.07508
2019-10-19,0.0125826,6.60166,4.71198,4.46906,4.24375,2.3925,5.16348,2.41442,5.68251,438.322,8.16968,2.13778,1.43834,3.27364,4.34771,14,1440,-0.551477,8.24635,6.80969,5.79639,5.34041,3.9199,7.05565,5.5212,7.54321,255.512,39.0578,4.92673,2.85101,3.95867,6.34388,13,1440,5.84401,4.59221
2019-10-20,3.40561,5.45272,4.32035,3.7271,3.22431,3.82613,4.17408,3.86715,5.11391,30.9669,20.9091,3.93006,1.69182,2.62853,3.81587,13,1440,1.97695,6.57632,5.96405,4.69803,3.32279,3.248,5.71255,5.36539,6.20488,73.5985,32.4374,5.17712,2.49628,3.46778,4.87289,13,1440,4.42897,4.02567
2019-10-21,-0.31765,3.93857,2.8048,2.10084,2.17116,2.64855,3.06027,2.49925,3.65366,13.2819,7.99469,2.49175,1.45682,1.34798,2.3419,14,1440,-0.710198,6.07112,6.40202,5.56951,6.32335,8.30734,6.62085,4.35023,5.37894,346.668,43.4574,3.92819,3.57181,2.83021,6.21139,12,1440,3.52121,3.13997
2019-10-22,-2.18628,4.43038,2.73834,2.36345,2.78256,2.32306,3.17531,2.29277,4.2748,24.8616,9.3706,2.2266,1.80463,0.933702,2.48554,15,1440,-1.61079,4.8838,3.96622,2.59836,2.95453,3.08686,4.31575,3.84129,4.71351,19.5827,16.0042,3.78144,2.24391,1.72231,3.66166,14,1440,3.13631,2.00639
2019-10-23,-7.1496,16.9931,32.1398,33.502,29.6014,33.0456,25.5906,13.8631,15.7885,60191,1080.81,7.64456,28.9842,3.15562,28.2506,10,1440,-5.3078,24.4727,36.1545,29.95,24.5852,24.9394,34.6326,18.0794,23.6145,27762.3,2294.33,15.0665,29.3955,6.75898,36.57,12,1440,14.3413,28.1448
2019-10-24,-0.72868,4.63155,3.20864,3.50301,2.91184,2.67519,3.38011,2.87571,4.52217,15.3208,8.01255,2.68363,1.6716,1.53704,2.89996,14,1440,-1.22085,7.03332,6.17402,6.73041,5.98534,5.4056,6.35751,5.97643,6.92178,53.4011,53.816,5.95514,3.01103,3.16299,6.30622,12,1440,3.84184,3.37964
2019-10-25,15.4984,35.072,49.9547,45.4348,65.303,67.5975,48.4973,31.3655,35.6735,76819.8,3474.22,23.2054,6.5872,43.3674,52.0593,9,1440,12.371,29.768,43.9897,36.0156,42.69,36.5365,44.3139,28.8888,33.2322,25705.3,1912.4,28.4576,13.6715,30.3182,45.7424,9,1440,24.137,40.482
2019-10-26,6.43195,109.372,146.373,145.376,101.332,147.018,110.66,149.897,113.934,206837,140613,138.037,52.6621,93.7109,98.2248,12,1440,-1.11362,65.8982,60.4257,43.4493,43.6017,54.3082,51.7944,58.6599,70.84,9673.38,7662.22,62.7598,27.3616,33.0642,45.7085,13,1440,70.3798,80.1713
2019-10-27,3.19783,36.0394,29.0937,28.9591,32.4158,15.6784,32.3496,24.7761,35.5906,2256.35,805.055,23.1091,13.3209,15.7727,29.4546,14,1440,2.34566,27.773,25.002,22.5126,22.1485,13.9448,25.7725,19.7691,26.707,1899.04,506.758,20.9505,11.8899,13.1121,23.7923,13,1440,25.3235,21.9031
2019-10-28,-3.46753,23.3671,23.333,19.3919,21.6717,16.1622,22.2679,18.9965,23.8451,2270.64,573.217,17.6854,14.6299,8.70316,20.8324,13,1440,-1.11091,18.7362,17.3118,14.8059,13.0989,12.0151,16.0695,17.8054,19.1359,393.091,409.662,17.1502,8.78339,8.52845,14.4838,13,1440,16.8874,15.9364
2019-10-29,2.1758,19.2111,15.0996,16.9977,12.7051,11.5068,17.4536,12.636,18.6991,1932.28,299.328,10.8432,7.87766,7.22196,16.7165,14,1440,4.69752,13.4827,13.0044,16.8521,11.6498,10.5828,14.4079,13.6631,13.6539,345.204,373.76,12.6834,4.90918,8.09524,15.8091,12,1440,11.6623,10.6656
2019-10-30,-2.72504,11.6604,9.0305,7.46155,7.63655,7.3225,9.30045,8.26062,11.2658,134.483,100.306,8.23371,5.23939,3.79111,7.04322,15,1440,-3.92459,13.4991,13.3262,12.5314,14.6109,11.4458,13.2621,11.9568,12.9245,416.945,180.92,12.0519,8.3493,4.97695,11.4779,14,1440,9.4968,8.72159
2019-10-31,-0.151621,13.0418,12.4494,16.0713,10.5994,8.80263,11.6738,11.6704,13.458,713.631,767.805,9.94097,5.72935,6.7201,11.3249,12,1440,-0.520107,11.8949,11.3632,10.6191,10.916,9.85871,10.9262,11.5304,11.5399,224.806,261.664,10.8596,5.13099,6.23223,10.653,12,1440,9.5858,9.55227
2019-11-01,0.988009,9.96938,6.22952,5.16925,6.24144,4.62114,7.31925,5.84478,10.093,65.1867,46.8482,5.33509,3.00399,3.22553,5.49242,15,1440,0.367094,7.42445,6.9023,6.32923,7.61667,8.07001,6.42993,6.27151,6.79799,133.918,69.2642,5.35236,3.81085,3.09146,5.96723,12,1440,6.51501,5.07267
2019-11-02,0.625342,4.44707,2.2832,1.79547,1.91765,1.79639,2.70185,1.90145,3.75651,9.04906,3.70727,2.08487,1.13042,1.15279,1.91978,17,1440,0.0328084,3.7875,2.22637,2.5055,2.70043,1.9212,2.96083,1.97708,3.49613,6.8078,4.51043,2.18625,1.19215,1.03422,2.57881,13,1440,2.9784,1.57129
2019-11-03,-1.02586,4.0635,3.3714,2.5024,2.15899,2.35418,3.21175,3.05861,3.83773,41.8928,17.5835,2.66472,1.73014,1.64125,2.94472,14,1440,-0.751821,3.87426,3.44665,2.76183,2.37879,2.35708,3.19099,3.35945,3.69594,24.0998,20.8776,3.02794,1.66188,1.78477,3.18726,14,1440,2.81316,2.56944
2019-11-04,2.13737,5.17268,5.14319,4.27008,5.30727,5.96109,5.56788,3.22712,5.1356,656.186,29.493,2.39113,1.21543,3.92776,5.32421,11,1440,2.27103,5.2542,5.23537,4.21844,3.02184,3.11083,4.9533,4.04771,5.32931,147.613,41.4396,3.97036,1.80119,3.43419,4.86476,12,1440,3.36394,3.82403
2019-11-05,-0.905684,6.42086,5.55291,4.97814,4.54767,4.94212,5.31602,5.12275,6.24491,114.733,46.6346,4.56892,3.17639,2.37652,4.72643,13,1440,1.58661,7.91162,6.46275,6.66699,5.3589,6.30598,6.74448,6.24787,7.49922,101.876,52.5314,5.91671,2.76072,3.70204,6.77291,12,1440,5.28673,4.46614
2019-11-06,0.325938,3.15525,2.48899,1.58588,1.5091,1.10039,2.61754,2.40906,3.14965,7.56413,6.30725,2.53815,1.16767,1.32133,2.21762,14,1440,1.30583,5.63957,5.03264,5.413,5.22152,5.68674,5.43341,4.92683,5.15674,27.0056,29.391,5.01529,2.41236,2.62028,5.46936,12,1440,2.95041,2.49556
2019-11-07,-1.32417,3.57662,3.16271,3.28294,3.18847,0.893848,2.99185,3.17851,3.53321,40.5932,28.0418,3.43799,1.70387,1.45884,2.47003,15,1440,-2.37149,5.72701,4.76929,5.46762,4.96947,2.60136,4.80631,5.09536,5.25216,31.1186,45.6989,5.00239,2.69972,2.06957,4.72173,14,1440,3.22932,2.73949
2019-11-08,-4.92008,9.29681,6.78257,7.57371,8.10679,8.69011,8.39181,6.59997,9.34741,135.369,70.9692,6.51994,4.59734,2.18524,8.13756,12,1440,-1.58742,6.20168,4.6917,5.30137,3.80083,3.11162,4.72425,5.26307,6.05788,22.7694,47.4539,5.24602,2.43398,2.25771,4.59835,14,1440,5.91384,4.14571
2019-11-09,0.405844,3.91141,3.43799,2.14042,1.78371,1.93646,3.02443,3.13138,4.00377,55.5973,11.5081,3.26463,1.78868,1.64931,2.5101,13,1440,0.623934,3.41924,2.92769,2.06946,1.76874,1.89724,2.64897,2.70077,3.40118,14.8723,9.77999,2.66209,1.42615,1.50153,2.4557,14,1440,2.69871,2.33116
2019-11-10,2.57801,7.33113,9.39716,9.46371,9.42561,8.00084,10.0484,3.1029,6.24837,4840.44,15.8347,2.52562,1.16912,8.22804,9.68223,11,1440,2.17743,9.6776,8.48692,9.77995,8.96135,7.75894,8.0107,7.12153,9.93865,1667.09,249.823,5.21262,1.63969,6.84722,7.33264,13,1440,3.05199,7.34597
2019-11-11,-3.44607,7.08224,5.13134,4.55055,4.73217,5.62503,5.76133,4.39139,6.6253,79.9052,32.4919,3.5009,3.45305,1.67829,5.30997,14,1440,-2.12876,5.18781,3.66875,2.39185,3.22485,2.87466,3.71437,3.39355,5.13904,31.1414,20.4273,3.06404,2.31212,1.35663,2.99858,15,1440,4.49223,3.22856
2019-11-12,1.01019,7.75038,4.36649,3.90626,2.18212,1.20612,5.92372,3.87253,7.11668,65.6086,47.2529,4.21881,1.96796,2.39853,4.98415,17,1440,1.13421,4.91314,3.33079,3.76099,3.11424,2.73114,4.38216,3.36539,4.75287,22.0339,17.8177,3.02653,1.53739,1.7934,4.45655,13,1440,4.48754,2.69581
2019-11-14,-1.49729,3.20746,2.33326,1.81251,1.82756,1.97408,2.58269,2.24878,3.28704,12.0895,7.34508,2.15002,1.22225,1.11101,2.17584,14,1440,-1.71036,4.0245,3.06159,3.03242,2.73285,2.28209,3.59592,2.95451,3.55816,12.1544,11.3612,2.83061,1.6385,1.42308,3.35441,14,1440,2.48057,1.94702
2019-11-15,-2.04407,9.38869,6.22141,4.91219,4.97479,7.64101,8.06176,6.02115,8.37867,233.581,122.845,5.38307,3.53327,2.68814,7.2644,14,1440,-2.69664,8.86849,7.8373,6.92032,6.53894,7.05083,8.49017,6.34854,8.58348,223.029,78.3793,6.04583,4.83318,3.00412,7.64469,14,1440,6.43585,4.83107
2019-11-16,0.22744,2.25379,1.7338,0.885191,0.909466,0.649264,1.50195,1.55842,2.25929,9.28194,3.60528,1.37004,0.877159,0.856643,1.12972,16,1440,1.30807,3.07168,2.86736,2.22682,2.01123,2.17407,2.79682,2.10425,2.71138,39.8812,4.3391,2.17825,1.06641,1.80095,2.61016,14,1440,1.79588,1.60453
2019-11-17,0.133934,3.66299,2.62317,2.27511,2.75518,3.59865,2.89484,2.95845,3.77672,18.6948,42.574,2.77798,1.19651,1.42666,2.9352,13,1440,0.791943,3.83569,3.37708,3.53458,3.85324,3.99709,3.42686,3.43222,3.63344,16.4098,19.1541,3.27226,1.52161,1.85547,3.51193,13,1440,2.56443,2.01706
2019-11-18,-3.77802,6.52241,4.85876,6.08747,7.22867,4.48263,5.90286,4.13631,6.41997,197.25,42.7506,3.20502,3.23491,1.62385,6.25426,12,1440,-3.10505,4.78534,5.10142,5.05801,5.20305,2.432,5.14367,5.1407,4.80764,78.3333,136.576,5.02033,3.05123,2.05019,5.57848,11,1440,4.14071,3.61341
2019-11-19,-0.655975,5.16142,4.10923,3.31396,2.1669,1.97496,3.99373,4.05113,5.49287,27.5293,24.0126,4.13152,1.98215,2.12708,3.30677,14,1440,-1.27635,6.84814,6.83011,4.60286,4.62152,3.66875,6.39691,6.8545,6.94302,98.4642,95.5173,6.65969,3.53294,3.29717,5.66422,14,1440,4.47949,4.36648
2019-11-20,-0.43902,3.57102,2.81093,2.51495,2.25719,1.56505,3.07439,2.08071,3.4931,24.4964,4.79403,2.01959,1.46673,1.3442,2.85007,14,1440,-0.695834,4.6999,5.3315,5.55657,5.48465,4.73881,5.39784,4.82756,4.51453,39.4526,23.5988,4.95059,2.73564,2.59586,5.53571,12,1440,2.9093,2.85592
2019-11-21,-5.98268,13.1023,21.4431,13.4441,8.65196,11.3349,16.1776,15.4574,12.8346,21505.7,2184.76,8.73579,17.8129,3.63022,17.0242,12,1440,-8.17182,22.8062,36.1142,18.8737,14.8758,20.8587,22.4679,32.0678,20.5413,39479.9,9340.13,25.78,27.3651,8.74908,23.1064,12,1440,13.853,25.5674
2019-11-22,-4.82788,46.6186,35.2241,28.331,31.5355,35.6647,39.6185,32.5917,47.5992,7134.07,2249.92,31.2176,22.7206,12.5035,36.3926,13,1440,-7.37688,68.6938,71.1846,51.4258,54.9484,66.8172,69.5317,74.7599,70.0005,12782.2,11123.7,66.2162,43.4068,27.7778,69.1899,12,1440,48.2596,45.0638
2019-11-23,0.594523,11.3683,9.57248,7.63277,5.68125,5.26051,10.3999,9.1722,11.9658,104.269,81.5791,8.98515,4.94918,4.6233,8.78571,14,1440,1.51297,19.3286,18.0265,16.4558,12.4712,11.6352,19.9068,17.1286,19.9516,530.195,335.726,16.179,9.56885,8.45768,18.187,13,1440,12.0431,10.6073
2019-11-24,-5.74614,16.3095,16.3123,12.0202,11.3071,13.1445,15.6644,13.8333,16.7283,1016.71,281.879,12.8731,10.0621,6.25024,14.5136,13,1440,-8.14707,19.1924,17.8227,16.9417,15.1649,19.1235,19.838,16.4764,19.5355,905.12,1009.57,15.8723,11.2958,6.52694,19.2222,13,1440,14.0378,14.0791
2019-11-25,2.94451,39.7568,36.9934,39.7397,38.6863,37.5206,38.783,30.9647,38.4673,6283.05,1541.45,28.3471,17.2312,19.7622,37.1119,13,1320,4.01244,59.7526,51.4926,54.8675,54.3804,58.5647,59.0941,50.1934,60.6219,4975.52,5531.65,46.4241,27.9382,23.5545,55.2455,13,1320,40.9563,36.6829
2019-11-26,0.652897,16.8167,17.8774,13.6609,10.7275,8.02219,16.1747,16.4502,17.6524,824.121,317.875,15.7913,9.10247,8.77489,14.8194,12,1440,1.21437,16.8304,16.9394,16.8989,12.3539,9.65794,15.7709,15.9105,16.2391,361.634,247.041,16.8069,8.5944,8.34505,15.1236,12,1440,14.308,15.1087
2019-11-27,4.80676,27.2141,24.0627,22.7186,27.9313,28.6112,25.8299,23.5305,24.2828,1856.96,1084.31,18.218,8.93474,15.1279,27.0993,12,1440,3.43264,22.3805,24.5563,20.9029,24.0431,24.4628,24.5924,23.1464,22.2188,1285.66,739.25,22.7713,10.7764,13.7799,25.6109,12,1440,19.9262,20.8314
2019-11-28,-1.19281,11.4009,10.294,9.80031,13.2734,11.7812,10.6987,10.2246,11.7315,213.147,209.645,9.56462,5.31758,4.97647,10.57,12,1440,-1.25274,11.5039,11.7205,10.0203,11.2541,11.2409,11.6227,11.5769,10.8612,258.45,234.306,10.5028,6.19585,5.5246,11.4545,12,1440,8.55894,8.61548
2019-11-29,4.225,12.9599,12.293,9.37483,7.91461,8.88347,11.7392,10.2111,12.0685,1035.01,232.779,9.61671,3.9097,8.38334,11.1945,14,1440,2.52233,12.1134,9.9031,7.96679,7.10122,9.76245,10.7398,9.33292,11.4307,261.743,120.079,9.93248,4.17442,5.72868,10.2493,14,1440,9.66341,9.42867
2019-11-30,-2.58875,8.49923,7.43515,6.36951,6.46671,5.87025,7.59936,7.39057,8.48181,106.476,86.3145,6.89413,4.18571,3.24944,6.82055,16,1440,-2.09199,7.02245,6.67724,5.21184,4.56497,3.99201,6.69108,6.45889,6.45615,67.1895,61.5657,6.65991,3.88626,2.79098,6.63113,14,1440,6.17884,5.82594
2019-12-01,-2.02247,12.7498,10.2578,9.44667,10.1883,9.32931,11.2807,9.68704,13.0952,129.388,81.6163,9.0607,5.25684,5.00091,10.6423,14,1440,-0.423701,13.4748,11.3113,9.48556,10.8526,10.9002,11.9161,11.0522,13.4581,152.541,120.643,11.1491,5.55383,5.75745,10.5457,14,1440,10.5284,8.62437
2019-12-02,-1.31577,10.1694,9.20763,7.16782,6.45877,4.2297,8.82727,8.37999,10.1824,185.736,101.061,7.8254,4.83112,4.3765,7.68147,13,1440,-1.38956,8.71757,8.28256,6.73247,6.60901,5.9427,7.63079,7.8348,8.75724,130.741,67.7358,7.60012,4.77218,3.51038,6.85117,13,1440,7.42901,7.19023
2019-12-03,-0.021526,4.81523,3.85139,3.29741,2.48436,3.30518,3.90213,2.73139,4.62422,55.7385,6.91495,2.45581,1.79639,2.055,3.46558,14,1440,-1.00062,5.37331,4.793,2.96572,2.58556,3.27121,5.03942,4.41287,5.07653,39.7777,28.9901,4.14077,2.53187,2.26113,4.57718,14,1440,3.61164,3.2728
2019-12-04,-1.35834,30.4401,52.0312,42.5212,45.644,35.7155,33.3973,30.6333,26.9782,114233,8268.06,14.3174,14.4221,37.6091,36.0076,12,1440,-1.22374,13.8849,18.2584,17.9689,17.9876,19.4259,15.2155,9.57958,13.6146,8752.21,204.653,6.18394,6.49426,11.7641,16.2257,11,1440,17.4038,28.7352
2019-12-05,2.67006,12.9109,8.9651,7.56165,6.24979,6.75698,9.49584,8.76874,12.0497,127.108,93.4348,8.31093,3.69469,5.27041,6.8415,16,1440,1.85367,7.05893,5.37015,4.7283,4.23207,4.23084,5.44833,5.03991,6.26915,47.2077,30.7239,4.97478,2.22447,3.14568,4.51815,15,1440,8.08192,5.59926
2019-12-06,1.85666,10.0633,11.6661,5.09113,4.97078,3.98077,8.73765,10.2208,9.39593,1703,328.104,10.7503,5.08113,6.58494,6.13631,17,1440,0.236048,5.08931,5.17783,2.66538,3.33389,2.03732,4.23061,4.4311,4.40106,188.983,45.1882,3.84066,2.39851,2.77933,3.02534,15,1440,5.62478,6.35751
2019-12-07,-0.522921,3.64817,2.8444,2.17612,1.36876,2.00981,2.87279,2.75404,3.51237,10.0503,8.82078,2.69397,1.50883,1.33557,2.33307,15,1440,-0.886369,2.56957,2.10393,1.96719,1.14741,1.40564,2.42495,2.13833,2.27759,7.26144,6.57494,2.11481,1.21083,0.893099,2.0763,15,1440,1.98812,1.67053
2019-12-08,0.292033,3.62849,3.12708,2.37619,2.42371,2.00509,2.94445,2.95899,3.73869,17.653,10.8763,2.61513,1.60266,1.52442,2.44476,13,1440,2.21798,3.86971,5.34157,3.67888,3.41447,3.67599,4.23133,3.88194,3.43538,454.915,21.1819,2.98137,1.44239,3.89918,4.10734,12,1440,2.17271,2.70918
2019-12-09,-2.30966,7.84612,4.97067,3.64654,4.72595,6.65782,6.36072,4.74103,6.66653,59.1325,54.8134,4.12461,3.06945,1.90122,5.68977,15,1440,-2.055,4.36806,3.86049,2.76775,3.14799,4.27865,4.28041,3.51985,4.08489,26.5529,21.7256,3.25926,2.28973,1.57076,3.92017,14,1440,4.37828,3.53671
2019-12-10,-1.57267,4.68653,3.44604,3.48139,3.05878,2.81136,3.71863,3.29029,4.37866,17.1006,12.8403,3.07257,1.91092,1.53512,3.16075,14,1440,-1.24259,3.05425,2.41464,2.4341,2.19805,1.86847,2.62198,1.84787,2.60494,37.9404,4.60512,1.84391,1.54205,0.872596,2.32803,13,1440,2.7941,2.16009
2019-12-11,-0.195786,2.80141,2.50412,2.3041,1.93989,2.11579,2.45781,2.69059,2.60755,11.4098,15.588,2.52856,1.39655,1.10757,1.99902,13,1440,-1.50202,2.96762,3.72828,3.99026,3.87636,4.20602,3.76512,3.07553,2.40647,152.291,29.8538,2.57732,2.53267,1.19561,3.81241,11,1440,1.76715,2.09589
2019-12-12,-0.165463,6.15115,3.7633,3.25257,2.08186,2.51989,4.02397,3.69128,5.30219,25.0176,25.6162,3.49605,1.92117,1.84213,3.44171,15,1440,1.02686,6.97333,6.8297,5.64322,4.74195,6.66369,6.83853,6.40412,6.37045,85.6322,90.8988,5.5081,2.91927,3.91043,6.14062,13,1440,4.58664,3.5225
2019-12-13,0.835612,2.0912,1.39614,1.08133,1.04495,0.879662,1.41996,1.38335,2.12814,2.98298,2.94313,1.32137,0.712294,0.683848,1.10156,16,1440,-0.0483309,2.51438,2.0655,2.03267,1.07097,0.858901,2.11527,1.92791,2.24523,10.4303,6.21725,1.84154,1.10089,0.964605,2.08576,15,1440,1.30722,0.872232
2019-12-14,-2.71519,3.82705,2.86695,1.8467,2.42895,3.31526,3.02534,2.56445,3.65187,42.8778,18.2024,2.52538,1.93776,0.929187,2.57253,16,1440,-2.10064,3.12796,2.0807,1.62198,1.77684,2.26593,2.29986,1.80636,2.72013,9.91467,3.95641,1.91321,1.26198,0.818721,1.80851,16,1440,2.27575,1.84105
2019-12-15,0.769113,4.58177,3.7299,2.48003,2.61073,2.84929,3.69049,3.91447,4.49782,20.9524,26.9341,4.03712,1.71849,2.0114,3.01291,14,1440,0.471417,4.34149,3.96226,3.69314,5.03176,4.96744,4.07175,3.5807,3.83325,38.4503,20.9611,3.63645,1.88586,2.0764,3.62129,13,1440,3.18661,2.95946
2019-12-16,-3.2389,7.76651,7.11884,5.81814,5.81132,8.73582,8.63889,5.74135,8.03789,1395.47,130.307,4.58729,5.83062,1.28822,9.67163,12,1440,-7.07443,27.3606,26.9627,24.7277,25.0163,34.341,37.835,19.622,25.8673,27696.7,611.059,17.2973,23.7289,3.23378,42.7393,10,1440,10.3396,9.5291
2019-12-17,-3.96484,9.15875,9.58025,7.84779,7.11081,7.84543,8.22074,9.06824,7.75694,556.995,339.628,7.99951,6.45283,3.12742,7.75007,14,1440,-8.528,26.5134,21.1085,15.8308,15.7186,20.9899,18.2924,18.7017,25.5977,4309.98,1981.52,12.8906,15.8145,5.29398,15.4706,14,1440,10.7514,10.9592
2019-12-18,9.41605,30.3305,31.1638,36.2226,44.6765,38.457,25.0485,33.3275,34.3184,5746.48,6345.92,34.7936,12.2548,18.909,23.0279,11,1440,8.56567,49.872,42.4889,43.4769,46.5558,34.9061,40.2616,38.5023,52.6064,5997.71,2564.9,39.4003,17.3646,25.1243,34.9225,13,1440,29.7781,28.1977
2019-12-19,-1.76784,11.0105,10.8941,10.7634,8.16251,5.70873,10.2974,10.7205,11.1225,270.796,193.034,9.79844,5.85085,5.04324,9.81568,14,1440,-3.58824,24.9935,18.5579,18.7181,15.1056,11.8448,18.5182,20.6979,24.9529,579.998,1455.59,19.4974,10.6726,7.88529,17.866,15,1440,11.046,10.8633
2019-12-20,0.5235,4.66385,3.644,2.8301,1.98141,1.82379,3.79384,3.59861,4.94008,23.1957,18.049,3.61126,1.95303,1.69097,2.68583,15,1440,0.0702329,6.02052,5.27129,4.33642,3.59279,3.14258,5.70148,4.82375,5.87955,79.8927,36.0113,4.4503,2.60332,2.66796,5.1622,13,1440,3.75733,3.19003
2019-12-21,-0.769246,2.06691,1.3888,1.17709,1.23543,0.71057,1.46251,1.13304,1.75295,11.9433,1.31993,1.11977,0.892624,0.496173,1.11183,16,1440,-0.94052,3.20197,2.29221,1.79933,1.69582,1.34108,2.44772,2.14855,2.69183,9.01451,4.57534,2.03946,1.25003,1.04218,1.86357,15,1440,1.58765,1.15319
2019-12-22,5.03981,7.06437,5.99507,5.72734,4.16274,5.55369,5.42783,5.78164,6.94118,155.77,82.2935,4.65087,1.97562,4.01945,4.83501,14,1440,3.93752,6.62345,6.68036,5.46161,5.7291,6.21627,6.2096,5.44408,6.26346,153.884,68.6952,5.14958,2.24284,4.43752,5.90326,12,1440,4.62462,4.25145
2019-12-23,-2.48823,12.4632,13.359,12.4491,10.6429,9.71406,12.6168,10.8639,12.3381,580.371,250.87,9.76585,7.87187,5.48713,12.2171,12,1440,-3.3017,13.9904,15.1947,11.1053,11.4623,9.93203,14.3181,14.4257,12.6535,1022.09,534.084,12.3938,9.68531,5.50942,13.2883,13,1440,9.6359,10.749
2019-12-24,-0.841569,8.66517,8.32809,7.64877,6.92644,6.77694,8.28041,7.38111,8.20972,163.393,69.5998,7.18989,4.39289,3.9352,7.77784,13,1440,-0.0391313,7.27996,6.04179,4.41385,3.51644,3.04908,5.81365,5.8272,6.66405,78.4528,54.8469,5.58967,2.87472,3.16707,4.52077,16,1440,6.24734,5.68131
2019-12-25,-0.707314,5.13867,4.22606,2.45368,2.30195,2.15443,4.33367,4.21301,4.88668,27.1994,23.8232,3.79161,2.12647,2.09959,3.3023,17,1440,-2.10418,7.66055,6.19825,3.72467,3.50018,2.7561,7.31472,5.43115,6.90568,85.7538,38.9738,4.84896,3.52778,2.67047,5.84339,16,1440,4.03275,3.23416
2019-12-26,-0.036511,6.68233,4.66925,4.88663,5.29226,4.57927,5.55343,4.60862,6.90623,50.9543,39.4386,5.37768,2.51908,2.15017,4.97719,13,1440,0.390953,10.3904,8.86196,9.50135,13.2194,6.67395,9.72755,7.11158,9.68538,269.924,166.882,7.02232,4.86058,4.00138,9.40044,12,1440,6.50034,5.07884
2019-12-27,0.729628,5.06963,4.24981,4.47475,4.2383,3.30308,4.98132,4.22125,4.68952,61.7793,44.0399,3.92651,2.05967,2.19014,4.70781,13,1440,0.563784,8.81028,7.51189,6.96727,6.37226,6.07858,8.7541,7.36476,8.22859,116.572,92.5502,7.07408,3.96804,3.54385,8.30885,14,1440,5.22419,4.6423
2019-12-28,0.842782,4.06507,3.34002,2.10065,2.14827,1.31127,3.24029,3.60625,4.16774,20.722,22.5863,3.3369,1.77558,1.56444,2.40514,15,1440,1.43084,7.42522,5.29562,4.04538,4.11132,4.24421,5.67681,5.61918,7.27407,44.5273,48.9193,5.39577,2.66865,2.62697,4.56896,14,1440,4.03379,3.47373
2019-12-29,0.980668,4.01516,3.32884,2.5393,3.0208,2.72623,3.48835,3.24042,4.04107,38.9986,38.8353,3.36288,1.98438,1.34445,3.11207,13,1440,4.76335,10.4298,8.87287,8.36528,9.7258,5.33941,9.33605,9.11807,9.71359,137.287,189.128,9.73606,3.82648,5.04639,8.30882,14,1440,4.55623,4.03983
2019-12-30,-1.944,3.50681,2.78859,2.83579,2.65299,1.8605,2.89393,2.4911,3.46954,20.1255,8.64753,2.28037,1.73891,1.04968,2.76586,13,1440,-2.08317,9.58213,7.36566,6.95443,6.35069,5.52087,7.98346,6.85151,9.33557,73.96,48.9481,7.25698,4.25263,3.11303,7.82429,14,1440,4.30102,3.36533
2019-12-31,-0.703129,3.49655,2.85371,2.14178,1.71906,1.28052,2.67515,2.61619,3.50373,30.1699,21.8316,2.26741,1.71422,1.13949,2.79162,16,1440,-1.86391,8.93237,6.26008,6.17289,4.59918,4.85218,7.17414,5.98983,7.4283,129.636,92.7082,6.31602,3.76685,2.49323,7.41656,14,1440,4.03808,3.30382
2020-01-01,0.0780768,2.25367,1.89859,1.54619,1.4398,1.21447,1.80114,2.00791,2.10014,5.61658,5.70408,1.90735,0.95487,0.943716,1.47703,14,1440,1.23881,5.70555,5.14596,5.07439,5.59967,5.09952,5.24719,4.33932,4.75091,73.9675,26.4669,4.09884,2.54413,2.60183,5.22762,13,1440,2.49196,2.42666
2020-01-02,-3.31995,4.15696,3.88955,4.13368,4.74534,4.43244,4.07466,2.90298,4.07214,101.401,6.69028,2.34462,2.81029,1.07926,3.91548,12,1440,-2.7758,5.22281,5.08076,4.98534,5.16816,4.50964,4.99052,3.65049,5.23086,157.504,17.7302,2.70965,3.38747,1.69329,4.88036,13,1440,3.48463,3.63111
2020-01-03,5.30148,15.8837,18.5639,18.6627,15.2596,21.8982,15.8916,11.4387,13.0122,9040,183.969,7.59246,4.35874,14.2051,15.2104,12,1440,5.47663,14.4617,14.8044,17.5198,13.8952,17.099,15.9111,12.5576,12.8672,1234.7,426.654,10.9739,4.78235,10.0221,15.8243,12,1440,11.6999,13.4468
2020-01-04,0.124498,4.30214,4.09688,2.22463,1.93298,2.07119,3.65561,3.48815,4.13174,162.704,34.8146,3.09991,2.74348,1.3534,3.22262,13,1440,-0.111711,5.82688,6.87733,3.7107,3.52189,3.96409,5.27493,5.7819,5.51364,533.825,87.3999,5.57814,4.40157,2.47576,4.97478,11,1440,4.03398,4.5824
2020-01-05,0.0630741,5.32311,3.17718,3.03278,3.40451,3.45138,3.43526,2.62353,4.89675,37.2299,7.81146,2.55506,1.44947,1.72771,2.65778,15,1440,0.868055,8.83432,6.32448,5.78555,5.79644,6.94125,7.2537,5.90196,8.14157,76.1056,44.1072,5.28775,3.15671,3.16778,6.15724,14,1440,5.24358,3.48959
2020-01-06,5.28345,7.7533,5.01617,5.13107,5.51104,8.04626,5.13048,5.06246,7.91457,71.4349,110.136,5.10576,1.70761,3.30856,5.0307,14,1440,6.28427,12.7268,10.967,10.7663,10.2356,12.0799,11.7298,10.7153,12.1385,303.897,240.029,9.13687,4.33684,6.63013,11.3539,13,1440,7.9041,5.61836
2020-01-07,4.8714,14.1354,12.4837,12.4298,14.0633,16.3077,13.2289,12.0255,14.5879,284.503,213.25,11.1202,4.94542,7.53826,13.5747,11,1440,-0.940937,9.72106,8.41623,7.81001,10.19,10.1605,8.8975,8.48839,9.42204,99.1697,84.9609,7.55662,4.8002,3.61603,9.04997,13,1440,9.09467,7.54013
2020-01-08,-1.10239,23.1993,21.774,24.0607,20.0805,25.8436,20.9231,21.9026,22.4155,875.94,887.267,22.851,10.9242,10.8498,20.3359,12,1440,-1.46729,17.698,16.1668,20.1082,17.4298,23.0077,18.059,16.8605,16.6941,511.591,951.224,17.4428,8.08578,8.08107,17.3479,12,1440,15.9721,14.5534
2020-01-09,-3.00166,10.9884,10.309,9.95037,9.42281,8.65548,10.6476,8.52609,11.7047,431.895,130.155,8.66851,6.4833,3.82573,10.6369,13,1440,-2.14043,10.7717,9.24487,8.6889,9.21196,7.85921,9.91033,8.39419,11.0362,142.997,85.5218,7.67794,5.26568,3.97919,9.33244,13,1440,8.26564,6.38075
2020-01-10,4.73726,16.8549,14.8372,11.8015,12.8371,10.644,14.3932,13.8865,16.346,466.187,263.23,13.0106,6.58682,8.25042,13.7016,13,1440,5.02618,14.6963,14.4673,12.0742,12.3497,12.211,14.1337,13.6677,15.3587,450.729,342.967,12.6909,6.25403,8.21331,13.6061,12,1440,12.161,11.9504
2020-01-11,-2.1831,10.1113,13.0005,12.3592,6.78914,5.61851,10.076,14.9061,10.2697,657.928,1393.09,13.7413,7.76621,5.23434,10.0154,13,1440,-1.71301,13.3724,17.9029,16.5607,12.283,10.1492,15.2587,17.4382,12.7636,2039.17,1035.67,14.6644,11.0601,6.8428,16.2082,11,1440,8.54425,12.0756
2020-01-12,2.03611,5.50297,5.12793,3.47376,2.48288,2.66032,5.44722,5.24519,5.452,66.5081,52.2604,4.84751,2.21365,2.91428,4.71238,14,1440,2.87989,7.6831,7.74016,6.19972,6.07711,4.92932,7.9903,6.62535,6.88334,149.923,55.3635,6.40081,3.00741,4.73275,7.67481,12,1440,4.77175,4.71207
2020-01-13,-0.916098,2.79671,2.71847,1.97264,2.23113,2.26959,2.49934,2.5893,2.79751,11.152,8.87782,2.43546,1.40191,1.31656,2.14478,14,1440,-2.04061,4.4412,4.74841,5.68457,5.13836,6.99128,4.69389,4.54864,4.2422,40.4722,35.5157,4.6255,2.74989,1.99852,4.867,12,1440,2.25369,2.65207
2020-01-14,8.27488,19.2035,19.584,14.938,17.516,14.3461,18.8417,21.6174,20.7455,893.272,815.188,19.5563,8.86686,10.7172,18.077,13,1440,14.2924,63.1118,63.0565,53.5007,45.6547,27.5005,54.4649,54.7927,67.3847,21479.9,9715.33,47.4553,27.4288,35.6277,49.7039,13,1440,24.9276,26.5613
2020-01-15,0.129315,14.5734,14.735,11.4498,12.0292,11.8583,13.5082,15.2438,14.7865,413.777,461.913,14.4363,7.7548,6.9802,12.9425,13,1440,0.457777,41.2496,35.376,28.2338,27.6894,39.9308,36.148,29.5453,42.0433,3558.41,1289.8,30.4011,17.4073,17.9688,34.1834,13,1440,19.3514,18.5928
2020-01-16,-1.15613,7.74225,8.89147,6.61477,6.24364,4.37833,8.19523,8.9651,7.47366,139.829,148.796,8.61714,5.0069,3.88457,7.78083,13,1440,-1.32484,19.5363,25.0207,19.715,17.1685,15.6011,21.3167,25.3428,19.0474,2170.43,1122.03,24.0567,14.5641,10.4566,21.9295,12,1440,9.82158,12.8165
2020-01-17,2.19219,9.90368,9.20657,9.65396,9.92848,6.03682,9.4308,9.16818,10.0171,99.2759,87.725,8.79629,4.54744,4.65913,8.32248,14,1440,3.37696,31.1003,28.7838,25.4295,26.3012,24.5575,28.6363,24.4428,32.1292,1180.54,743.839,27.5356,14.0088,14.7751,25.741,14,1440,13.927,13.1445
2020-01-18,0.030063,4.62747,4.86844,4.29975,2.49039,2.55218,4.49331,5.09183,4.47066,30.6081,31.6765,5.03996,2.50468,2.36376,3.76286,14,1440,2.49439,27.7192,27.7247,26.886,21.6762,22.6976,26.6477,25.7742,27.9913,1144.65,1231.87,26.6736,14.0588,13.6659,24.825,12,1440,8.18531,9.53025
2020-01-19,-2.43245,26.7044,26.1419,28.552,26.5353,23.622,32.247,16.7885,29.6815,22528.1,1187.58,11.6744,20.6149,5.52707,32.7677,12,1440,-4.3124,39.0911,33.3531,32.5915,33.8518,26.057,36.9256,31.1927,43.4946,17129,7899.49,25.9469,24.4228,8.93038,38.1744,13,1440,25.7633,25.6834
2020-01-20,-0.684387,5.37865,4.99741,4.56368,2.74245,1.92506,5.00438,5.0944,5.1442,37.3987,47.8025,5.49683,2.58077,2.41663,4.09429,14,1440,0.047953,10.9356,9.47996,8.11888,6.32708,6.18679,9.90923,9.1638,9.62612,167.753,133.113,8.67202,4.90358,4.57638,7.77149,15,1440,6.07899,5.55683
2020-01-21,1.07813,5.26499,5.7596,6.83013,6.30711,6.58587,5.40807,4.17812,4.08163,321.87,67.2955,3.7083,2.08154,3.67806,5.39169,11,1440,1.55789,8.53422,9.24401,9.10578,8.27005,7.61213,8.74895,8.6886,6.82786,277.24,119.934,7.85993,3.80445,5.43955,8.82135,12,1440,5.49657,6.15615
2020-01-22,-0.616247,3.68191,2.32754,2.22585,1.75436,1.28689,2.98911,2.16229,3.23107,14.3652,9.41015,2.08523,1.28994,1.0376,2.38605,16,1440,-0.841337,6.03264,4.88013,4.59269,4.72674,3.08784,5.54748,4.48301,5.67722,43.0077,36.2863,4.26604,2.69098,2.18915,5.04699,14,1440,3.51039,2.4963
2020-01-23,-3.25237,7.2249,6.68318,5.36044,5.47654,3.68271,7.16885,6.32353,6.91994,74.8521,44.6811,5.75401,3.62299,3.06019,6.03865,14,1440,-3.17967,10.2843,10.2671,9.02208,9.81579,8.14111,10.3155,9.84427,9.25014,354.252,163.194,8.95728,6.18737,4.07975,9.38759,14,1440,6.44697,6.15559
2020-01-24,0.409416,6.50772,5.43588,4.46502,5.24346,7.12714,5.8288,5.10184,6.4696,56.2286,40.6926,4.93478,2.75165,2.68423,5.25007,13,1440,-0.165975,13.5767,13.4624,13.0312,15.4153,18.4929,13.9345,12.5038,12.8377,267.267,208.55,11.588,6.50633,6.95604,13.9044,12,1440,7.4329,7.01439
2020-01-25,-1.17311,4.25664,3.95115,3.18904,3.55541,3.99191,3.76064,4.15013,3.81549,18.6899,20.394,3.90732,2.15022,1.80093,3.32057,13,1440,-1.35652,9.40359,9.13208,9.03066,8.59564,9.53105,9.12727,8.97521,7.95364,112.991,115.789,8.51753,4.80526,4.32681,8.92636,13,1440,4.85601,4.84153
2020-01-26,3.23721,4.31645,4.38023,3.68343,3.37703,2.57494,4.27066,3.4844,4.12156,99.1471,15.7697,3.23221,1.30838,3.07184,3.887,13,1440,4.57714,7.80937,7.23135,6.23376,5.76408,4.26058,6.8727,6.3402,7.0774,138.148,54.5053,5.71272,2.46129,4.77006,6.29481,14,1440,4.09937,4.20971
2020-01-27,3.33966,6.91337,6.13637,5.90214,6.60413,5.50563,6.37352,5.77907,6.44138,118.888,40.1884,4.73082,2.46842,3.66795,5.77726,14,1440,1.31386,10.1902,8.93855,8.88374,7.69836,6.66891,9.71807,8.6259,9.49624,95.3717,77.8688,8.89296,4.21815,4.7204,9.175,13,1440,6.20662,5.37372
2020-01-28,5.10608,12.0673,13.6726,15.2604,17.8229,14.5576,12.7298,11.0122,11.8232,1215.6,121.398,10.1183,4.39478,9.27785,13.4876,11,1440,3.21675,11.471,10.0765,9.84766,12.6693,6.7761,9.70382,10.2552,11.3929,106.663,103.151,10.1147,4.44742,5.6291,9.61024,12,1440,9.03927,9.25751
2020-01-29,-0.77834,8.74757,6.91875,6.10914,5.01094,4.58059,7.41708,5.83796,7.52069,112.986,42.2539,5.52595,3.89009,3.02866,6.43042,13,1440,-1.09916,10.0865,8.72905,8.40719,7.53858,7.41065,8.51284,8.03869,9.81751,116.834,74.1269,8.41363,4.77276,3.95629,7.74611,13,1440,7.51628,6.17406
2020-01-30,2.25025,8.62523,6.72464,4.97032,4.20994,3.87379,8.11202,6.56249,7.77375,124.889,117.709,6.12016,3.60547,3.11916,7.20978,14,1440,6.12339,14.09,14.0758,12.6342,13.3694,12.7451,15.1164,13.4377,12.8165,607.915,638.731,12.9478,6.59638,7.47939,15.3474,12,1440,8.684,7.74276
2020-01-31,-1.6996,4.76887,5.4185,3.89571,2.85043,3.31169,4.87264,5.38406,4.68064,32.3709,37.8422,5.66199,3.13047,2.28803,4.45566,13,1440,-2.57775,11.5071,11.6481,11.0563,8.7607,9.61413,11.5437,12.2037,11.3121,154.464,241.306,12.2353,6.90692,4.74117,11.6435,12,1440,5.81611,6.65509
2020-02-01,0.338573,3.60298,2.89838,2.66082,2.35149,2.00469,2.86684,2.69589,3.43564,9.77341,6.50149,2.68107,1.32261,1.57577,2.54305,13,1440,1.98582,8.69466,8.45165,8.7165,7.60528,8.10229,8.51252,7.94368,8.54405,98.7788,82.8884,7.78865,3.68017,4.77148,8.32946,12,1440,4.10692,4.04074
2020-02-02,-0.567427,5.23956,3.79424,4.04993,2.41227,2.66485,4.21301,3.46397,5.27522,27.0314,15.5203,3.25687,1.89544,1.89881,3.96504,14,1440,2.60202,12.8841,11.1669,13.9214,10.1314,12.7505,11.8335,11.0067,12.6909,190.77,242.966,10.7088,4.60622,6.56072,12.2869,12,1440,5.6789,4.91183
2020-02-03,-0.42172,8.73078,7.25278,6.30954,4.02467,5.54378,8.19306,5.93177,6.92397,661.216,117.657,4.12407,3.73545,3.51732,8.18943,14,1440,0.661151,13.8266,13.2786,11.4138,7.67765,8.90387,14.3038,13.2333,12.502,478.271,322.466,11.6598,6.42401,6.85456,14.3774,13,1440,8.7936,8.263
2020-02-04,-1.03001,5.04348,4.55962,4.10781,3.2541,2.6319,4.52753,4.29382,4.91594,69.401,23.2326,4.31482,2.12511,2.43451,4.21913,13,1440,-0.412045,9.68191,8.58428,7.74756,6.87242,6.89929,9.39594,7.81902,9.56781,115.003,66.1594,8.06254,3.88743,4.69685,8.64657,13,1440,5.50979,5.2724
2020-02-05,4.4137,5.47417,5.91529,5.18583,4.57424,5.0961,5.68353,6.23583,5.34717,93.1037,98.3767,5.74608,2.53122,3.38407,5.30881,12,1440,7.57703,10.8862,13.3567,15.784,15.1716,14.4071,13.6905,12.56,11.0138,310.808,216.8,11.3423,5.12024,8.23642,14.1926,10,1440,5.40649,6.64994
2020-02-06,1.65047,8.21494,7.45792,5.73175,5.09006,6.49747,7.30391,7.12212,8.37472,119.732,58.0132,6.06141,3.94588,3.51204,6.58726,14,1440,4.51428,26.3706,27.2926,18.4888,18.8305,18.4332,26.7,29.2395,26.3704,2071.17,1682.94,27.4101,13.8246,13.468,24.8225,13,1440,12.0834,12.1374
2020-02-07,0.426127,4.78317,3.78442,3.21129,1.89676,1.71832,3.9295,3.74557,4.54496,20.7296,18.7331,3.77596,1.89965,1.88477,2.83028,16,1440,4.64667,17.5495,15.1138,15.0619,13.2366,15.2689,15.3961,15.324,16.7957,304.454,302.408,15.8203,6.93177,8.182,13.5754,13,1440,7.11763,6.2571
2020-02-08,0.825221,4.07776,3.42608,2.22346,1.91151,1.62561,3.47135,2.9905,3.79802,27.5489,8.32387,2.86192,1.79074,1.63534,2.586,15,1440,-0.125454,16.2583,14.8322,12.371,12.8102,14.704,15.7595,12.6148,15.988,381.675,199.669,13.4981,7.97096,6.86126,14.5249,14,1440,5.51418,5.02699
2020-02-09,2.56115,3.70056,3.60195,2.55999,2.26594,2.61262,3.46108,3.55779,3.65743,18.2083,19.1328,3.58872,1.42406,2.17789,3.12421,13,1380,2.40965,7.97658,7.15042,7.71837,7.94693,8.11921,7.02539,6.91144,8.15231,56.4561,57.6826,7.30264,3.46024,3.69018,6.91809,12,1380,3.8356,3.92001
2020-02-10,-2.99889,10.4228,9.60912,9.40925,12.5276,8.89187,8.58641,8.01504,8.81923,1388.33,159.573,7.31019,6.38062,3.2285,7.243,12,1440,-2.48141,14.802,13.1321,13.739,21.1277,13.1844,12.8204,12.8288,14.2424,319.422,298.79,13.8219,6.86837,6.26371,12.2741,12,1440,9.05218,8.84162
2020-02-11,3.69907,7.55004,8.60181,7.04374,7.82904,12.6255,7.18262,8.28672,7.58462,491.403,257.208,8.37121,3.04491,5.5569,7.03126,12,1440,6.00729,13.6094,14.0843,13.6619,14.2155,17.7138,14.7362,13.4112,13.3892,545.693,278.743,14.6448,5.47104,8.61325,14.2566,13,1440,7.70916,8.92022
2020-02-12,1.00616,7.23223,6.43771,5.62907,3.96268,3.19578,6.35102,5.70438,6.57383,94.165,67.4743,5.69621,3.46473,2.97298,5.01926,15,1440,11.5767,30.0708,40.5207,51.4831,39.7399,48.4693,36.6495,37.8278,30.2603,3600.24,2805.7,36.2619,17.703,22.8178,38.9888,11,1440,10.2215,11.8648
2020-02-13,-0.942112,16.4421,16.2221,14.3339,8.0176,5.20226,14.834,12.3118,15.1302,3171.75,639.716,11.4327,10.6053,5.61681,14.4583,13,1440,0.966191,51.656,58.9934,49.6809,34.9562,29.2073,54.3022,60.2496,45.6053,14725.9,15837.3,60.2599,32.1759,26.8176,52.7077,13,1440,22.4212,25.1391
2020-02-14,1.1153,6.09212,4.68502,4.0062,2.91923,2.40941,5.12301,4.24698,5.32536,25.8917,17.4863,4.27018,2.32537,2.35965,4.03031,15,1440,6.08351,23.1969,17.5732,17.6714,15.2881,12.8453,20.4832,17.726,22.5957,353.64,299.451,17.841,7.43611,10.1371,18.7697,14,1440,9.21517,7.16583
2020-02-15,-4.343,8.89833,13.5192,8.79837,9.17561,9.38175,10.8222,11.0151,8.87006,5736.12,1567.94,7.55151,10.5957,2.92349,10.2924,11,1440,-7.37385,37.0865,39.765,28.3399,30.7253,33.8979,36.4069,43.4149,36.9502,8259.14,13521.3,40.7117,25.0129,14.7521,34.9916,12,1440,13.5973,19.5913
2020-02-16,0.126627,8.53274,7.26723,5.02801,5.43657,6.48047,7.32792,7.27621,8.61868,88.3777,76.7302,7.0588,3.6714,3.59583,6.72532,14,1440,-2.30281,54.0792,57.2893,42.1888,46.8781,49.4037,59.5296,57.2623,54.7676,9561.93,8183.05,53.4975,33.5557,23.7336,62.8146,13,1440,17.2843,16.6691
2020-02-17,-2.15334,12.1745,9.73643,6.95769,8.86547,5.92826,10.621,9.78954,12.007,106.094,126.585,9.86967,4.79586,4.94057,8.23968,15,1440,3.41784,61.9969,59.0569,50.4816,51.7456,37.1711,59.6564,58.4099,64.0779,4350.76,3865.48,55.97,25.1853,33.8715,54.4355,14,1440,22.9929,20.7217
2020-02-18,4.61777,9.54562,9.72548,7.81698,6.7075,7.31803,9.07363,8.73104,9.16955,148.506,75.9052,8.62255,3.74594,5.97954,8.20697,13,1440,5.36407,33.1033,33.9753,27.8505,26.2662,28.822,32.3944,31.2803,32.9265,1677.11,1332.04,30.1488,14.1725,19.8029,31.4193,12,1440,14.0213,14.9047
2020-02-20,0.0274098,10.4611,9.43201,4.33816,4.51077,3.71254,9.17495,9.7154,8.8272,348.31,547.789,9.16557,4.37651,5.0555,7.09333,13,1440,-0.578182,46.1177,43.5878,25.8158,25.8513,22.9686,44.2805,43.4706,46.0722,6032.56,7078.17,43.4831,19.502,24.0858,39.3432,13,1440,17.4137,17.1921
2020-02-21,0.836699,5.98726,5.0994,3.04277,2.74124,2.20088,5.01903,5.34687,5.23175,47.1678,41.8851,4.99486,2.58694,2.51246,3.85003,14,1440,3.18277,18.8636,17.687,14.232,13.2604,11.2303,16.0266,17.2476,18.707,527.219,359.268,16.8163,7.77772,9.90932,13.1424,14,1440,8.0735,7.68691
2020-02-22,-0.271007,2.8548,2.13024,1.59806,1.55308,0.99627,2.11206,2.32733,2.67729,5.06755,5.49797,2.13603,1.04644,1.0838,1.55656,15,1440,-1.40462,12.5018,9.77636,8.92758,8.50381,5.6065,10.1317,10.1716,12.4245,136.878,116.553,9.72787,4.8677,4.90865,9.40668,13,1440,4.22321,3.41639
2020-02-23,2.91578,5.01114,4.80417,4.04711,5.27206,2.63469,4.63845,3.52899,4.41996,181.139,31.093,3.53753,1.5745,3.22967,4.12527,13,1440,4.81765,10.2929,9.2924,9.22214,11.4405,7.63152,8.79251,8.34973,10.1634,205.012,104.395,7.89283,3.87952,5.41288,8.27735,13,1440,5.25493,5.25506
2020-02-24,-2.86118,9.068,8.42863,6.85847,6.64192,4.54485,8.57301,6.01854,8.25886,482.092,49.5903,5.01444,5.58248,2.84615,7.58557,12,1440,-3.31882,20.0209,19.5515,18.7889,18.1666,12.5519,18.198,18.7895,19.1641,909.77,655.447,18.1342,11.2338,8.31764,17.5278,11,1440,10.4899,10.7922
2020-02-25,-3.58768,10.3713,7.35693,6.45928,6.04899,6.88019,8.15109,7.63721,10.0932,79.6171,94.1281,8.09945,3.97965,3.37728,7.19031,14,1440,-7.36388,30.1227,27.0469,23.3771,22.9743,22.3484,27.4372,27.8159,30.3153,1083.56,1322.75,28.8401,14.8578,12.1891,27.3807,12,1440,14.7971,12.1768
2020-02-26,-5.8642,17.8216,15.9858,13.5301,16.2877,19.9368,17.6574,16.0999,18.0192,569.13,722.732,14.9987,9.75944,6.22634,16.9293,13,1440,-9.67179,53.3141,49.9905,59.858,56.944,61.3893,49.9171,50.7231,57.0384,3485.65,3750.68,50.6543,28.5009,21.4897,50.2978,12,1440,25.2882,22.8085
2020-02-27,0.431157,15.4362,14.5766,14.6165,11.9507,8.4849,14.9313,13.0129,14.7394,431.767,175.053,13.232,7.19662,7.37999,14.187,12,1440,1.70906,58.4178,54.361,57.1794,49.0655,42.7774,55.705,47.9659,61.103,4353.25,2562.78,47.9756,24.8324,29.5286,56.0854,11,1440,25.1968,24.6576
2020-02-28,-1.4878,17.9681,16.1565,16.1184,14.6867,10.897,16.0227,15.7069,17.8376,506.66,404.494,14.8113,7.31399,8.84251,15.4316,13,1440,-0.453196,48.449,46.5839,43.2262,35.7058,28.6347,44.3695,44.6916,48.622,2602.65,2048.11,46.7356,21.7705,24.8134,43.5919,12,1440,24.9727,24.1316
2020-02-29,-1.96678,6.97653,6.67607,5.38341,6.54022,5.60956,6.12863,5.90663,6.68038,60.9612,41.3174,5.84213,3.68431,2.99175,5.79508,13,1440,-4.30276,19.8542,21.5991,22.1281,26.6727,23.5284,19.2671,18.9649,19.7046,675.459,341.4,19.4016,11.8314,9.76767,20.2867,11,1440,9.41608,10.52
2020-03-01,0.0969776,11.2718,9.804,6.89443,8.13783,6.13084,9.41593,8.24707,10.1504,229.03,64.2576,6.98582,4.31649,5.48751,8.2857,13,1440,0.27585,27.1977,26.2141,24.8579,29.0506,23.0341,26.3792,23.8905,26.3538,1135.38,572.374,22.5283,11.8441,14.37,25.2315,12,1440,14.662,14.4531
2020-03-02,4.39524,6.97241,6.24398,4.78631,5.21927,3.19319,5.66757,6.54252,6.7431,37.2529,46.4139,6.1161,2.65375,3.59024,4.65827,14,1440,6.29849,16.9714,17.8193,14.232,15.9217,10.8491,16.3449,16.0394,17.6064,333.51,250.871,15.8068,7.5366,10.2827,15.5746,12,1440,8.91665,9.19293
2020-03-03,-1.75583,8.20392,9.76975,7.45734,4.54484,4.38512,9.02881,7.06843,7.327,759.926,81.4946,5.95696,5.46524,4.30451,8.23763,15,1440,-3.53639,17.5888,19.0419,17.5785,12.4338,14.4034,18.175,15.4849,17.5929,1694.28,353.959,14.3408,11.4027,7.63921,17.8748,13,1440,9.95751,12.3304
2020-03-04,-0.105077,5.22258,4.38055,3.7209,3.18495,2.43125,4.64817,2.97575,4.3592,100.972,10.3963,2.73573,2.53169,1.84886,3.96816,15,1312,0.156191,12.2539,11.4453,9.68803,8.80353,6.91882,11.5395,7.70675,11.0176,609.866,67.8917,7.75631,6.53861,4.90665,10.7695,13,1312,6.67066,6.18685
2020-03-05,3.41286,6.12136,5.31824,5.5227,5.77717,7.22889,5.61778,4.33992,5.6851,68.5293,19.9948,4.53136,2.08643,3.23181,4.81613,12,1440,1.82048,9.54288,8.94701,9.88479,9.69052,8.09312,8.94759,8.08476,9.43911,84.6939,64.6983,8.3177,4.13504,4.81196,8.12209,12,1440,5.95372,5.59829
2020-03-06,0.848984,3.94329,3.17976,2.69385,3.44986,2.9869,3.12586,3.35197,3.4753,10.8711,14.0062,3.31034,1.61282,1.56694,2.5863,13,1440,6.97574,11.0979,9.90981,10.1854,13.8727,14.149,10.4433,9.93164,10.9186,110.785,106.874,9.37933,3.82116,6.08865,10.7541,11,1440,4.97713,4.30249
2020-03-07,-2.72203,6.21568,5.55763,3.23818,3.49425,3.15634,4.69291,4.1688,5.15786,361.712,40.3745,3.23252,4.23906,1.31857,4.00483,13,1440,-3.17382,16.4887,14.2396,14.0267,13.2149,12.303,13.8234,14.0862,15.4384,699,610.862,12.5697,9.26547,4.9741,14.2034,12,1440,7.98136,7.25565
2020-03-08,-10.0955,12.9958,13.7807,11.8744,17.2144,13.4815,12.8734,13.0573,12.7553,897.04,418.74,10.6276,10.0172,3.76358,13.5153,11,1440,-17.3567,55.7615,64.5989,54.6821,83.7214,40.1785,53.3806,65.203,57.5209,18809.9,14124.3,64.5818,44.0283,20.5706,57.0635,11,1440,22.232,25.7497
2020-03-09,-1.296,30.5341,25.8901,25.3556,24.3947,19.1616,27.3899,26.1849,30.2051,1087.73,1150.22,23.1939,13.1453,12.7448,24.9712,14,1440,1.68063,82.7182,79.7229,69.9957,59.7829,44.8959,75.2601,67.7826,85.2353,15148.2,5049.1,67.2403,33.3243,46.3986,72.1023,14,1440,42.6491,36.8255
2020-03-10,-0.446273,16.357,16.6585,17.4495,20.1882,22.3955,15.6256,12.6609,15.7767,1943.71,257.972,11.4851,10.6875,5.97091,14.8857,12,1440,-1.04583,27.2204,25.8742,25.7002,29.0213,32.8486,24.4359,22.7772,27.0084,1554.42,590.262,21.6405,14.1904,11.6838,23.1649,12,1440,16.7158,17.4155
2020-03-11,0.504895,15.6464,13.9977,13.6022,10.8429,10.3042,13.0129,11.493,13.751,579.439,150.144,9.5519,6.38491,7.61284,13.3302,13,1440,-3.08137,34.693,36.8051,43.9458,40.1964,43.8424,35.9009,33.6963,34.6531,3397.33,1616.51,30.6392,18.7984,18.0067,38.3581,12,1440,18.689,19.1944
2020-03-12,-50.2607,656.173,490.272,519.454,613.138,815.301,634.46,453.747,716.487,2.09055e+06,1.36034e+06,449.897,363.98,126.292,553.335,12,1440,-59.0534,944.97,512.27,616.238,760.784,968.791,773.679,411.824,1042.81,1.5025e+06,618021,409.057,382.555,129.715,637.775,14,1440,689.357,451.368
2020-03-13,15.0322,944.718,1105.56,1128.54,735.226,731.484,913.176,997.483,1012.39,8.96153e+06,3.7575e+06,914.12,426.269,679.292,933.183,11,1440,21.7824,1074.88,1169.03,1381.3,1024.97,814.796,949.722,1202.22,1112.9,3.94404e+06,4.47693e+06,1233.61,475.861,693.173,982.365,11,1440,885.646,1050.45
2020-03-14,-7.56668,93.4615,75.6667,76.4419,74.549,52.3573,77.8433,71.6887,89.7189,7803.52,5734.52,70.2106,40.3515,35.3152,73.6784,12,1440,-8.985,75.5575,66.2698,68.9393,68.7812,35.0295,63.0015,65.4842,75.0751,6379.44,5916.5,61.3153,35.9905,30.2793,57.5655,13,1440,76.1763,64.2672
2020-03-15,3.59354,90.699,91.9174,126.204,196.141,288.002,98.3387,98.0515,90.5383,33203,35976.3,102.507,43.697,48.2204,101.994,9,1440,1.00683,65.7919,65.0624,80.1181,118.939,170.601,66.1877,71.0732,61.9501,16578.7,14692.6,76.5007,31.0054,34.0569,64.8471,10,1440,69.0835,71.9245
2020-03-16,-6.39913,235.034,205.423,189.247,178.84,193.114,205.976,145.111,213.016,174400,45347.2,134.23,107.595,97.8284,196.327,13,1440,-10.8795,228.125,187.629,158.235,162.013,193.591,191.875,139.588,215.189,96071.5,26382.1,143.183,107.124,80.5043,180.755,13,1440,215.573,183.459
2020-03-17,5.48737,78.1262,64.0375,54.412,61.7892,42.0096,69.9117,61.3823,76.5322,7258.73,8611.16,61.2635,34.0573,29.9803,67.6074,13,1440,4.10309,79.0198,64.0575,50.6746,57.6574,34.6258,71.5761,60.5404,74.9681,10500.8,10245.1,57.4943,32.0738,31.9837,68.7931,13,1440,71.4334,59.2841
2020-03-18,1.50203,64.1274,62.1522,44.1483,42.4783,47.2742,62.3206,58.6326,62.5308,13500,13172.7,48.6128,27.0362,35.116,59.0615,13,1440,2.08751,49.7893,46.6977,32.6418,29.877,31.2543,45.5004,45.3266,48.4754,6991.85,7415.51,39.5852,19.7202,26.9775,42.9415,13,1440,51.7204,50.3766
2020-03-19,13.3352,69.1396,60.1669,63.3695,65.4401,74.291,65.0387,60.748,66.4337,7206.62,7903.5,61.5477,24.4551,35.7118,59.4138,13,1440,14.3242,74.1188,72.8941,86.0621,104.804,93.4718,79.5101,77.2287,72.6347,11507.1,16355.8,87.6621,31.1151,41.779,77.0095,12,1440,63.0956,60.116
2020-03-20,0.743533,122.238,116.486,88.8377,117.956,93.9056,108.365,109.552,118.028,51716.4,32322,99.3953,53.6466,62.8389,107.975,11,1440,-2.09067,171.074,192.275,149.754,201.968,154.482,185.853,187.501,173.245,121477,79507.4,161.699,95.6008,96.6746,191.346,11,1440,129.03,138.116
2020-03-21,-0.344969,68.3844,61.9646,55.0422,61.4766,43.9265,61.5897,55.0016,64.2861,6747.32,4609.78,49.3205,33.8372,28.1274,59.3892,13,1440,-0.616219,78.6591,74.6898,61.0566,69.1564,54.6332,70.1097,71.2213,75.4826,8536.15,6589.09,67.4811,39.799,34.8908,65.0048,13,1440,66.6923,63.2622
2020-03-22,-6.18017,54.2264,44.7144,38.2489,29.981,33.0636,49.1042,42.4866,51.4875,3801.22,2358.48,40.9549,24.5069,20.2075,45.5045,13,1440,-8.11489,58.1116,46.3809,44.7303,35.5401,43.6501,51.9412,44.8485,58.5962,3235.63,2531.25,43.9802,26.8621,19.5188,50.1105,13,1440,49.5873,41.0244
2020-03-23,10.6115,71.815,59.6484,55.337,67.0364,86.9088,67.2988,59.834,72.2369,12394.3,10061.3,54.5635,19.4762,40.1722,72.9167,12,1440,10.5426,70.6558,59.1097,55.8711,73.8894,91.4605,68.2952,61.0839,69.3804,7718.59,9467.61,54.8808,20.7902,38.3195,74.6407,12,1440,63.5882,54.3271
2020-03-24,4.19997,46.4481,46.0129,37.0358,36.429,21.8938,43.3655,42.9071,44.0763,3398.5,2181.38,37.9857,21.5878,24.4251,40.3325,13,1440,1.82261,46.4996,50.8125,40.736,46.1527,27.7165,50.3087,49.7573,44.5489,4678.85,2871.85,43.3373,25.5572,25.2553,49.0182,12,1440,39.7215,42.2234
2020-03-25,-1.00268,36.1366,39.1131,36.8693,28.528,31.9014,34.4037,38.347,33.2507,3014.12,2776.06,39.4776,22.2233,16.8898,34.0024,11,1440,-1.69026,31.9407,36.3906,30.5998,23.372,22.386,33.1862,37.1643,32.2312,2210.45,2167.74,37.4955,19.4005,16.9902,32.2832,11,1440,29.5128,34.1569
2020-03-26,0.893497,17.027,15.7683,9.69227,7.76581,5.7781,14.1437,15.039,15.3403,767.535,293.938,13.6868,8.37701,7.39132,11.2149,15,1440,1.67581,17.5267,18.0501,14.2296,12.6487,8.10329,15.9139,17.1741,15.9321,771.895,577.45,15.1928,9.01916,9.03097,14.1867,13,1440,14.4196,14.1698
2020-03-27,-5.77797,21.0216,26.1675,27.2965,24.0694,26.01,25.1287,10.9777,21.5104,27931.2,218.49,8.19805,21.8193,4.34815,25.9531,11,1440,-5.24348,19.2791,22.5199,22.3671,19.3602,20.849,21.3595,12.701,18.7028,10242.5,388.019,11.1618,17.0272,5.49264,22.1181,12,1440,17.7813,22.5428
2020-03-28,-1.94453,27.2113,25.7781,23.2017,30.9708,26.1996,21.234,20.4615,24.7671,2720.45,737.886,17.6871,14.4289,11.3492,21.3566,12,1440,-0.26686,27.9364,30.3628,25.7537,31.3089,24.8125,24.227,26.3051,25.6996,3230.45,1390.58,24.4329,15.6272,14.7355,25.971,11,1440,24.5171,25.0509
2020-03-29,-5.86449,15.5472,13.9844,14.2298,14.0379,13.9503,13.6061,8.46321,13.576,1740.81,89.6465,7.69127,9.83899,4.14542,12.0235,13,1440,-5.07389,15.1434,11.9898,11.4865,10.2728,8.92442,12.2136,9.91689,13.6567,308.98,121.309,9.06845,7.05021,4.93956,10.5757,14,1440,13.6648,11.2483
2020-03-30,8.36213,20.9487,21.0613,21.3661,19.642,18.1601,19.3651,16.1127,19.4993,1602.26,398.043,15.2251,7.26944,13.7919,17.4969,13,1440,5.89506,17.3914,18.4593,15.2911,13.2742,13.4997,16.9305,14.5739,16.0618,1149.19,285.258,12.8977,6.78296,11.6763,15.2557,13,1440,17.0165,18.0539
2020-03-31,0.250843,12.0042,10.4561,10.9698,8.68075,7.98133,11.0454,10.1943,10.9804,198.461,103.7,10.2853,5.06502,5.39109,10.0776,13,1440,0.498528,12.0232,9.29883,9.12282,6.99099,7.48969,10.1884,8.5753,11.2755,106.741,69.1791,8.39287,4.77282,4.52601,9.23651,14,1440,9.6667,8.51807
2020-04-01,3.56237,18.7946,17.8205,16.2985,16.8768,22.4155,17.3146,15.5705,16.5368,1353.6,676.291,12.7224,7.5696,10.2509,16.2941,11,1440,2.21312,12.9113,12.3387,9.66545,10.6499,11.3365,12.5903,9.36743,10.5487,568.487,200.237,8.53565,5.9988,6.33988,11.8543,12,1440,13.7664,12.7438
2020-04-02,2.25015,35.8067,45.0607,30.7063,33.2989,35.9059,33.4472,33.9295,33.9602,25621.5,4492.22,25.9437,18.0083,27.0524,32.6836,13,1440,4.03709,33.1441,47.0705,27.6579,30.2023,30.6771,36.486,36.7655,31.267,28656,7374.36,28.226,15.9336,31.1369,38.0522,13,1440,29.3615,43.1088
2020-04-03,-0.886895,21.8315,18.9279,18.0219,14.6266,13.9053,20.1406,16.4943,19.0136,710.597,275.957,16.3684,10.2266,8.70136,18.7803,13,1440,0.0212322,20.3614,19.0533,19.6176,16.3257,11.7865,20.3094,17.4511,18.718,623.555,388.359,16.3402,10.0737,8.9796,19.7355,12,1440,18.7403,17.2056
2020-04-04,1.80844,22.868,16.2451,13.7178,12.3848,12.4802,20.7445,16.0231,16.0422,1076.54,1290.05,14.4078,8.59744,7.64764,14.6688,16,1440,1.95514,18.8387,18.9237,13.8702,9.88685,8.88044,18.3061,17.9044,14.774,3222.53,1420.75,14.5605,11.2802,7.6435,14.2307,16,1440,18.5577,15.6191
2020-04-05,-1.23569,9.38181,7.16554,6.1115,5.71431,2.01563,7.22291,6.4724,8.13389,121.391,68.0443,6.3623,3.52137,3.64417,6.29133,13,1440,-0.990314,8.61962,8.06674,7.11793,6.36224,3.21762,7.13822,7.24416,7.40522,109.216,67.5133,6.39873,3.89002,4.17672,6.8033,12,1440,7.53353,6.46596
2020-04-06,7.90502,15.6731,11.3055,10.7373,12.1988,11.8846,12.7573,11.437,14.9266,150.024,146.154,11.46,4.74341,6.56205,11.1708,14,1440,18.2929,33.6793,37.3754,38.8668,48.6658,51.1537,38.1585,40.4478,30.8137,3226.79,3656.26,39.2633,13.1261,24.2493,40.7689,11,1440,18.1364,16.3393
2020-04-07,-1.82531,15.5721,13.5156,15.6707,12.6907,12.0283,14.1996,13.0196,14.479,415.797,212.476,12.8791,7.89271,5.62292,13.7275,12,1440,-3.98326,35.3875,34.8746,44.8701,41.0808,34.2015,37.9919,34.6729,33.9456,1543.67,1480.48,35.8905,19.5491,15.3255,39.6558,11,1440,19.7078,18.7017
2020-04-08,2.25251,12.0729,9.83167,9.99093,9.26929,9.02863,10.2259,8.82108,11.7972,153.962,77.1162,8.39145,5.40318,4.42849,9.07639,14,1440,5.02267,24.4252,25.9837,27.0402,25.6016,26.4987,26.6977,24.7443,24.1001,944.895,829.35,25.0519,13.0974,12.8863,26.2513,12,1440,14.7407,14.164
2020-04-09,-1.06168,8.84678,7.80558,6.58496,5.87225,7.61904,8.10984,6.52424,8.48181,325.928,66.5192,6.0455,4.74773,3.05785,7.77767,13,1440,-2.09563,14.2228,12.8665,11.4422,10.4938,12.6394,14.3594,11.8395,13.2373,297.235,308.96,12.4366,7.46075,5.40575,14.5846,12,1440,9.59652,8.91678
2020-04-10,-6.0067,17.4164,17.5997,12.7919,15.4769,13.9624,16.5615,12.835,17.4029,2525.86,196.98,13.2381,12.2547,5.34498,14.0309,12,1440,-7.15791,31.5915,31.6103,23.8635,30.7409,28.1569,30.0013,28.8137,29.0047,2330.74,1303.81,29.2003,19.4432,12.1671,28.8016,13,1440,19.1631,18.4272
2020-04-11,0.26078,6.01725,5.50747,5.38137,5.13605,3.5518,5.14236,5.29999,5.51652,55.1766,34.0427,5.15239,2.6184,2.88907,4.48419,14,1440,0.328968,12.4241,12.9399,11.8813,11.9834,10.3104,12.1001,11.7679,11.8652,289.28,147.238,11.8972,6.43348,6.50644,11.4269,12,1440,7.26424,7.34588
2020-04-12,0.391275,10.7736,9.53581,9.77217,10.4037,10.6171,9.07483,7.32912,9.58038,245.836,94.5403,7.09278,5.3239,4.21191,8.87159,13,1440,0.164079,14.0437,12.0893,12.9914,13.7053,10.9417,12.294,11.8284,13.4599,235.858,163.057,11.0702,6.36271,5.72657,12.3875,13,1440,9.88849,8.90453
2020-04-13,-0.958841,23.9948,20.5237,18.6141,20.5456,16.176,24.5136,16.6806,19.9912,2829.11,498.78,14.1285,12.8892,7.63454,21.8094,13,1440,-1.4609,32.9369,27.4026,24.7814,24.7941,25.5875,35.8865,25.4036,31.0652,2272.79,1368.65,25.0087,15.5071,11.8955,30.6508,13,1440,24.8087,21.0029
2020-04-14,0.449273,8.99063,7.93238,5.64424,5.75164,4.12504,7.9803,7.89733,8.03918,102.077,71.1076,7.03416,4.20849,3.72388,7.01746,14,1440,1.37258,14.9075,13.0008,11.0891,10.8674,7.1516,12.7883,12.8058,13.5547,244.213,233.773,12.0377,6.32741,6.67337,11.8947,13,1440,9.62822,8.64633
2020-04-15,-3.66922,7.60375,6.605,5.95516,6.0771,5.13657,6.65282,4.89729,6.87929,261.445,50.4163,3.98607,4.74406,1.86094,6.15065,13,1440,-3.67674,13.9906,12.0546,11.752,12.7946,11.4498,12.0698,8.20752,13.5092,577.899,82.4327,6.96402,8.10322,3.95133,12.477,12,1440,8.69577,7.81147
2020-04-16,7.00853,28.1104,24.6431,23.5835,27.933,23.3989,25.1972,16.2135,24.0749,3314.19,729.757,16.3409,9.1264,15.5167,25.3168,11,1440,12.0507,47.2115,55.4622,48.9658,76.2949,62.6932,50.264,37.0494,42.6163,40422.1,3245.74,28.2376,13.7213,41.7409,51.7265,9,1440,27.6882,28.5903
2020-04-17,-1.05298,7.54785,6.85356,6.15905,7.20354,3.65134,7.24028,5.93524,6.38645,123.477,55.1098,5.1394,3.91912,2.93444,6.8516,13,1440,-0.933006,14.5123,14.9229,14.5937,16.7401,8.29512,15.0796,12.89,13.3483,778.6,283.886,11.3873,8.4245,6.49843,15.1965,12,1440,8.58864,8.79209
2020-04-18,3.09702,6.04198,3.76184,3.51817,3.51539,3.86894,4.09899,3.17549,6.08571,42.9523,10.7044,2.69983,1.37561,2.38623,3.32665,15,1440,9.33963,21.4383,22.5001,19.7476,21.2376,22.5501,20.2321,15.6343,19.7879,7447.7,809.463,12.5391,4.52347,17.9767,20.2904,13,1440,9.16763,7.28366
2020-04-19,-1.77967,6.0796,4.3617,4.74548,4.78856,4.49145,4.48485,3.8207,4.5048,81.2076,27.6343,2.92459,2.79052,1.57119,4.00965,13,1440,-4.01219,28.7391,21.5578,21.371,23.0567,19.7766,21.3125,17.2359,25.1034,2526.33,461.755,14.2089,13.9389,7.61895,20.3656,13,1440,10.7503,8.38275
2020-04-20,-4.21512,13.9618,12.464,10.0602,12.4439,16.2691,13.3129,9.45817,12.799,522.379,207.7,9.44637,8.09774,4.36623,11.1556,14,1440,-5.61493,36.1846,31.0233,29.5323,32.8937,46.6306,34.0725,29.2946,34.8086,2068.71,1187.45,28.9873,18.3039,12.7194,30.4173,13,1440,18.9267,17.4618
2020-04-21,0.212757,8.9059,6.44053,5.07587,3.45289,3.12367,6.05885,5.98976,8.50484,189.513,75.875,5.09354,2.66607,3.77446,4.65822,14,1440,0.316772,18.9132,16.5308,15.1988,10.3204,9.66684,15.206,15.2438,19.3381,838.582,358.622,14.3457,6.71229,9.8185,14.4396,12,1440,11.1697,9.09512
2020-04-22,4.06414,5.04646,3.86309,4.75061,3.69866,4.16278,4.4217,3.71409,4.94667,37.6654,23.1013,3.85959,1.20503,2.65805,4.32796,13,1440,6.77035,12.8709,11.5851,12.5765,10.6944,12.9068,12.1967,8.90688,11.9638,621.818,83.621,9.08915,3.65232,7.93274,12.3109,12,1440,6.66297,5.70673
2020-04-23,4.89229,18.5845,15.8743,14.1505,21.4812,23.6656,20.4664,14.8976,16.9533,3517.62,1587.69,11.1975,4.48544,11.3888,18.5656,13,1440,1.52633,22.7418,21.2963,17.5474,18.6847,23.7968,24.4304,19.0718,21.7467,1223.38,690.364,18.1289,10.5829,10.7134,22.8163,12,1440,16.4837,15.1049
2020-04-24,0.301721,7.61969,5.43462,4.55905,4.22452,2.45398,5.52874,5.7104,6.77405,50.5652,59.1792,5.59347,2.68581,2.7488,4.91884,16,1440,1.11499,11.3595,9.68537,10.3159,9.49752,6.13728,9.39914,9.79612,10.3934,87.8795,93.934,9.80487,4.68252,5.00285,9.15799,13,1440,7.48484,6.02744
2020-04-26,2.0278,6.58343,5.02624,3.99771,4.02802,4.96003,4.52127,3.96834,6.47528,350.941,39.8756,3.11232,3.10146,1.92478,3.88471,14,1440,1.61908,9.71271,7.66641,7.37166,8.28179,11.2572,7.62293,7.18586,9.62864,193.747,69.4618,6.47118,4.32317,3.34324,6.90591,13,1440,6.61364,5.20527
2020-04-27,1.05408,7.60766,5.32619,3.54673,3.36158,2.99307,5.22655,4.69822,7.0071,75.0286,33.8298,4.10635,2.86772,2.45847,4.26746,16,1440,-0.528295,11.4178,8.82554,7.95695,7.07107,7.93703,9.49136,8.11084,10.8181,113.028,84.8353,7.86374,4.81805,4.0075,8.1391,15,1440,7.48019,5.91146
2020-04-28,-0.459469,3.16699,2.68556,2.06493,2.5107,2.18564,2.63405,2.74147,2.81566,11.0898,9.06527,2.41969,1.47715,1.20842,2.41694,13,1440,-0.050945,7.66595,7.34598,5.63072,6.27345,5.97542,7.03425,6.36505,6.95126,98.6377,43.3442,5.79411,3.52219,3.82379,6.44847,13,1440,3.86232,3.63604
2020-04-29,12.6044,31.6888,31.8094,33.0675,25.1094,25.3191,29.2787,24.5166,30.7694,4921.54,1749.51,25.4939,14.7497,17.0597,26.7917,14,1440,9.29726,21.536,19.2515,22.8262,17.6365,18.7605,18.2175,19.1043,21.5755,987.13,863.62,18.4151,8.36042,10.8911,17.2048,13,1440,20.3962,19.1581
2020-04-30,-1.82284,46.9894,46.0509,49.103,58.0118,78.5451,45.7446,48.6895,45.6183,3614.72,3280.75,45.5054,24.3983,21.6525,44.5129,11,1440,-4.40466,50.1072,51.1902,55.8782,58.5383,68.7371,50.3865,44.8628,48.5958,8496.63,2228.08,44.6507,28.4764,22.7138,48.2647,11,1440,41.1975,42.7831
2020-05-01,2.37256,15.14,12.0378,11.9628,11.01,12.4006,13.8732,12.06,15.1852,156.573,164.956,11.7876,5.68662,6.35118,13.5994,13,1440,2.84162,19.7358,14.5474,15.6421,15.2771,13.3963,15.9686,14.5104,19.5646,278.332,181.61,13.5707,7.10836,7.43904,15.2698,14,1440,14.2573,10.8833
2020-05-02,1.63035,7.81362,6.10345,5.8446,6.2073,3.28479,5.86072,5.95925,7.12957,112.285,68.5034,5.55967,3.34076,2.76268,5.46868,14,1440,0.882801,8.63138,5.89075,4.51437,4.79824,2.71539,5.82756,5.88267,7.75618,70.7667,66.8112,5.44978,3.05166,2.8391,4.75406,15,1440,6.6207,4.97838
2020-05-03,-0.871931,15.5114,14.9787,14.036,13.4655,11.2358,14.4472,12.9769,14.3982,724.092,166.432,11.3653,8.17986,6.79881,13.6973,12,1440,-1.9068,14.7099,12.8857,12.9917,13.6079,12.2129,13.9159,12.3734,12.7867,448.385,228.691,11.5374,7.38591,5.49983,13.2415,13,1440,12.7853,12.0722
2020-05-04,-0.249914,12.1221,11.6167,10.3009,9.31422,10.0698,11.4927,11.8027,11.5969,161.897,256.694,11.6068,6.31441,5.30225,11.4575,11,1440,-1.62371,22.4842,26.743,24.935,25.3318,26.7791,24.7371,27.496,21.8378,959.511,1129.1,27.4877,14.294,12.449,25.4021,11,1440,13.6786,15.0284
2020-05-05,1.67515,12.1668,12.1752,13.5492,10.2485,9.77344,12.271,10.3316,11.2262,482.819,137.906,9.91475,6.19416,5.98103,11.7668,12,1440,-0.577994,16.6172,15.2426,13.8633,11.5078,11.2733,16.8738,14.8846,15.8269,427.377,478.369,14.0086,8.07032,7.1723,15.3053,13,1440,12.0692,12.1542
2020-05-06,1.33326,13.5566,11.649,9.59501,11.3132,12.1061,11.8537,11.6893,12.8063,317.156,301.207,11.4768,6.13571,5.51327,10.9169,14,1440,-3.12696,15.0616,12.932,15.3236,15.7149,19.1854,13.3723,13.055,14.149,339.752,409.365,12.4607,7.8462,5.08581,13.3222,12,1440,11.5529,9.42746
2020-05-07,8.82444,19.9423,17.2319,10.4179,9.5402,13.4725,16.6618,19.1592,20.1526,629.551,1080.54,18.2543,6.76514,10.4667,14.7328,14,1440,6.34322,22.2042,22.0051,19.0808,16.6586,18.2166,21.8386,20.167,21.5135,1504.67,713.023,17.7784,7.28612,14.719,21.297,12,1440,14.8814,12.138
2020-05-08,-1.88408,11.9412,11.4627,9.104,8.04006,9.20052,10.6773,10.7829,11.7285,255.909,126.63,10.7179,6.96126,4.50141,9.43658,13,1440,-0.326003,14.1709,12.4491,10.4617,12.1646,12.8343,12.1946,11.7179,13.752,254.639,179.809,9.90958,6.88655,5.56252,10.7218,13,1440,9.51986,8.69713
2020-05-09,-2.69528,11.7265,9.51332,9.68368,9.05638,7.47274,9.53108,10.2346,11.4725,103.945,157.321,9.87502,5.3203,4.19302,8.47501,13,1440,-0.588544,9.79014,8.23425,6.93409,5.7563,5.20527,7.99544,8.28981,9.22739,100.722,59.9867,8.34206,4.37516,3.85908,6.77458,14,1440,8.00772,6.80748
2020-05-10,-8.94937,124.388,126.34,131.989,182.915,129.997,148.811,102.883,125.303,399170,100647,68.4178,92.9397,33.3999,165.252,11,1440,-11.3449,122.726,123.226,116.996,140.094,113.343,153.198,88.9508,137.057,595781,109245,55.8663,101.05,22.1761,152.772,12,1440,96.1022,116.632
2020-05-11,-1.86591,65.8323,61.8595,63.874,51.8042,39.1078,59.9865,53.1528,57.9047,27672.7,5518.17,47.2511,37.0464,24.8131,57.7467,12,1440,-0.969815,39.828,35.9154,38.8874,40.4488,21.9225,33.8946,32.7305,36.3702,4314.54,2129.37,29.4814,20.6805,15.2349,32.5423,12,1440,44.1923,41.8847
2020-05-12,2.86994,17.4522,15.1357,13.3341,13.0721,9.20571,14.896,12.1912,15.2472,460.785,147.178,10.3224,7.0057,8.12998,12.4036,14,1440,2.14661,15.9685,11.3216,7.79552,6.2451,3.54912,11.9344,10.4069,14.7061,236.049,116.31,9.89841,5.74716,5.5744,9.13114,15,1440,13.713,10.2187
2020-05-13,5.50443,11.7596,9.73925,8.33775,8.23255,8.25568,9.47909,9.37084,10.3717,195.983,121.605,8.77185,3.53996,6.19929,8.00611,14,1440,5.0455,10.8413,9.84104,9.67969,8.47476,8.13099,9.46575,9.63032,9.80263,293.54,144.015,8.56675,3.33509,6.50595,8.94043,12,1440,8.80263,7.3528
2020-05-14,5.05423,23.6703,21.5472,18.7126,18.6329,15.7747,23.7092,18.9087,20.4411,1382.25,646.867,19.4662,10.2291,11.3182,22.4222,14,1440,1.84184,17.453,18.0037,11.907,11.8543,14.3934,16.9652,14.2852,15.2798,1042.1,305.763,13.6154,9.03011,8.97361,16.1086,12,1440,14.4342,15.2862
2020-05-15,-4.97852,27.5291,23.6387,18.4336,16.2384,18.8322,24.8109,16.2945,28.1799,3277.9,390.342,16.0819,15.6171,8.02164,23.4609,13,1440,-4.23522,14.8612,12.8614,9.88661,10.7589,9.72911,12.068,11.5351,12.6705,549.736,142.226,10.1951,8.46637,4.39506,11.5392,13,1440,15.6388,13.726
2020-05-16,0.693671,11.7032,9.58678,8.59589,7.30893,5.40806,9.62141,8.85608,9.72802,141.043,117.103,8.40878,4.34169,5.24509,8.9595,14,1440,2.82835,11.2036,9.03922,7.16828,7.07504,8.8074,8.91652,7.36607,9.92747,117.658,47.7867,7.50402,3.61312,5.4261,7.98193,13,1440,8.61511,6.75179
2020-05-17,3.13509,11.1028,8.38252,9.82918,9.64775,10.9445,8.88867,8.5449,9.26158,170.006,115.558,7.40811,3.4216,4.96092,8.52922,12,1440,3.2154,8.47491,7.3216,7.94693,8.98364,11.0372,7.2644,6.30252,6.83348,232.249,90.0519,5.55575,2.47479,4.84681,7.15107,11,1440,7.25915,5.9699
2020-05-18,0.555169,11.7192,11.5153,8.09448,10.6176,8.85318,11.1466,10.1865,9.17096,980.258,308.435,7.88961,7.07635,4.4389,10.5983,13,1440,3.75005,10.9956,12.2961,10.9229,13.0823,11.7149,11.9392,12.6769,9.95015,557.997,266.533,10.8373,5.36843,6.92768,12.9893,11,1440,8.19465,9.0927
2020-05-19,0.42646,10.9474,11.1836,9.27015,11.5348,11.8951,10.3597,8.25249,9.18667,455.268,112.647,6.97535,5.58019,5.60339,10.3515,11,1440,-0.153671,8.00059,8.05009,7.43071,7.99022,7.93377,8.13447,6.8827,6.78621,165.038,61.6752,5.93314,4.14558,3.90451,8.58102,11,1440,7.2794,7.94705
2020-05-20,-2.73881,11.8258,10.0652,9.76393,10.9156,15.8903,12.2452,6.88847,10.3918,1012.59,58.5339,5.32518,7.39978,2.66541,11.4244,12,1440,-2.16703,9.57044,6.46718,6.75032,8.09591,9.47484,9.01433,6.01983,8.38132,249.604,138.461,5.42877,4.34888,2.1183,8.42635,13,1440,8.3537,6.32831
2020-05-21,-4.76708,18.0136,14.1319,18.281,15.6174,20.9031,15.0191,12.9381,16.4318,605.033,302.541,12.5207,7.57096,6.56097,13.4016,12,1440,-5.50149,13.6666,15.3043,22.3164,19.4231,30.0801,15.432,14.64,11.4754,868.81,772.081,13.8835,8.644,6.66025,16.2018,10,1440,13.7349,13.1992
2020-05-22,1.11139,8.46409,8.20972,6.43461,5.05243,4.0967,7.62689,7.54451,7.07517,150.866,57.5403,6.95517,3.59746,4.61226,6.85783,13,1440,4.2459,8.68435,10.8347,10.2536,8.09466,6.95691,9.99383,9.74412,7.25936,172.699,93.4459,8.9261,3.93564,6.89909,10.4941,12,1440,6.63927,7.74374
2020-05-23,0.0997321,5.00101,4.40299,3.49811,3.88045,3.08531,4.45269,4.01227,4.47673,24.2343,14.7356,4.17813,2.35314,2.04985,3.75992,14,1440,-0.367186,6.49193,7.45307,6.10158,6.08185,4.06836,7.04345,6.1483,5.94239,90.8078,51.7969,5.978,3.95049,3.50258,7.10127,12,1440,4.58656,4.91071
2020-05-24,-5.12764,12.2564,11.5944,10.9126,14.0351,20.2616,11.0842,9.46314,10.5502,799.622,228.942,7.94758,7.75005,3.84436,11.105,11,1440,-3.29673,11.5994,11.0064,11.8194,14.9945,17.4504,10.4246,10.8862,9.81,231.728,175.092,9.81133,6.41476,4.59166,10.7894,12,1440,9.74354,9.33828
2020-05-25,2.04324,10.3125,8.39075,7.1784,8.00404,6.14032,8.98257,7.44845,9.14437,114.556,58.2762,7.69077,3.80892,4.58183,7.15814,15,1440,2.10378,8.77138,7.61176,7.23787,8.58588,5.5579,8.4481,6.46857,7.74305,101.205,55.7518,6.8684,3.16744,4.44432,7.03231,15,1440,7.68917,6.85124
2020-05-26,-0.667025,8.06575,6.09792,5.44633,4.69856,4.44843,6.5708,4.95014,7.11536,104.96,30.6975,4.2315,3.56899,2.52893,5.48012,14,1440,-1.60975,7.24027,6.11491,6.13716,6.35097,8.36404,6.63071,4.75929,6.41419,153.195,34.4384,4.20289,3.42819,2.68672,6.02174,13,1440,5.91669,5.0122
2020-05-27,4.02254,6.99434,6.99809,6.26325,6.82542,9.56568,7.39415,5.78503,5.79288,345.38,87.3402,5.08685,2.18739,4.8107,7.2746,11,1440,3.61738,4.94898,4.7941,4.14197,3.85979,4.23645,4.56832,3.89851,4.3735,58.5654,22.1104,3.56235,1.73815,3.05595,4.28373,12,1440,4.29898,4.66343
2020-05-28,3.96027,6.71593,6.07122,5.87051,6.17008,7.52555,5.72425,5.56995,5.91927,136.798,36.6402,4.89585,1.79832,4.2729,5.31988,13,1440,5.56503,6.21675,6.00756,6.39808,8.4226,11.4519,6.18334,5.94891,5.38114,65.4839,48.2056,5.28907,1.95737,4.05019,6.69601,12,1440,4.50573,4.34742
2020-05-29,-1.56631,6.86296,6.5643,4.88043,3.81043,2.75824,6.06782,5.25977,6.11993,238.564,39.0181,4.69081,4.19717,2.36713,4.94305,13,1440,0.208674,8.23633,10.2687,8.20059,5.61632,5.23967,9.21186,8.41285,7.5382,404.528,127.391,7.93162,5.02127,5.24743,8.80073,13,1440,5.48826,6.57276
2020-05-30,2.83055,7.06456,7.78967,7.53422,8.40411,10.1841,6.61879,6.08686,6.83686,543.225,53.5177,5.31003,2.37741,5.41226,6.33555,11,1440,9.91054,19.8076,21.5985,21.8216,25.7508,25.9307,18.8,19.0037,17.9517,1338.81,614.417,18.0206,8.01969,13.5788,18.6095,12,1440,8.70703,10.497
2020-05-31,-2.60592,6.53023,5.6587,4.68847,3.82417,2.43457,5.16386,5.936,5.87062,49.0785,39.5954,5.23887,3.22695,2.43175,4.0484,15,1440,-5.08916,16.2099,16.532,14.2539,14.7075,14.4797,14.8792,16.7983,14.3179,528.888,337.249,15.3626,10.1439,6.38813,14.0536,13,1440,7.87817,8.14882
2020-06-01,7.66316,12.5494,12.2925,18.3839,18.4472,24.6951,12.8195,11.8508,12.2087,1949.65,897.443,11.1512,2.38303,9.90951,15.1994,10,1440,6.94735,15.529,14.5485,14.7339,17.0795,14.3199,15.5504,13.673,13.7165,438.149,269.689,11.6887,5.20062,9.34792,16.9039,12,1440,9.6185,8.74145
2020-06-02,-6.92743,25.9374,45.3148,38.1786,41.6692,37.2147,36.2096,11.2014,16.7177,136355,903.71,7.19151,42.0779,3.2369,41.2234,10,1440,-4.33043,53.207,68.1341,59.1963,61.8366,55.7263,59.7559,30.2832,59.3093,278031,17279.8,16.174,60.6016,7.53249,67.1808,11,1440,28.3976,53.0082
2020-06-03,1.54505,5.17375,3.59406,3.04732,2.75885,1.4716,3.6646,2.48248,4.07875,48.8386,8.08777,2.03186,1.55089,2.04318,2.87709,15,1440,2.82457,8.28796,7.88139,7.37076,6.00028,4.32648,8.01438,5.33026,7.34484,203.897,37.8664,4.73425,3.42326,4.45813,7.47401,14,1440,5.12532,4.28685
2020-06-04,1.2626,8.25253,6.28976,5.85065,6.11216,5.52135,6.62066,4.99388,6.67777,164.227,50.5814,4.24604,2.82078,3.46898,5.21933,15,1440,-0.537184,13.9822,11.1165,11.1666,11.6504,9.21809,13.2723,10.4503,12.2958,335.359,247.007,9.54244,5.75608,5.36047,11.5505,14,1440,9.09269,7.147
2020-06-05,-1.73006,6.46331,5.257,3.81995,3.35248,3.21901,5.09652,4.8618,5.32568,61.5807,50.9767,4.46819,2.62796,2.62904,4.24945,14,1440,-1.31614,8.87033,9.18651,7.90921,6.92725,3.90854,8.53178,8.03687,7.76488,206.473,103.166,7.43537,4.59207,4.59445,7.80279,13,1440,5.91421,5.43055
2020-06-06,0.468077,4.35009,2.67558,2.56129,2.03054,1.93854,3.23424,2.2635,3.73849,13.6478,6.47378,2.13339,1.33573,1.33984,2.92016,15,1440,0.792585,6.64568,5.21278,5.2135,4.07588,3.26087,5.73111,4.04458,6.31175,73.0437,21.4185,4.03402,2.33089,2.8819,5.15838,14,1440,4.12003,3.05155
2020-06-07,0.831291,5.79966,4.94174,5.19427,8.44539,8.59526,5.05512,4.7695,4.95512,72.8623,74.1092,4.39369,2.13735,2.80439,4.80455,11,1440,1.07709,7.96376,6.89132,6.85392,8.65062,6.8518,7.52077,5.88104,6.49106,121.385,49.8545,5.59116,2.84541,4.04591,6.95923,12,1440,5.17476,4.78948
2020-06-08,0.358647,3.69536,2.65422,2.18722,1.94294,1.8991,2.97671,2.08509,2.68666,24.779,4.94194,1.77691,1.20149,1.45273,2.3907,15,1440,0.749555,3.9563,4.08564,3.75997,2.85575,4.17797,3.82818,3.18518,3.33989,75.0764,17.371,2.84103,1.76745,2.31819,3.58491,12,1440,2.76814,2.69951
2020-06-09,-0.0979829,7.10975,6.98132,6.56982,2.9737,1.79813,6.43719,2.94725,6.66468,2059.49,50.8347,2.15203,5.59258,1.38874,5.99135,14,1440,-1.0608,12.3048,13.5448,12.4824,4.51283,1.96391,11.9875,7.5929,10.4738,8506.56,904.929,4.58375,10.8581,2.68674,10.5041,16,1440,7.68819,9.0513
2020-06-10,1.14533,5.52059,5.8869,3.9636,0.867974,1.07208,5.88498,4.22169,3.82623,982.63,113.868,2.56276,3.84557,2.04133,4.83642,15,1440,1.6193,6.43472,7.045,7.73328,1.65977,1.8082,7.37464,4.28745,4.79562,915.09,98.6976,3.97046,3.71636,3.32863,7.87021,14,1440,5.00477,5.7003
2020-06-11,-6.31138,12.8318,16.9777,22.9608,30.6282,31.629,11.0121,16.7837,12.2275,4326.47,2817.05,15.2808,11.4758,5.50194,10.0897,9,1440,-7.2247,17.0943,21.0753,31.9951,42.7435,49.0356,14.62,21.5675,15.9548,3636.65,4851.1,24.0822,12.5975,8.47778,14.0508,9,1440,12.8737,16.9106
2020-06-12,1.97099,4.41365,4.3896,4.12958,4.49255,5.65382,4.1717,4.2274,3.86704,29.9379,20.4677,4.07619,1.81824,2.57136,4.0573,12,1440,3.00839,5.67284,6.79928,4.90298,4.89455,5.3783,6.00067,6.81187,5.11564,115.444,117.543,6.45553,3.03486,3.76441,6.05631,12,1440,3.68899,4.43976
2020-06-13,0.0867018,2.46722,2.29178,2.03417,1.36132,0.738354,2.24653,2.19606,2.03746,12.424,15.8571,2.27909,1.08068,1.2111,1.96243,15,1440,0.235462,3.62741,3.0711,2.55629,2.26009,1.32104,3.23249,2.91133,3.05548,15.9833,10.2868,2.92534,1.4212,1.6499,2.83499,14,1440,2.29519,2.13236
2020-06-14,-1.39505,3.11214,3.33888,2.64516,1.36352,1.9863,2.87633,2.36422,2.53157,133.658,8.25565,1.9817,1.34527,1.99362,2.7144,12,1440,-2.69873,4.45168,5.05108,4.71268,2.56043,3.03953,4.63737,3.78358,4.07224,188.193,32.5343,3.11639,2.65641,2.39467,4.71965,12,1440,2.8263,3.53569
2020-06-15,0.894288,9.41898,8.70986,8.97808,8.9976,10.1072,9.45863,8.48842,9.22519,126.092,88.2728,8.00856,3.9863,4.72355,9.30399,12,1440,-0.393403,14.6809,13.5036,12.6469,13.4134,15.5275,14.2451,13.1026,14.1863,390.796,268.078,13.0765,7.11488,6.38874,13.6327,12,1440,9.59741,9.47577
2020-06-16,1.05079,4.8867,5.2651,4.57212,4.37161,4.37967,5.05558,4.27177,4.12815,166.248,26.838,3.80635,2.14141,3.12368,4.65741,12,1440,1.90498,5.72122,5.79943,5.37388,4.66871,4.48868,5.41108,5.00705,5.0693,76.1131,29.3968,4.39651,2.50044,3.29899,4.89392,12,1440,4.01543,4.66874
2020-06-17,-0.636629,4.29744,2.83918,2.89829,2.88607,3.62695,3.53571,2.7586,4.11748,15.4581,14.1062,2.90756,1.40597,1.43321,3.04858,14,1440,-0.630971,6.16076,4.75056,3.91756,4.2843,4.57195,5.57741,4.55888,5.57199,47.7027,34.7741,4.93185,2.34198,2.40858,5.07454,12,1440,4.03846,2.8503
2020-06-18,-0.836227,3.27566,2.47144,1.85102,1.22915,1.4465,2.82778,2.08792,2.97712,23.5871,8.8076,2.07502,1.30752,1.16392,2.21494,14,1440,-1.09657,4.42818,3.83179,3.28904,1.73808,2.56867,4.08665,3.22181,4.19944,42.8751,16.8385,2.91691,2.12581,1.70598,3.48647,14,1440,2.93729,2.4793
2020-06-19,-0.813951,3.92354,3.16233,3.24767,3.4181,1.80274,3.41041,2.95118,3.67289,20.5468,9.94903,2.62007,1.49616,1.66617,3.22071,13,1440,-0.986386,5.2843,4.83735,3.93474,4.09421,2.76088,4.79822,4.82283,5.14262,49.8826,79.8677,4.55806,2.41544,2.42191,4.3434,13,1440,3.58435,3.29637
2020-06-20,0.521931,3.14166,1.52847,1.29274,1.34523,1.0758,2.33024,1.58978,2.83315,2.88023,2.96579,1.59013,0.710356,0.818111,1.26518,18,1440,-0.0480465,3.4493,2.03234,1.54852,1.67317,1.52327,2.7418,2.04098,3.3854,5.63776,4.47109,1.9796,1.01577,1.01657,1.81859,15,1440,2.61658,1.37901
2020-06-21,-0.688984,1.62218,0.957664,0.729644,0.561416,0.671712,1.11253,0.954109,1.48559,1.21258,1.09741,0.914688,0.497418,0.460246,0.876318,17,1440,-0.372049,2.15462,1.68845,1.61307,1.47985,1.43977,1.84045,1.59302,1.90624,5.35657,3.66643,1.51461,0.823422,0.865027,1.80017,14,1440,1.42851,1.01763
2020-06-22,4.12063,3.30823,2.74296,2.17044,2.54121,3.06005,2.97486,2.79349,3.03805,34.7179,32.6454,2.34637,0.821725,1.92124,2.67883,14,1440,6.40752,6.39413,6.33904,7.55277,8.39408,11.0661,6.9329,6.07052,6.31621,151.882,58.602,6.40518,2.01626,4.32278,7.58501,11,1440,3.24615,2.922
2020-06-23,-0.629709,2.28221,1.82536,1.60397,1.39198,1.42515,1.83159,1.72688,2.097,3.47576,2.8774,1.66518,0.931143,0.894219,1.7722,13,1440,0.00411294,3.5725,3.37554,2.91482,2.65941,2.68368,3.32155,3.25714,3.35056,14.5638,13.4744,3.2493,1.6796,1.69593,3.43887,13,1440,2.1297,2.01297
2020-06-24,-3.47155,6.30139,5.56176,5.58654,6.23426,6.70985,5.63498,3.84135,5.78608,342.154,26.7503,3.94683,4.106,1.45576,5.08817,12,1440,-3.58407,11.5229,11.0011,13.5362,14.2416,16.8782,11.4098,9.66592,11.2374,562.386,227.937,9.49385,7.66497,3.33609,11.3355,11,1440,6.42907,6.40744
2020-06-25,-0.506849,5.63799,6.69438,7.21604,7.97574,7.67764,6.11403,5.64775,5.18766,148.911,79.4512,4.69377,3.46393,3.23045,6.38634,11,1440,-0.890646,6.25942,7.32129,7.85942,8.7508,7.61842,6.56684,6.76351,5.92831,145.701,96.4881,6.19368,3.72013,3.60116,6.75401,11,1440,5.01404,6.47646
2020-06-26,-0.9481,5.98151,5.46187,4.28079,3.36835,3.34671,5.97884,4.61397,5.00099,145.291,31.4231,4.12255,2.22185,3.24002,5.76434,12,1440,-1.23774,6.4333,5.69762,4.79682,3.58066,3.01452,6.14786,5.20425,6.0658,83.9425,41.8602,4.93134,2.73753,2.96009,6.07263,12,1440,5.37415,5.04599
2020-06-27,-1.65304,6.1799,5.54428,5.70334,5.49115,5.91122,6.79655,4.4919,5.20635,236.888,28.698,3.93196,3.29717,2.24711,6.80861,12,1440,-3.86217,8.22824,8.84376,11.9901,14.6423,15.7062,10.4908,9.50378,8.01346,434.428,775.759,9.63393,5.8784,2.96537,11.6283,10,1440,5.74387,5.66081
2020-06-29,0.832496,2.85223,2.34404,2.24685,1.86947,1.94039,2.35484,2.16635,2.58684,9.88359,5.16551,2.02935,1.00241,1.34163,1.9979,14,1440,1.32493,6.1904,5.81356,5.97506,4.88711,5.25609,5.84852,4.84757,5.3821,65.2338,24.5558,4.39516,2.41383,3.39974,5.78089,13,1440,3.31962,3.03116
2020-06-30,-0.589273,1.90379,1.63771,1.88998,1.11131,1.0842,1.60777,1.68543,1.73051,3.5177,3.46296,1.57269,0.847308,0.790403,1.5199,12,1440,-1.0275,4.2912,4.14123,4.61419,3.28823,3.49892,3.99356,3.43822,3.75956,81.7163,16.0311,3.21231,2.46136,1.67987,4.02971,12,1440,2.19338,2.07144
2020-07-01,1.0174,2.42449,2.051,1.81347,1.62939,0.974045,1.87304,1.93735,2.31353,17.4315,7.85462,1.73025,0.745236,1.30576,1.4821,15,1440,2.36109,5.10222,4.38172,3.43616,3.53847,2.58675,4.18448,3.64944,4.1699,51.2555,28.0181,3.6242,1.67007,2.71166,3.45432,14,1440,2.54008,2.35334
2020-07-02,-1.58815,4.63879,4.09478,4.67972,3.37021,3.84408,4.22963,2.97579,3.56614,140.14,21.0113,2.81199,2.59339,1.50139,4.22061,13,1440,-1.98061,6.9709,7.21863,7.02826,5.65235,6.11397,6.37665,5.33729,5.23325,322.084,76.2795,4.89418,4.66728,2.55136,6.25879,13,1440,4.74976,4.64786
2020-07-03,-0.311715,1.46997,1.25006,0.953542,0.58252,0.445873,1.13061,1.17197,1.27821,3.64423,2.00752,1.09481,0.678,0.572062,0.909415,15,1440,-0.704587,3.20185,3.08248,2.45227,1.74312,1.31577,2.54692,2.63055,2.83734,27.4822,9.21905,2.46853,1.60316,1.47933,2.31855,14,1440,1.68817,1.69056
2020-07-04,0.84865,1.81003,1.54196,1.26002,1.55438,1.4221,1.50943,0.874285,1.16257,54.5965,0.93923,0.807892,0.386436,1.15552,1.29618,14,1440,1.89416,2.94078,2.33318,2.64754,3.66646,3.9334,2.27024,1.9722,2.40332,33.0288,10.8844,1.72246,0.724113,1.60906,2.26088,13,1440,1.75275,1.56559
2020-07-05,-0.725633,3.07745,2.38331,1.70705,1.80533,1.19143,2.42649,1.56127,2.26179,36.7285,3.82404,1.3916,1.14938,1.23393,2.05245,13,1440,-0.705015,4.32527,3.81184,3.32201,3.21204,2.74231,3.67618,2.71562,3.69065,90.1921,8.95835,2.61097,1.70838,2.10346,3.47606,12,1440,2.94507,2.67603
2020-07-06,2.98486,2.69072,2.24179,2.27392,2.76363,2.92515,2.47045,1.91557,2.25289,12.048,4.49516,1.82882,0.783362,1.45843,2.31047,13,1440,5.98695,5.74968,5.61424,6.1871,6.71053,7.12174,5.79091,5.0282,5.08537,62.0629,28.788,4.73871,2.08974,3.5245,5.88452,12,1440,3.00489,2.8694
2020-07-07,-0.933368,1.73597,1.59841,1.44465,1.29308,0.821178,1.49499,1.56365,1.54239,4.20477,3.35257,1.47716,0.945913,0.652496,1.3484,13,1440,-0.918944,5.56579,5.99169,6.2601,6.62348,4.02984,6.07604,5.11447,4.96981,65.1335,31.8262,4.92011,3.51849,2.4732,6.42183,10,1440,2.371,2.4175
2020-07-08,1.91164,2.56715,2.32634,2.4545,2.68693,2.9936,2.59203,2.11481,2.27319,36.8769,5.75062,1.91118,0.762524,1.56381,2.39489,12,1440,3.10919,7.5735,7.71911,7.81397,7.39331,9.46358,7.6851,7.8094,7.36404,89.4329,75.3616,7.13001,3.20072,4.51839,7.92996,11,1440,3.26803,3.24048
2020-07-09,-2.18162,3.05611,2.18345,2.43896,2.95922,2.77869,2.50148,2.20228,2.52652,13.4999,14.738,2.24887,1.38558,0.797864,2.73776,13,1440,-2.03308,6.57824,5.99052,6.58972,6.67801,6.0558,6.53625,6.04941,5.76907,55.7103,104.198,5.92879,3.52718,2.46334,7.17452,12,1440,3.71856,3.19339
2020-07-10,0.603756,1.81688,1.67332,1.46227,1.80807,1.90489,1.87957,1.55066,1.46497,7.25166,3.07437,1.40816,0.845824,0.827499,1.75055,12,1440,-0.297989,4.36519,4.36933,3.39251,3.69132,4.17848,4.67135,3.57975,4.25049,58.8498,17.9143,3.28331,2.38229,1.98704,4.27664,12,1440,2.15043,2.12513
2020-07-11,-0.586428,1.50136,1.15213,0.938601,1.05335,0.562132,1.18081,0.961395,1.19426,5.33241,1.35837,0.966228,0.723953,0.428178,1.01497,14,1440,-0.861697,2.63367,2.01649,1.95892,2.44273,1.71092,2.25678,1.85518,2.17597,6.98037,3.93977,1.88855,1.10855,0.907941,2.03547,13,1440,1.5042,1.19202
2020-07-12,0.741448,2.56458,2.43407,1.58393,0.895721,0.857892,2.22397,1.75269,1.87611,62.5018,33.3275,2.22811,1.21734,1.21673,2.01132,11,1440,1.49387,5.31955,5.90989,4.11219,3.52456,3.60083,5.76544,4.51844,4.53825,461.381,205.309,5.28298,3.12416,2.78572,6.22504,10,1440,2.85609,3.32861
2020-07-13,-0.648466,1.89453,1.30163,1.20418,1.22139,0.859617,1.45368,1.28987,1.72504,3.1218,3.09453,1.20488,0.719394,0.582239,1.25369,15,1440,-1.36435,4.76761,4.08177,3.55029,3.47813,3.8038,4.24424,3.67277,4.38632,27.3701,29.2694,3.69418,2.28974,1.79203,3.88333,14,1440,2.25456,1.90307
2020-07-14,0.143039,2.08954,1.72491,0.918877,0.871393,0.847286,1.75237,1.57572,1.67443,19.5439,11.7098,1.45105,0.878828,0.846087,1.34068,15,1440,0.391716,2.95247,3.2488,2.31393,1.94919,1.84846,3.00088,2.97608,2.42934,44.7235,31.6338,2.53813,1.47766,1.77114,2.91334,13,1440,1.79546,1.97272
2020-07-15,-0.63132,1.0538,0.905801,0.852227,0.885069,0.770533,0.880385,0.85223,0.92688,1.16459,0.77558,0.735853,0.469461,0.436341,0.837151,12,1440,-0.764016,2.06399,1.78227,1.7957,1.92262,1.54519,1.82634,1.69318,1.79064,3.28676,3.14174,1.64034,0.936081,0.846193,1.78958,13,1440,1.07624,0.986586
2020-07-16,-0.696952,1.76637,1.52492,1.79085,1.16236,1.19212,1.45586,1.43945,1.66426,6.95887,4.35399,1.48073,0.864175,0.660745,1.38495,14,1440,-2.13486,5.4538,5.48995,6.38259,4.3767,4.12202,5.92463,4.79996,4.98373,238.987,72.1523,3.9029,3.66884,1.82111,5.84648,13,1440,2.36838,2.31136
2020-07-17,0.225284,0.726814,0.736814,0.856449,0.62013,0.338247,0.737705,0.682757,0.629441,0.937821,0.651654,0.64025,0.337265,0.399549,0.79834,11,1440,-0.386068,2.11271,1.96003,1.99521,0.980871,0.657361,1.90867,1.61488,1.84618,7.2374,3.13431,1.55127,0.935757,1.02427,1.95871,12,1440,0.902382,0.960029
2020-07-18,0.174192,0.603604,0.61522,0.540579,0.463851,0.202455,0.633208,0.494826,0.515485,2.33799,0.704143,0.446813,0.294999,0.320221,0.621224,13,1440,1.28114,1.42757,1.38902,1.32995,1.03514,0.603177,1.47145,1.20249,1.22841,7.00725,2.07523,1.06973,0.590988,0.798036,1.44485,13,1440,0.666628,0.751055
2020-07-19,0.421236,0.863525,0.667405,0.645014,0.601815,0.409985,0.761789,0.452524,0.617144,2.27181,0.282558,0.419507,0.311194,0.356211,0.681052,13,1440,1.44912,1.865,1.88647,2.29898,2.10552,1.95818,1.99616,1.34341,1.47228,29.1209,3.9996,1.15539,0.640338,1.24613,2.11707,12,1440,0.848378,0.775477
2020-07-20,-0.524885,0.703535,0.613472,0.485852,0.453467,0.491568,0.63454,0.508243,0.538316,1.5447,0.322171,0.468388,0.393239,0.220233,0.633515,13,1440,-1.30495,2.16736,2.23684,2.8288,1.81421,2.32624,2.17786,2.07793,1.97768,26.3409,13.9835,1.69313,1.45122,0.785616,2.39999,11,1440,0.863934,0.906605
2020-07-21,2.4714,1.77349,1.96334,2.58935,2.37782,2.63515,1.89344,1.91508,1.71185,15.5639,12.8793,2.07271,0.686794,1.27655,1.99345,11,1440,3.97893,3.48022,3.53361,3.9827,3.64206,4.17629,3.83646,3.41848,3.43536,43.1368,25.4875,3.01523,1.29799,2.23562,3.75809,12,1440,1.83008,2.08168
2020-07-22,1.35563,1.71946,1.72258,2.35504,1.8693,2.38639,2.27387,1.70001,1.54235,28.6004,28.0857,1.7012,0.518997,1.20358,2.55653,10,1440,7.13003,20.2418,26.4195,31.8783,31.733,37.2096,40.8408,14.9865,21.1262,38466.8,190.486,11.5086,1.85406,24.5655,44.6787,9,1440,4.02492,4.77913
2020-07-23,0.890211,2.86071,1.46121,1.44541,1.19171,1.58369,2.27583,1.47031,2.43505,7.76019,9.28291,1.4742,0.564148,0.89706,1.53908,15,1440,4.28976,16.712,12.2665,14.1932,18.2407,24.8778,13.239,12.1431,13.9112,745.466,602.23,11.0356,3.84987,8.41666,11.1541,13,1440,5.19749,2.59912
2020-07-24,-0.684081,1.78734,1.68594,2.05978,1.85502,1.85491,1.70061,1.56682,1.52746,4.68646,5.09728,1.54457,0.953546,0.732389,1.62759,12,1440,1.38879,14.6166,12.5197,15.5211,15.5582,14.8916,12.7945,12.5601,12.8026,247.705,214.556,11.7191,6.06569,6.45397,12.0571,13,1440,3.65809,3.5766
2020-07-25,1.69063,2.44773,2.4636,1.54894,1.57576,1.29203,2.07087,2.22799,2.3026,19.0743,6.66869,1.87193,1.18299,1.28061,1.68435,14,1440,8.94146,18.2644,20.2508,15.1454,17.7125,22.0229,17.2327,18.972,16.7469,1733.49,717.187,16.7806,9.01739,11.2334,15.5782,13,1440,4.92821,5.8166
2020-07-26,2.35464,6.27175,7.29559,5.03156,4.68989,6.09515,8.32004,7.10098,5.63663,715.11,736.765,6.04813,2.78955,4.50603,8.53502,12,1440,1.8629,21.7367,26.1026,21.5737,24.4123,20.7639,22.7465,23.5953,21.6896,2519.38,702.144,21.7538,14.9006,11.202,22.1789,11,1440,7.11113,8.54375
2020-07-27,10.49,31.9805,35.3502,25.9655,31.7544,36.2769,31.0543,30.5897,35.0283,11694.5,2482.77,28.1789,18.9537,16.3965,31.7327,10,1440,3.45412,49.5011,47.4822,33.2436,43.986,38.2924,36.51,44.8817,48.7642,9852.65,2772.1,38.7184,25.477,22.0052,34.5361,12,1440,28.6875,27.3514
2020-07-28,-1.12774,21.7969,24.6031,22.1999,19.0808,20.5874,21.5227,22.1829,19.5843,1044.89,502.031,20.8229,13.5215,11.0816,21.4748,12,1440,-1.61582,21.2576,23.7526,23.7999,18.0655,17.3158,21.5048,23.1752,19.7625,941.455,704.694,20.3315,12.9317,10.8209,21.598,12,1440,17.1971,20.1719
2020-07-29,1.7655,13.1906,11.7401,9.93122,8.06323,8.894,11.5691,11.6816,12.5866,343.626,400.432,10.1192,6.1315,5.6086,9.88112,15,1440,0.296306,11.8654,12.839,11.4691,9.06827,9.1743,12.1585,12.5607,11.4384,278.869,217.742,11.2725,6.60781,6.23123,11.3107,13,1440,9.88383,10.0295
2020-07-30,-0.00828824,6.48443,6.72931,5.2924,5.02566,4.50153,5.5701,5.5556,6.04957,156.871,35.3454,4.9783,3.56743,3.16188,4.80892,14,1440,5.26034,12.8097,13.5805,12.9647,12.3839,11.2115,13.3937,11.484,11.2941,459.829,193.441,10.6758,4.68342,8.89706,12.6732,12,1440,6.31362,6.51096
2020-07-31,2.10259,7.40647,6.58018,7.41388,6.89179,5.97926,6.44038,6.45188,6.8478,67.8365,67.9206,5.71133,3.33222,3.24797,5.86314,14,1440,3.36497,14.4059,15.8936,11.4778,14.459,14.2079,14.7605,16.1353,13.5053,286.08,292.514,15.6792,6.84744,9.04615,14.1646,12,1440,6.9627,7.0224
2020-08-01,4.02628,11.2197,10.9946,8.46146,9.26418,9.70598,9.67153,11.0402,11.1084,168.81,166.645,10.7018,4.75398,6.2406,8.88243,12,1440,11.1033,23.7654,26.9657,29.2193,37.4384,30.3871,26.8007,21.6033,23.3002,2583.1,612.411,19.8371,9.09807,17.8676,27.4335,11,1440,11.1427,11.6311
2020-08-02,-6.3838,57.2421,53.5477,76.1224,49.9201,61.7659,95.3529,43.2212,50.9732,89597.3,38172,34.283,43.4768,10.0709,95.2737,12,1440,-3.84024,329.181,131.122,142.926,129.709,139.77,321.464,97.1239,423.434,332262,86731.4,82.3795,92.5911,38.5305,228.132,17,1440,99.9099,75.3987
2020-08-03,1.33203,7.41482,7.12463,5.08225,6.57288,5.74718,5.98229,6.34592,6.79399,144.534,31.4551,5.90139,3.84261,3.28202,4.93592,13,1440,3.56597,23.8441,27.7748,21.8022,22.5955,16.5588,23.2729,24.061,23.2262,1659.25,530.456,22.1854,13.1099,14.6649,21.5509,12,1440,10.4797,11.3877
2020-08-04,-0.248441,7.07978,6.23017,5.05501,6.08332,5.1913,5.99859,6.4987,6.85652,64.5969,83.8408,6.24206,3.16779,3.06237,5.48632,13,1440,0.946432,19.5306,18.7602,19.2542,23.6602,26.7063,18.2533,18.5958,19.6109,619.521,516.443,18.5727,8.59677,10.1634,18.7689,12,1440,9.15772,9.18649
2020-08-05,4.82234,8.52882,7.00425,6.44936,7.14032,6.25849,7.11864,5.61949,6.27477,180.142,46.8309,4.99733,2.98642,4.01783,5.85952,14,1440,2.81167,20.3715,15.3993,14.3712,14.2601,12.1825,16.1071,12.1509,21.4439,1054.43,189.351,10.6579,8.15992,7.23937,13.2016,14,1440,9.21236,8.23701
2020-08-06,0.149315,6.66602,5.65622,5.00593,3.78861,4.22389,5.43174,5.40481,6.10287,44.2352,42.9177,5.32024,3.18896,2.46726,4.83021,14,1440,-1.49596,8.01768,7.27017,6.95602,3.42791,4.27386,6.91349,6.78294,7.39993,59.5263,44.6589,6.31722,3.84536,3.42481,6.02415,14,1440,5.35762,4.97393
2020-08-07,-1.44055,7.82859,6.82515,4.90352,5.67697,2.86295,6.521,6.73039,7.70018,89.1361,85.4258,6.10312,3.78959,3.03556,5.97779,14,1440,-3.98704,23.819,21.5618,16.1642,20.0069,12.3197,20.9394,18.8234,24.3599,2678.52,1265.9,16.9559,13.5142,8.04768,19.8258,13,1440,9.97111,9.83973
2020-08-08,1.43163,5.01979,4.70847,3.97387,3.70387,3.65571,4.38706,3.96008,4.5051,44.7557,16.3247,3.50339,2.27769,2.43077,3.64521,14,1440,4.55789,12.1704,10.9531,11.4203,11.2709,10.2837,11.1908,9.82891,11.5099,231.555,100.512,9.03163,4.52479,6.42831,10.5802,13,1440,5.4272,5.31239
2020-08-09,-0.680203,4.68685,4.16873,3.3613,3.47069,2.6418,3.80714,4.23839,4.33151,20.5629,20.1214,4.08367,2.16335,2.00537,2.99791,14,1440,-1.75062,17.621,13.4744,11.2281,10.7635,7.94742,12.0317,12.6315,15.7762,357.465,173.756,12.027,7.58564,5.88878,9.60908,15,1440,6.37044,6.0038
2020-08-10,1.79215,17.7448,21.5176,21.9542,18.8806,11.1001,16.0811,13.1444,12.4728,17748.6,622.195,10.7546,15.9269,5.59072,13.8894,14,1440,1.34934,13.6192,13.6806,12.0789,9.51711,6.0598,11.0438,10.9865,12.8267,1956.09,112.016,9.84652,7.9494,5.73117,8.5513,16,1440,11.9605,14.3183
2020-08-11,-4.30249,12.4973,13.9381,11.3237,6.06067,7.52742,11.6662,13.4473,12.5829,564.608,474.567,12.4213,7.23844,6.69966,10.9039,12,1440,-4.24629,19.0045,19.4418,17.298,11.8182,11.0939,18.0852,18.4427,18.5123,902.935,826.922,17.643,10.3043,9.13756,17.1117,13,1440,12.1122,13.9868
2020-08-12,1.5007,6.18714,6.69217,5.12313,5.51011,6.20059,5.98624,6.10559,5.78453,67.6925,72.2354,5.84675,2.94494,3.74723,5.84888,13,1440,2.13535,10.9268,12.2057,10.0602,11.2551,12.8095,11.222,10.6028,10.3809,200.173,182.503,10.7824,5.39983,6.80584,11.0694,12,1440,6.38225,7.73967
2020-08-13,1.84778,9.46049,7.75252,8.36466,6.01567,4.81078,7.77658,6.97473,9.40887,109.236,61.6186,6.54324,3.45755,4.29496,6.76491,13,1440,9.21165,31.2095,37.8844,43.1625,32.3572,34.2437,34.183,27.2422,31.6905,8044.52,1165.31,33.0496,10.8855,26.999,36.3364,11,1440,13.5173,13.4089
2020-08-14,-0.165332,4.3842,4.67142,3.51599,2.67818,1.57515,4.51076,4.26657,4.15376,25.2227,16.4781,4.13389,2.36795,2.30347,4.1401,13,1440,3.14638,18.177,18.4847,15.0215,12.7552,10.2088,18.7641,17.5131,18.6374,863.571,361.385,15.6074,7.80074,10.684,17.6441,12,1440,6.74998,7.43551
2020-08-15,0.778052,5.5367,5.70022,4.98375,4.57848,3.45444,5.00182,5.86255,5.32666,48.1668,53.1873,5.7014,2.70868,2.99155,4.89446,12,1440,-1.3304,12.9773,11.8184,9.12351,8.6971,4.01253,11.6549,11.2225,11.328,209.103,150.776,11.0884,5.54019,6.27822,10.5778,14,1440,5.35162,5.33328
2020-08-16,0.493196,3.46016,3.14104,2.31243,2.37009,2.45969,3.23103,2.95892,3.44713,14.3365,10.2374,2.94428,1.45079,1.69025,2.9166,13,1440,0.300252,14.8577,14.5287,10.0807,11.9201,10.9026,14.3533,13.216,14.4764,425.494,294.664,12.5875,6.7304,7.79827,12.909,13,1440,5.0529,5.32422
2020-08-17,3.06016,12.3976,13.9495,7.45614,9.0826,10.6216,13.2678,14.3053,13.0431,1802.35,2349.86,16.0555,5.38791,8.56158,8.31666,14,1440,-0.631574,18.7978,18.6259,17.7898,17.4775,13.8822,19.7372,18.1019,18.2836,827.408,715.136,16.0068,8.83819,9.78772,17.3334,12,1440,10.7841,11.7675
2020-08-18,-2.77503,9.98198,9.70021,7.72664,10.1539,7.02038,8.65219,9.23645,10.4667,468.256,189.306,7.54344,6.32867,3.37155,7.31792,14,1440,-2.0966,13.1174,15.0346,11.3565,14.9163,7.38871,13.2361,15.0848,13.061,839.932,492.683,13.4149,8.58266,6.45192,11.0373,14,1440,8.93703,10.6085
2020-08-19,-1.60698,9.00766,8.38156,9.22785,7.00054,4.42536,8.32021,8.50034,8.65094,85.2288,84.4098,8.69483,4.55599,3.82557,7.36543,13,1440,-3.49441,27.593,27.8691,28.5112,19.3194,16.542,27.4439,26.8959,28.2122,1719.78,1301.77,27.0125,13.9606,13.9085,24.7809,13,1440,12.8964,13.1181
2020-08-20,0.83836,2.82571,2.95606,2.31814,2.43595,1.82191,3.02704,3.09752,2.6257,9.88168,12.2115,2.95804,1.37926,1.5768,2.66858,13,1440,2.05983,10.0323,11.8456,9.2342,9.08631,7.0631,11.339,11.009,9.78319,243.744,125.65,10.6595,4.91386,6.93175,10.5522,13,1440,4.10286,4.87039
2020-08-21,-2.75589,5.39328,4.12607,3.9016,4.7741,2.64557,4.87249,3.93909,5.34978,20.2856,17.8976,4.26215,2.16329,1.96278,3.84046,13,1440,-6.9613,17.6093,19.9598,17.7046,22.1489,12.1963,19.7761,19.8564,16.7952,726.167,582.34,19.2549,11.7086,8.25116,18.1427,12,1440,7.88456,7.92184
2020-08-22,1.13495,3.61947,3.2013,2.89847,2.81699,2.65313,3.09774,2.99459,3.39893,18.3388,11.244,2.94727,1.58913,1.61217,2.78865,13,1440,1.85652,11.6983,11.2171,10.3022,9.97201,10.6966,10.9104,10.4722,10.6715,217.2,120.09,10.5224,5.62782,5.58931,10.3634,12,1440,5.36685,5.07098
2020-08-23,-0.127236,1.92975,2.11395,1.77233,1.63371,1.17608,2.19161,1.95931,1.83386,12.1673,5.10067,1.8434,0.932493,1.18146,2.20321,12,1440,-1.15276,7.40738,8.12693,6.17259,5.30595,5.5092,7.7603,7.51008,6.80462,135.084,79.5538,7.17194,3.78701,4.33992,7.49166,12,1440,3.03903,3.51895
2020-08-24,0.855439,1.66826,1.80723,1.91331,1.55835,1.2607,1.77224,1.79902,1.50029,3.71496,3.3606,1.75132,0.801914,1.00531,1.70123,12,1440,4.2517,8.38174,9.75852,9.86299,9.07551,7.8013,9.13503,8.86255,7.9017,210.537,103.486,8.70697,3.69491,6.06362,9.11529,12,1440,2.80971,3.32866
2020-08-25,-3.72686,6.73649,6.42134,7.3888,5.97838,4.84048,6.05277,6.43473,6.4712,71.1073,97.0103,6.78732,3.77597,2.64537,5.69241,13,1440,-6.26303,24.0123,22.2609,24.8781,23.1215,20.5915,21.791,20.9825,23.8903,1079.7,707.476,21.6165,12.2417,10.0192,20.577,13,1440,10.6374,10.2563
2020-08-26,1.2556,4.35337,4.5953,4.28782,4.15721,2.43626,4.56132,4.39301,3.95703,53.1191,26.905,4.43849,1.82623,2.76908,4.55984,13,1440,0.749282,12.0305,11.5403,11.3964,12.1272,8.79639,11.6266,11.1082,12.3497,202.555,154.908,10.8713,4.99852,6.54182,11.2171,13,1440,5.98947,6.25849
2020-08-27,-1.14999,7.18076,6.46869,7.02906,7.37093,3.68207,6.96324,6.07232,7.29106,100.261,81.5876,6.02968,3.45274,3.01594,7.28889,13,1440,-0.660532,16.1163,15.2197,19.2551,18.2774,14.0788,16.6019,14.255,16.0666,434.354,366.663,13.2649,7.41639,7.80327,18.0255,13,1440,9.17599,8.54107
2020-08-28,1.71967,3.02214,2.68867,1.93568,2.09065,1.86586,2.67122,2.63041,2.83338,7.21449,7.18484,2.66318,1.11609,1.57258,2.09612,13,1440,3.04245,7.76682,8.24543,7.62857,7.46981,7.16327,7.8018,8.02781,7.65413,79.9687,56.0993,7.77395,3.62661,4.61881,6.9704,12,1440,3.89583,3.90241
2020-08-29,-0.531212,2.10142,1.81045,1.42047,1.37275,1.36379,1.75532,1.84901,1.91191,3.57025,3.58321,1.75146,0.932519,0.877932,1.44894,14,1440,0.891963,7.98367,6.21252,6.09093,6.55488,7.52598,6.46269,5.65825,7.82558,48.9249,34.8142,5.85802,2.92245,3.29007,5.8875,13,1440,3.17094,2.6592
2020-08-30,2.11701,2.53162,2.31988,2.14657,1.80271,2.30644,2.34596,1.85999,2.01607,66.0185,6.16728,1.62254,0.707529,1.61235,2.30182,13,1440,7.32332,9.53694,7.7465,7.84201,9.48956,11.3659,8.35192,7.42404,9.46682,99.8917,69.2709,7.55197,2.6878,5.0587,8.37381,12,1440,3.44368,3.20165
2020-08-31,-0.527811,2.7099,2.51232,1.89486,2.13344,1.37393,2.50165,2.25445,2.35339,13.1974,5.0905,2.01744,1.2334,1.27892,2.23331,13,1440,1.12435,11.2356,10.1208,10.2646,9.97515,8.71747,11.2286,9.17332,11.0072,134.137,86.2166,9.39295,5.20548,4.91529,11.2621,12,1440,4.04694,3.96518
2020-09-01,2.31188,5.13844,4.5323,4.54271,4.23366,4.5097,4.6029,3.51614,4.96817,37.5462,11.3796,3.29919,1.91792,2.61437,4.28688,13,1440,9.1596,24.7051,26.905,29.7195,32.0432,25.4734,26.0719,25.889,24.9304,1193.84,812.373,23.8948,10.4357,16.4693,26.9575,12,1440,8.84638,8.81011
2020-09-02,-4.57753,9.65147,8.08796,7.4123,10.5678,7.93047,9.86658,6.91375,9.03572,197.309,55.6808,6.44948,5.34918,2.73878,8.1444,13,1440,-7.85188,47.5269,55.5826,42.4437,58.7984,40.0596,55.8718,49.8847,49.3693,31088.4,9538.63,40.1375,38.4876,17.095,49.8812,13,1440,17.7586,16.6234
2020-09-03,-11.6036,34.8268,31.6666,35.775,45.2451,48.5445,38.6559,28.9199,37.0618,9050.52,5706.62,21.6621,23.8825,7.78414,39.6492,12,1440,-14.1789,74.3627,63.3645,64.3403,79.9645,64.6252,70.3262,66.2959,76.6684,5952.1,7868.5,60.7246,37.4626,25.9019,66.876,13,1440,41.838,32.9849
2020-09-04,2.96712,25.9113,25.875,28.49,21.0529,9.49462,22.6611,24.5362,26.221,3426.57,1230.35,20.7243,9.3818,16.4932,20.1628,12,1440,1.00697,58.4685,65.3258,62.237,51.3493,25.3724,58.0903,68.7577,61.0896,18117.2,11344.1,61.7012,26.9771,38.3487,54.7414,12,1440,34.2328,37.3379
2020-09-05,-2.71264,36.3903,34.1189,25.3309,24.8774,27.9321,29.7134,31.0216,28.8132,6168.08,1808.68,28.4953,14.8432,19.2757,24.9295,14,1440,-13.9758,163.312,158.133,125.578,131.949,156.948,146.292,160.278,143.38,92696.2,55786.7,175.88,87.4508,70.682,132.008,14,1440,66.2476,65.4654
2020-09-06,0.876571,11.7307,10.4666,8.22785,7.96521,6.87243,10.2187,9.54522,10.9554,121.265,75.3039,9.89193,4.94664,5.51993,9.25951,14,1440,5.17409,78.5738,79.9308,66.4489,72.0385,56.0113,79.5701,81.3556,78.724,5863.06,7244.84,80.7754,36.6081,43.3227,76.8293,13,1440,25.52,25.4121
2020-09-07,1.13663,12.8198,10.3714,9.19606,9.73159,11.6972,11.4874,8.51101,10.8068,195.941,82.716,8.47235,4.53931,5.83208,10.1507,13,1440,0.223673,50.2138,47.2343,47.9255,45.5215,44.1704,51.2763,41.4333,46.4393,3090.69,1901.36,38.8869,23.1673,24.067,49.1353,12,1440,21.9226,19.5019
2020-09-08,-2.40781,17.0207,19.3064,11.5326,13.9097,10.6324,15.6101,17.9584,14.37,3918.34,831.59,18.7191,8.51438,10.792,12.2383,13,1440,-4.68985,41.2626,46.5755,38.8114,45.0768,31.262,41.3246,42.4406,38.6338,6826.79,2964.08,43.1008,23.769,22.8065,37.4545,11,1440,22.9105,26.9348
2020-09-09,0.909774,5.87969,5.635,5.43331,5.33296,4.7035,5.41207,5.21321,5.11417,37.6049,23.1206,4.83913,2.86174,2.77326,5.1894,12,1440,3.91193,20.2961,21.4345,20.1633,20.7711,19.1107,19.9291,20.3019,18.5661,532.588,402.159,18.9255,10.2944,11.14,18.9778,13,1440,9.13865,9.32777
2020-09-10,1.14488,6.8036,6.23485,5.52695,4.9273,4.91368,5.7915,5.43962,6.3682,73.0067,30.394,5.10573,3.1081,3.12675,5.15384,12,1440,4.75339,26.1195,29.1263,29.204,29.3972,29.9255,28.4845,26.4827,25.0298,1348.44,695.728,22.9208,13.694,15.4323,28.0666,12,1440,11.2644,11.6734
2020-09-11,0.492359,3.47197,3.10376,2.64817,2.04598,1.77837,2.85537,2.77328,3.33839,10.9643,7.49102,2.88262,1.48355,1.62021,2.58298,14,1440,1.53733,16.9842,16.8795,14.9597,13.7359,11.4028,16.4302,14.7692,16.4542,421.442,214.968,14.9516,7.36783,9.51167,15.8246,12,1440,6.32394,6.13828
2020-09-12,0.5092,2.01489,1.58202,1.6302,1.60576,1.47568,1.67485,1.54398,1.82126,3.83571,3.39582,1.53054,0.735229,0.846792,1.48099,13,1440,3.71722,11.0252,11.4409,10.0022,9.56767,12.4912,10.6836,9.07443,9.54781,453.465,92.225,8.08323,4.52016,6.92074,10.4181,13,1440,3.57621,3.34998
2020-09-13,-1.04065,4.51631,3.65999,3.97061,4.6247,4.30125,3.68679,3.06498,4.56151,72.6774,13.1502,2.7265,2.05598,1.604,3.41802,13,1440,-5.6658,19.0403,17.1292,14.7117,17.1621,16.1692,16.8361,16.3139,19.3264,433.772,288.781,13.9188,10.6918,6.43742,16.6335,13,1440,7.16821,6.13861
2020-09-14,3.22757,5.0369,4.72608,3.50703,4.09273,4.51674,4.82178,4.28628,4.64491,36.1057,22.4106,4.18528,2.14179,2.58429,4.55754,13,1440,2.87832,19.9473,22.4824,19.493,24.3297,27.9438,21.1948,19.9359,18.6591,882.668,343.864,19.2234,10.6737,11.8086,21.1893,12,1440,7.71454,8.4845
2020-09-15,1.05831,6.4839,5.96335,6.04776,6.83068,6.0848,5.94111,5.67971,6.43694,64.0852,50.3151,5.52204,2.72359,3.23976,5.96972,12,1440,-3.52447,16.2685,15.0328,15.8906,16.6496,15.0252,14.4859,15.2583,16.1176,256.433,286.175,15.394,7.59852,7.43427,14.0116,12,1440,8.03902,7.67815
2020-09-16,1.55206,5.81664,5.25604,5.44136,4.70383,4.06102,5.63682,4.49707,5.68902,47.5482,22.1971,4.83863,2.34652,2.90951,5.68204,13,1440,0.287999,14.1983,12.4493,12.8391,10.8558,10.7386,13.7754,11.3869,14.1136,290.589,146.946,9.88938,6.05044,6.39884,13.8314,13,1440,7.36357,6.34418
2020-09-17,-0.128072,4.42843,3.50811,3.38691,2.60416,2.44685,3.5551,3.68359,4.26968,14.0807,16.0061,3.84516,1.7127,1.79541,3.30644,13,1440,6.43057,18.7019,18.1329,19.0686,19.6604,22.8788,18.001,16.7225,18.8514,718.765,404.49,16.0572,6.46105,11.6719,17.6649,12,1440,7.15195,6.29052
2020-09-18,-0.0603473,2.40113,2.38639,2.3024,2.33764,1.97786,2.30362,2.33758,2.16341,7.30195,5.13,2.35827,1.2854,1.10099,2.20144,13,1440,-1.28467,9.9584,9.6096,9.82639,9.3925,8.14712,9.8665,7.98458,9.03945,180.832,76.7152,7.91757,5.39703,4.21257,9.92132,12,1440,3.8131,3.83445
2020-09-19,1.33789,2.80529,2.55501,2.98199,3.00903,3.09229,2.64528,2.38477,2.28204,22.9078,12.4725,2.69326,1.00106,1.55395,2.40447,11,1440,0.223481,7.40603,5.87027,4.83219,4.97951,4.83939,5.64314,5.80891,6.93175,70.9218,44.0398,5.13125,2.88234,2.98793,4.29371,13,1440,3.10852,2.92343
2020-09-20,-1.45787,3.4354,3.41721,3.16689,3.47439,2.88571,3.40113,2.63947,3.18824,50.2692,9.79225,2.26634,1.97269,1.44452,3.30016,13,1440,-3.75826,9.24828,9.16125,8.44837,10.8407,6.51376,8.53558,7.00862,8.0725,429.428,60.5881,5.33101,6.09485,3.0664,8.77825,12,1440,3.72658,4.55752
2020-09-21,-4.71614,7.54593,6.75044,7.25627,5.36204,7.02774,7.75082,6.78332,6.96002,67.1506,91.4894,7.10287,4.22447,2.52598,7.26781,12,1440,-8.6306,27.8334,22.8484,27.7977,28.8468,24.3225,26.948,23.4448,25.8766,888.04,1046.01,22.4479,14.3531,8.49524,27.3132,12,1440,11.8958,9.92133
2020-09-22,1.07311,4.40508,3.78181,2.837,3.05691,2.16042,4.0318,3.23943,3.86875,31.8556,16.6826,2.92554,1.63031,2.1515,3.56855,14,1440,1.12481,15.3924,15.1219,13.59,13.3416,11.1112,15.3813,13.1984,14.8389,454.903,235.31,11.0198,6.4615,8.66039,15.5026,13,1440,6.68476,6.50933
2020-09-23,-2.77471,4.70601,4.03084,3.40847,2.95563,2.80313,4.10747,4.10193,4.64417,66.599,52.7557,3.31309,2.38932,1.64152,4.13213,14,1440,-7.06835,20.3849,18.2644,15.7544,13.3503,12.7472,18.9148,14.3395,20.9392,1551.27,480.913,12.5687,11.4862,6.77827,19.3347,13,1440,7.95059,7.52687
2020-09-24,4.71882,5.91673,4.82827,4.84087,4.25666,5.99643,5.658,4.17815,4.91104,107.511,29.9636,3.83883,1.2386,3.58967,5.93902,13,1440,8.44175,19.0655,17.5922,18.23,13.5347,15.8688,18.2723,16.6195,17.6602,901.846,639.827,15.9886,5.40336,12.1888,19.1875,13,1440,8.13042,7.50849
2020-09-25,-0.463522,3.60898,3.50022,3.17359,2.11945,2.06115,3.67095,3.29731,3.33804,23.4873,13.9002,2.79363,1.69063,1.8096,3.14671,13,1440,0.841792,13.4812,13.2075,13.9083,10.872,11.0783,13.1197,12.6229,13.2802,250.192,173.197,12.1402,6.04608,7.16144,12.227,12,1440,5.52084,5.73759
2020-09-26,0.39159,2.64545,1.87249,1.72243,1.40012,0.853602,2.16591,1.89542,2.11914,3.97796,4.28936,1.79659,0.927439,0.945053,1.62797,15,1440,0.566702,11.156,7.92382,8.4841,8.09031,5.4896,8.32653,7.83501,10.2515,80.7665,81.4032,7.94165,3.7951,4.12872,7.32813,14,1440,4.28075,3.08756
2020-09-27,0.424596,2.50424,1.97322,2.1381,2.3796,2.70363,2.15133,1.99251,2.14808,7.34718,9.98013,1.85269,0.915388,1.05783,2.08167,12,1440,1.00365,10.0847,8.1404,9.52254,10.68,12.8931,8.7823,7.21292,9.47103,107.757,67.4143,7.88665,3.63311,4.5073,9.19792,12,1440,4.0264,3.38914
2020-09-28,-0.727797,3.72043,4.18605,3.80175,3.30219,4.31835,3.67975,2.80844,3.03589,141.561,10.9643,2.38102,2.31217,1.87388,4.19371,12,1440,-0.992348,9.81017,9.27275,7.71541,7.56576,8.94527,9.71025,7.35995,8.18265,530.19,77.866,6.0704,4.75576,4.51699,9.19281,13,1440,4.55466,4.77809
2020-09-29,1.34062,2.3744,2.22167,2.22164,2.1075,1.79425,2.21275,2.28876,2.10695,6.56778,5.96738,2.41064,1.00315,1.21852,2.24536,12,1440,1.63366,6.09124,5.99131,4.91457,4.37322,3.14481,5.48632,5.57789,5.56047,45.4746,25.8947,5.73958,2.73728,3.25403,5.14412,13,1440,3.04692,3.1331
2020-09-30,-0.591109,2.29744,2.28682,2.11337,1.80937,1.4142,2.30726,2.09831,2.14788,7.38546,4.95946,2.09011,1.24517,1.04165,2.25648,12,1440,0.011117,4.78587,4.30525,3.68718,3.86703,3.02534,4.08399,3.98187,4.42506,31.2366,14.7552,3.90974,2.20456,2.10069,3.75551,12,1440,2.69,2.63624
2020-10-01,-1.47191,4.84275,6.06923,6.83574,6.74524,7.22866,5.55439,6.12434,4.72279,152.185,173.058,5.69757,3.97003,2.0992,5.73387,10,1440,-1.95887,10.6564,12.5765,14.0831,13.6619,17.7944,11.0938,11.231,9.21078,762.361,427.338,10.1862,8.15051,4.42602,11.0169,11,1440,5.98356,7.72334
2020-10-02,-0.459945,4.83241,4.72192,4.30379,5.25826,4.82703,4.63539,4.41163,4.59975,97.4107,50.0023,4.0433,2.75842,1.9635,4.93609,13,1440,-2.0761,14.2179,11.7814,12.4205,14.6919,14.3157,12.3181,10.1089,13.0178,522.938,132.458,10.1575,6.83979,4.94165,12.5959,13,1440,6.98645,6.44605
2020-10-03,-0.268467,1.38334,1.12968,0.806844,0.653124,0.466523,1.05872,1.12231,1.16537,2.61293,1.57279,0.993316,0.548347,0.581329,0.896292,15,1440,0.101222,4.33401,3.70375,3.46628,2.69237,2.62731,3.62136,3.09105,3.71739,38.3397,10.6491,2.70092,1.59292,2.11083,3.44251,13,1440,1.89373,1.60776
2020-10-04,1.17472,1.37894,1.05406,0.853616,0.862798,0.715497,1.09586,0.868993,1.07811,3.14723,0.962533,0.863605,0.346624,0.707434,0.890266,14,1440,1.83875,3.84264,3.24287,3.47313,3.57065,2.4864,3.39026,2.96818,3.3076,23.6958,10.076,3.10663,1.272,1.97087,3.47072,12,1440,1.75382,1.40928
2020-10-05,1.17044,1.6768,1.20068,1.28081,1.4104,1.3676,1.35921,1.07269,1.45474,2.90926,1.02561,1.02848,0.499454,0.701227,1.31454,13,1440,0.354113,3.8936,2.85474,3.04499,3.09529,2.42006,3.22854,2.83507,3.61304,10.5769,8.04056,2.64804,1.2688,1.58594,3.16903,13,1440,2.09174,1.45395
2020-10-06,-1.80027,2.69704,2.53454,2.86541,2.5607,2.25256,2.91966,2.81271,2.42326,19.15,30.8557,2.82222,1.60252,0.932021,3.15451,12,1440,-3.70738,9.69401,9.59394,9.54619,10.8265,10.6966,9.98591,9.3944,8.34359,245.76,266.873,8.78393,5.35028,4.24367,10.5465,12,1440,4.17162,4.10181
2020-10-07,0.627575,1.13958,0.995244,0.858835,0.570404,0.420558,0.916494,1.00196,1.02345,1.04143,1.01865,0.998154,0.476362,0.518882,0.74739,15,1440,0.243284,7.41668,6.12849,5.83704,4.5245,3.39343,6.21148,6.16906,6.5631,53.3732,58.2465,6.0827,3.03475,3.09374,5.73189,13,1440,2.29295,1.9646
2020-10-08,2.40082,3.10651,2.58426,3.4138,4.76226,4.36746,3.04155,2.48397,2.45033,30.1661,12.9394,2.23075,0.803014,1.78125,3.21495,12,1440,2.70619,7.23269,5.2538,5.95523,7.45328,6.29101,6.07703,5.20169,6.45971,57.1962,49.9917,5.06456,2.13505,3.11875,6.0518,13,1440,3.7515,3.12212
2020-10-09,1.13824,1.88733,2.09563,2.03717,2.17646,2.11741,1.95876,1.67773,1.87655,21.7536,4.05517,1.35185,0.731025,1.36461,2.07616,12,1440,3.93084,5.13682,6.08539,5.85879,6.73535,6.55518,5.4375,5.52141,5.09487,108.425,41.0289,5.39045,2.08016,4.00523,5.8348,11,1440,2.43772,3.00263
2020-10-10,2.17142,6.33093,7.6211,8.27913,8.57263,8.03836,7.68991,2.68193,5.74718,2581.06,8.65917,1.88403,1.29805,6.32306,7.71301,11,1440,1.49553,8.16046,7.51457,8.196,6.98026,7.25036,8.14225,5.33669,7.86893,368.427,46.106,4.84487,3.24202,4.27254,8.15309,13,1440,5.48212,5.86275
2020-10-11,0.668957,2.48679,2.18427,1.46294,1.34531,1.35739,2.0983,1.79133,2.01563,15.0674,4.24618,1.66427,0.970004,1.21426,1.81189,15,1440,0.977609,5.54285,4.58619,3.85569,3.73278,3.49376,4.79969,3.65734,4.77897,34.193,18.9911,3.6394,2.18676,2.39943,4.44666,14,1440,2.9571,2.4984
2020-10-12,1.39084,6.07862,4.98556,4.5947,5.75572,7.371,4.36682,3.41614,4.18195,211.44,19.8541,2.65724,2.48924,2.49633,4.36476,13,1440,3.24742,10.779,12.2308,16.0181,22.8541,24.2572,11.395,10.4617,8.70164,1157.32,530.026,10.7891,4.478,7.75282,12.7284,10,1440,6.52447,6.45078
2020-10-13,-0.93853,3.319,3.56548,3.49687,1.97728,2.11164,2.96651,3.66337,3.31618,27.1539,25.5482,3.41871,1.85985,1.70563,2.8762,13,1440,-1.42534,7.99013,8.30668,8.79896,5.35578,5.16979,7.18338,8.65531,7.94186,142.847,110.947,7.87518,4.28456,4.02212,6.70599,13,1440,4.36595,4.86423
2020-10-14,-0.0233816,3.01534,3.34776,4.10571,4.44464,4.19764,3.16508,3.00904,2.92149,78.8608,27.0724,2.81479,2.02847,1.31929,3.44165,11,1440,-0.618643,7.00891,6.51636,8.62345,8.66429,8.41024,6.68088,6.30829,6.70577,200.006,107.359,5.82489,3.80152,2.71483,7.00288,11,1440,3.85327,4.20078
2020-10-15,0.761073,3.61294,3.07141,2.48798,2.10764,1.9039,3.18603,2.50081,3.10921,36.63,12.1805,2.21444,1.40043,1.67098,2.70253,15,1440,-0.277657,6.86746,6.26723,6.54347,4.91466,5.27097,6.56552,5.28205,6.48555,110.564,33.0829,4.86586,2.92644,3.34079,6.36082,13,1440,4.11548,3.85736
2020-10-16,-1.62812,3.40505,3.302,4.84686,6.31822,5.87235,3.62318,3.56468,3.4226,28.9676,45.4855,3.64588,1.99594,1.30606,3.85476,10,1440,-3.26751,10.0167,10.9459,12.0941,14.9673,12.2063,10.0939,8.76704,10.0272,676.853,252.461,8.55399,7.02451,3.92138,10.4721,9,1440,4.74442,4.96361
2020-10-17,0.360502,1.41819,1.37886,1.30948,0.792684,0.516607,1.32837,1.19704,1.27003,7.17489,2.51611,1.28284,0.592982,0.785875,1.20617,14,1440,0.768585,3.49692,2.91145,2.96812,1.85496,1.89353,2.76203,2.71199,3.1017,23.5211,12.971,2.58629,1.19686,1.71459,2.52039,15,1440,1.87025,1.77458
2020-10-18,1.2504,1.14286,0.877419,0.890143,1.00832,0.738409,0.957768,0.836297,0.958301,1.59597,0.767454,0.800119,0.365705,0.511715,0.814007,14,1440,2.6233,2.91951,2.26624,2.47612,2.96274,2.33836,2.569,1.80295,2.3395,55.6233,6.664,1.42726,0.62162,1.64462,2.30317,13,1440,1.50117,1.14744
2020-10-19,2.13583,2.82713,2.45964,2.83105,3.81133,3.82772,2.46375,2.411,2.59073,12.8623,11.5548,2.44363,0.91163,1.54801,2.58813,12,1440,0.314229,3.7341,3.29239,3.28212,3.70552,4.40676,2.95486,3.17355,3.57354,18.4147,14.0355,2.97291,1.63422,1.65817,2.97227,13,1440,2.66644,2.3719
2020-10-20,1.33992,4.9523,4.24798,4.59345,3.32588,2.56609,4.53783,3.73784,4.76344,40.4249,21.6391,3.67505,2.09584,2.15214,4.52905,13,1440,-2.88325,8.92069,6.57982,8.30093,7.70277,7.46874,7.40785,5.28709,7.56116,536.824,56.4384,4.3054,4.64346,1.93635,7.87689,12,1440,5.53548,4.24186
2020-10-21,7.0579,16.8183,16.9437,19.7128,22.2173,26.5838,19.1674,14.5333,15.9047,2414.75,464.39,11.6643,7.81946,9.12424,19.8057,11,1440,5.76256,13.9295,12.5554,16.4488,17.828,17.9337,14.9316,12.2673,13.3591,401.328,281.589,11.5238,6.24826,6.30717,15.5895,11,1440,10.4798,9.95703
2020-10-22,1.45683,9.61316,8.1648,8.03969,8.12678,6.01825,8.48526,7.9844,8.36447,102.587,67.8496,6.89581,4.32003,3.84476,8.20958,13,1440,5.8697,15.6881,14.6874,15.0906,14.5957,16.0069,14.584,14.093,14.6353,360.671,226.098,12.5504,6.12458,8.56283,14.6179,12,1440,9.37639,7.95728
2020-10-23,-0.35108,4.26358,4.14115,4.35253,3.1985,4.03212,4.26601,3.91801,4.1453,21.368,20.3986,3.97514,2.08214,2.05902,4.17202,13,1440,-1.18336,8.52948,7.94975,8.3343,5.8975,6.76917,8.62031,7.71779,8.31084,122.004,88.4421,8.05968,4.70265,3.2471,8.96687,12,1440,4.7249,4.68982
2020-10-24,1.44932,3.94713,3.27225,2.98256,1.61406,1.28501,3.41901,2.44668,3.57875,42.1648,8.02437,2.15757,1.35146,1.9208,3.38672,14,1440,0.737903,5.78659,4.43609,3.96883,2.71651,2.45145,4.8154,4.08352,5.08568,32.3363,19.3684,3.89857,2.28369,2.1524,4.95367,14,1440,3.68857,2.86418
2020-10-25,-0.634266,6.36924,5.60728,7.28223,8.70618,10.0127,6.58074,3.5354,5.05385,585.878,38.3841,2.86998,3.60741,1.99987,6.61223,11,1440,-1.53548,6.88645,5.00323,6.46726,7.7677,8.01595,6.05636,3.96341,4.96335,214.108,41.6014,3.48126,3.04527,1.95796,5.91171,12,1440,5.54954,4.62655
2020-10-26,0.179134,5.36015,5.56251,4.61993,4.78356,4.5991,5.25145,5.50206,5.31762,64.465,93.26,5.40611,2.98881,2.5737,4.87294,12,1440,-3.34208,10.7165,11.5818,10.602,10.5566,11.1114,11.0261,10.5022,11.2021,334.923,386.24,11.117,6.95498,4.62687,10.4106,11,1440,6.24795,6.83651
2020-10-27,4.37699,7.28218,6.01358,8.73756,7.59453,7.40951,6.95693,6.2315,7.34246,55.6167,69.3765,5.78241,2.54137,3.47221,6.95007,13,1440,2.74651,8.40518,7.20163,9.20464,8.48461,7.56661,7.5092,6.61183,8.42337,168.739,48.4728,6.78032,2.97412,4.22751,6.97877,13,1440,6.3654,5.05861
2020-10-28,-2.74913,10.7879,11.7095,11.7386,9.02443,9.62501,11.5727,11.4763,11.2926,183.23,123.307,10.7296,6.79962,4.90986,12.037,12,1440,-3.84546,13.4565,14.2817,12.7968,8.81599,10.5935,14.4807,13.842,13.2386,331.739,245.937,14.3188,8.21885,6.06286,14.199,12,1440,9.83713,10.3673
2020-10-29,1.41683,7.67163,8.67585,7.95311,8.32162,7.64089,7.87708,8.84394,7.66773,128.631,78.5221,8.07294,3.91523,4.76061,7.54269,11,1440,-0.283739,8.15856,7.93852,6.86097,8.36331,7.08603,7.60078,8.09563,8.26899,74.9437,61.3918,8.23,3.90518,4.03333,6.66694,13,1440,6.20979,6.77758
2020-10-30,0.772885,9.80595,8.65984,9.78188,9.35836,8.85461,9.48913,8.13043,9.78341,122.583,68.5679,6.86785,4.1975,4.46234,9.26743,12,1440,-1.2058,11.354,11.4179,13.0332,10.8269,6.52552,11.6201,10.0198,10.6103,228.258,103.982,9.7093,5.86256,5.55531,12.1481,12,1440,7.81306,7.42999
2020-10-31,1.68845,10.8333,10.9813,9.08889,10.6212,7.41987,10.6932,8.51049,10.5307,547.956,117.964,9.28093,5.80474,5.17659,9.84865,14,1440,1.03259,7.48886,7.65903,5.66632,4.88342,4.51754,7.61485,7.55076,7.64444,127.947,71.0889,7.31588,3.84659,3.81244,7.0741,15,1440,6.34193,7.03636
2020-11-01,-0.214137,5.02944,4.81983,4.03334,3.39637,2.42494,5.09159,4.43826,5.15146,49.6209,34.0958,4.36249,2.42211,2.39772,5.0024,13,1440,2.60763,5.62392,5.41775,5.03457,5.2658,4.1591,5.69373,5.14974,5.4718,42.8654,27.3757,4.83406,2.4948,2.92294,5.75321,12,1440,4.07946,3.97684
2020-11-02,-1.55348,6.93146,6.32894,7.4103,7.03565,9.86185,6.2048,5.88588,6.97832,70.0335,72.0938,6.36963,3.8462,2.48275,6.10565,12,1440,-3.50175,11.8415,11.1086,12.2756,12.5155,21.099,10.7581,8.81611,11.7788,636.208,190.824,9.48865,7.48202,3.62654,10.0009,11,1440,7.21077,6.80474
2020-11-03,3.43966,8.34549,8.02678,8.8329,8.2743,7.66762,8.455,7.92589,7.99826,129.887,106.149,7.96853,3.33931,4.68747,8.3685,12,1440,1.26088,9.66093,8.24109,9.73884,9.53314,8.5193,9.10673,8.70923,9.30457,133.323,147.571,8.04804,3.8735,4.36759,9.02447,13,1440,7.01955,6.42157
2020-11-04,0.855458,12.3683,11.6906,10.4918,14.2428,9.82709,11.3107,9.91474,12.6236,397.202,150.203,9.14035,5.82037,5.87028,11.1941,12,1440,3.69742,14.5005,15.6089,20.1166,27.0485,25.895,15.4919,16.7175,14.0935,799.425,952.755,14.242,5.86694,9.74192,17.111,10,1440,10.3208,10.0528
2020-11-05,9.73398,19.1816,19.7009,13.8016,13.4758,15.0161,18.0984,19.9727,18.1881,1017.96,939.074,18.4157,7.83997,11.8609,16.445,13,1440,3.46723,21.2556,21.791,17.7146,14.0005,14.9405,19.5208,18.487,20.2132,1551.62,509.012,18.9981,9.1198,12.6712,16.4289,13,1440,12.9859,14.1405
2020-11-06,-0.064806,20.3329,20.737,21.2345,19.1132,16.983,20.9904,19.1661,20.3097,630.935,484.235,18.7547,10.3818,10.3551,19.6552,12,1440,8.99529,27.3992,26.3872,28.599,32.9328,34.2855,25.8476,23.6245,28.4473,1206.94,552.703,23.6646,9.61498,16.7723,24.5687,11,1440,17.6025,17.0485
2020-11-07,-5.012,19.6761,15.8423,11.7083,10.9,14.0063,18.092,15.5519,20.2653,583.489,444.724,14.769,9.13228,6.71002,16.5519,14,1440,-4.64667,37.4363,30.5576,23.288,30.1178,34.4265,31.6859,31.6119,38.9847,1486.77,1899.41,29.7779,17.2916,13.266,30.3718,14,1440,21.7944,17.0051
2020-11-08,4.33694,9.61977,8.20672,8.23979,8.68539,8.56886,8.42937,8.18605,9.13776,72.4801,70.6688,8.18112,3.51135,4.69537,8.38208,13,1440,4.29291,15.5291,13.152,14.7007,16.1789,12.1041,13.1262,12.9902,15.0437,207.053,203.625,12.1091,5.71703,7.43495,13.1339,13,1440,9.88741,8.37779
2020-11-09,-0.952431,19.0312,18.1777,25.3261,20.7588,16.635,18.2059,19.0887,19.7398,731.268,669.369,19.031,10.2095,7.96827,18.4289,11,1440,-2.22127,19.3928,16.2045,19.996,14.47,13.9798,16.0703,16.2634,20.2625,418.658,426.512,16.5973,9.26011,6.94435,14.9592,13,1440,16.5991,15.0463
2020-11-10,-0.203751,7.41959,6.47104,6.67228,5.73499,3.26094,6.9504,5.90611,7.15504,69.3112,39.8096,5.33285,3.19995,3.27109,6.41237,13,1440,1.34578,12.1433,10.7853,10.3498,10.7943,5.36262,11.1712,9.77316,11.7677,134.227,93.5082,9.87783,5.23335,5.552,10.1659,13,1440,7.80483,6.7723
2020-11-11,2.49859,8.08031,7.33474,6.21627,6.25152,5.4448,7.34633,6.95245,7.78666,87.5037,63.0055,6.68825,3.37284,3.9619,6.71976,13,1440,2.79186,14.5325,13.9872,14.7174,14.6986,16.2923,13.7912,14.0912,13.9248,417.728,428.048,13.0511,6.06565,7.92155,14.1885,12,1440,8.43556,7.38898
2020-11-12,3.80092,14.8382,12.9932,10.5497,9.56587,13.3878,13.9593,11.9363,14.9098,506.065,197.823,10.4804,6.46766,6.52551,13.2088,13,1440,-0.151273,15.1253,12.2091,13.3186,10.2069,11.6394,13.6885,10.3214,15.2492,410.942,153.001,9.94773,6.96349,5.24559,13.5146,13,1440,12.0301,10.398
2020-11-13,0.176864,6.48962,6.4742,6.7987,5.71996,4.20097,6.70679,6.69205,6.28296,50.6347,51.2238,6.14251,3.29807,3.17613,6.5282,13,1440,2.99121,9.02498,8.06042,8.60164,7.54211,7.08924,8.83598,7.47692,8.89211,103.247,60.8034,6.64555,3.62243,4.43799,8.80946,12,1440,5.42309,5.50585
2020-11-14,-1.54521,5.93196,5.08067,5.79153,7.22142,4.42037,5.80591,5.27831,6.28494,35.1581,48.5157,4.86162,2.8935,2.18716,6.0983,12,1440,-3.31614,7.91527,6.76815,7.38122,9.99492,6.15356,7.85529,6.58215,7.45053,61.3538,55.4347,6.13147,3.93931,2.82884,8.21095,11,1440,5.36255,4.74021
2020-11-15,-0.708458,4.67239,4.71044,3.87503,3.74268,2.4423,4.56999,4.30138,4.7089,45.6541,21.7367,3.88025,2.4376,2.27284,4.73476,11,1440,-2.81876,7.67183,8.07307,6.73233,7.0799,5.61572,7.52316,7.46592,7.58352,141.278,78.4754,6.69055,4.53465,3.53842,7.77381,12,1440,4.58362,5.01015
2020-11-16,4.63234,6.74838,6.16959,5.91061,6.63027,5.37779,5.58359,6.29693,6.81899,115.611,42.9191,6.16832,2.64487,3.52472,5.38192,13,1440,2.74496,7.06739,7.92424,7.49098,7.38484,4.98233,6.9242,7.43986,6.63304,150.36,83.5054,7.00426,3.81323,4.11101,7.2141,12,1440,5.38746,5.5448
2020-11-17,5.50461,13.1034,11.2197,11.4355,10.4033,13.2918,12.1645,11.5313,13.8114,188.192,131.104,11.7983,4.72501,6.49466,10.4684,13,1440,4.58338,12.5419,9.96889,11.2122,9.7535,11.7134,11.5914,9.41244,13.346,180.614,106.978,9.57946,4.22754,5.74135,10.6408,13,1440,9.7611,7.61781
2020-11-18,0.65889,32.6104,37.8589,36.0678,35.6888,36.0307,35.522,32.0996,31.2951,11078.1,1419.11,28.4965,23.8068,14.0521,35.4984,11,1440,-0.778716,27.2514,27.8018,34.6386,35.5591,34.1975,30.5248,24.1917,26.142,6517.16,1671.68,23.1112,17.8645,9.93726,30.8252,11,1440,25.2192,28.0382
2020-11-19,0.150089,12.6445,12.3105,13.1551,12.4438,8.47149,12.8893,10.7882,13.0932,238.894,118.099,10.4708,5.60007,6.71045,13.0412,12,1440,-1.50794,8.96587,6.93431,6.3076,5.32639,3.92256,7.67935,5.99672,9.19703,91.3548,35.6655,5.93395,3.72787,3.20645,6.8513,14,1440,8.67445,7.41436
2020-11-20,4.67932,11.2524,11.6038,10.0473,8.37066,9.23115,11.1214,11.4647,11.3196,204.507,204.518,10.3533,5.49417,6.10966,9.62497,12,1440,7.92573,17.3837,16.9509,18.9972,16.4823,19.1704,16.2739,15.2609,16.2125,564.246,285.32,15.6814,6.21665,10.7342,15.2458,12,1440,10.3556,10.0022
2020-11-21,0.257659,10.0156,8.89031,7.65796,7.35616,4.97787,9.07579,8.66619,9.99963,96.4978,110.975,7.73387,4.61636,4.27395,8.29303,13,1440,7.95359,23.5496,20.7777,23.2093,28.9858,21.0259,21.0791,21.395,21.3331,558.313,688.248,22.5926,9.39384,11.3839,19.6733,12,1440,11.7068,10.112
2020-11-22,-1.55921,13.234,12.5512,11.4506,10.9145,14.3101,12.8945,12.7106,14.1053,369.027,415.474,11.6608,6.11243,6.43875,12.1958,13,1440,1.38085,41.1157,36.2878,34.2128,37.5337,47.0802,39.0527,34.6325,42.1246,2162.64,2048.09,34.4674,17.8719,18.416,38.6755,12,1440,18.5221,17.7199
2020-11-23,-0.252458,17.0599,15.1039,13.2953,11.1869,8.87788,14.8736,14.8738,17.4546,800.4,333.153,14.3895,8.68763,6.41623,13.7693,13,1440,8.3138,49.6687,47.6717,42.2562,32.3195,25.9502,40.3568,45.5404,51.2632,9242.56,2730.34,45.0803,24.6198,23.0518,38.6738,11,1440,24.734,23.1384
2020-11-24,4.22153,16.6982,15.8616,13.4048,12.188,12.3287,14.755,18.7132,17.1632,369.011,731.044,18.8476,7.23554,8.62603,13.8317,14,1440,-0.59495,39.5063,39.7547,29.496,25.4327,22.2363,35.0976,42.5617,38.2031,9537.39,10442.9,44.8601,19.6954,20.0592,34.0163,14,1440,17.8646,15.6804
2020-11-25,-2.32804,17.0479,14.0711,11.7582,10.4169,6.38922,13.5773,15.4382,17.1019,259.413,387.364,15.1642,8.00976,6.06134,13.0795,13,1440,-6.04201,29.7487,25.0981,22.0123,17.7678,17.0461,24.3103,27.2669,31.3905,962.192,1874.75,27.9296,14.8396,10.2585,22.8996,12,1440,18.0625,15.3491
2020-11-26,-8.75777,74.0803,70.1253,63.5224,65.2883,67.5653,76.1671,69.99,75.2443,14034.3,9096.08,66.9445,41.3997,28.7256,75.7965,11,1440,-9.12569,135.809,109.27,81.9928,83.3841,95.9616,118.551,117.196,134.498,24423,43146.9,107.518,63.2978,45.9726,113.42,11,1440,89.843,78.9418
2020-11-27,-0.0580361,25.1943,23.9951,26.2707,23.2786,27.3245,23.6188,19.9386,25.0797,1293.07,414.603,20.4006,11.1914,12.8037,23.6418,12,1440,-0.221471,33.2439,29.0977,33.3609,34.157,32.542,29.3652,23.8203,33.4295,1912.28,597.65,22.6608,15.1425,13.9552,27.4324,13,1440,24.8441,22.4356
2020-11-28,3.32986,10.617,8.1106,8.9875,8.15708,9.36868,7.80903,7.43843,10.7333,136.541,74.0553,6.76141,3.25301,4.85759,7.7812,13,1440,3.56788,17.0658,14.6925,14.6973,14.4615,14.7518,13.0866,12.9446,17.3205,456.829,236.478,12.0191,7.54952,7.14301,13.0877,13,1440,11.0172,8.78189
2020-11-29,2.5911,9.25777,8.25743,8.81886,9.51953,8.3928,7.8365,8.28544,9.04894,90.4102,92.7237,7.60573,3.97335,4.28408,7.73112,13,1440,6.96624,15.4504,14.9509,14.3839,14.8296,14.5157,14.114,12.7002,14.9044,632.082,168.357,11.8995,5.79478,9.15613,13.4645,12,1440,9.43141,8.97058
2020-11-30,7.98124,21.5397,25.3551,19.4829,21.8909,16.7642,22.9559,23.6484,21.7387,2238.33,1451.54,22.7101,11.412,13.9431,21.6838,12,1380,6.76895,28.5257,30.8866,35.9595,36.4627,17.9537,26.8689,29.1995,28.1582,2661.88,1404.22,27.3452,13.241,17.6456,27.4761,11,1380,19.6167,23.0533
2020-12-01,-4.84177,52.344,42.1564,60.6342,40.6067,46.298,46.4913,43.8167,48.8491,4741.53,5266.49,44.4444,25.6279,16.5285,45.5678,15,1440,-5.22616,110.91,70.5731,90.1281,84.0222,86.6185,87.1471,56.5634,96.6529,43318,6508.79,53.6026,45.2573,25.3158,86.2268,16,1440,65.421,44.9329
2020-12-02,2.3132,22.2057,20.4232,17.1234,16.0742,9.97666,19.8326,17.1288,21.6643,846.697,431.731,17.4759,10.1273,10.2959,19.2411,14,1440,1.96766,24.1128,23.6267,19.5066,17.1326,9.72755,21.7419,21.3143,22.801,1144.1,923.403,20.6182,11.898,11.7286,21.6396,14,1440,20.0622,19.3222
2020-12-03,1.1278,10.0919,12.0157,12.6488,8.51869,6.31552,9.88007,8.57246,9.45486,828.037,121.459,7.68671,6.56914,5.44654,10.2915,12,1440,3.12706,14.2743,15.9235,17.7428,10.385,9.28583,13.1316,13.2904,13.749,1223.87,396.735,11.6546,8.60732,7.31616,14.3451,13,1440,10.0945,12.1785
2020-12-04,-4.05273,11.94,9.71164,11.716,12.2084,9.75815,10.3334,9.67849,11.129,167.247,206.707,9.56088,5.70538,4.00626,10.2236,11,1440,-8.22209,21.1956,19.2868,21.5205,23.7817,21.5317,19.2711,17.4656,20.1411,899.175,670.229,17.2904,12.5127,6.77408,19.318,11,1440,13.7811,12.0419
2020-12-05,2.63065,6.21125,5.17224,5.39008,4.85626,4.81782,5.18042,4.51185,5.90073,52.1673,23.8654,4.0664,2.29473,2.87751,5.07757,13,1440,5.07996,10.4562,10.0893,10.9425,9.21099,10.8421,10.2256,8.6943,10.4644,184.299,87.9317,8.26544,4.16389,5.92537,11.0241,12,1440,6.99171,6.49041
2020-12-06,1.09976,5.37753,4.43191,5.30349,4.89313,5.0873,4.51138,3.99763,4.86573,42.2329,32.4584,3.68916,1.94486,2.48706,4.88771,12,1440,0.791098,9.71427,9.64684,9.8615,9.16782,11.3624,8.7459,8.23531,8.71835,259.115,97.0884,7.38534,4.56604,5.0808,9.85927,12,1440,6.24053,5.881
2020-12-07,-0.999326,4.51644,4.01149,3.5586,3.66365,3.66269,3.93635,3.51711,4.0287,31.9428,13.5586,3.36923,2.25478,1.7567,3.8151,13,1440,-1.72034,7.0591,6.40557,5.32244,5.28091,4.95852,6.18452,5.7923,6.86091,93.3683,46.6493,5.20384,3.69608,2.70949,6.12294,12,1440,4.72828,4.45229
2020-12-08,-4.49672,9.391,9.09582,9.3184,9.0415,10.961,8.68266,6.6246,7.67155,699.826,65.4856,6.23756,6.31269,2.78313,9.03972,11,1440,-6.34297,15.0655,13.894,11.5105,11.4045,13.3426,12.6115,13.1086,13.659,489.439,357.075,11.8627,8.21699,5.67703,12.5898,12,1440,10.2845,9.74119
2020-12-09,1.17819,13.0746,12.9348,12.2792,11.5841,9.55569,11.8542,12.4086,12.3494,241.275,306.761,12.3824,5.52257,7.41227,11.926,13,1440,3.21828,21.202,21.7347,22.4861,18.0218,19.0548,21.1763,21.182,20.0709,804.979,618.12,19.8098,9.68052,12.0542,21.4076,13,1440,14.0954,14.3081
2020-12-10,-1.55809,7.12342,7.43177,6.96101,6.07693,4.1924,7.28343,6.69506,6.56858,108.997,64.7495,6.73415,4.04074,3.39103,7.28353,13,1440,-2.49112,13.2466,13.7498,14.3353,13.149,10.6728,14.2097,14.5023,11.9374,226.066,269.041,14.3297,7.05356,6.69629,14.2502,12,1440,8.20139,8.71712
2020-12-11,-1.20196,11.7067,11.4295,8.01795,8.62254,8.5879,11.8547,10.7247,11.4843,161.044,133.503,9.92948,5.45933,5.97015,10.1631,14,1440,-2.63922,16.6035,16.3026,13.5398,13.5464,11.93,17.2122,14.8671,15.7401,312.305,217.333,14.622,8.55752,7.74504,15.8231,14,1440,11.9674,11.9882
2020-12-12,4.19199,4.82685,4.92866,4.92146,5.78367,6.45282,4.98991,4.12255,4.32702,45.9588,18.5767,3.56912,1.56306,3.3656,5.0584,13,1440,4.24525,7.0686,7.16708,7.62225,8.81348,10.5567,7.11923,7.24865,6.69287,80.9066,66.1107,6.58136,2.74106,4.42602,7.34367,12,1440,4.51287,5.02418
2020-12-13,1.92878,5.28388,5.77989,4.88627,5.24784,4.10643,5.57564,5.1488,4.87738,52.5913,26.8603,5.27332,2.72945,3.05044,5.81666,12,1440,3.91164,7.97059,9.97266,9.54019,10.3871,5.62719,9.04447,9.02714,7.1843,159.088,78.0261,8.50108,4.35672,5.61595,9.63315,11,1440,5.19097,6.53709
2020-12-14,0.510559,5.03698,4.72506,4.23157,3.69857,3.94104,4.29101,4.14263,4.46812,52.1376,14.5522,4.03484,2.47485,2.25021,4.12194,13,1440,-0.749373,7.90335,7.45147,7.62715,6.87806,7.50775,7.28324,7.10654,6.88257,83.6757,54.403,6.88363,4.21467,3.23679,7.47781,13,1440,5.30495,5.02041
2020-12-15,0.792209,5.35848,4.72178,4.37288,4.51588,4.60821,5.27635,4.77282,4.65013,36.4957,34.998,4.21157,2.38096,2.34082,4.8536,13,1440,0.400024,6.75833,6.03018,6.04005,5.60607,5.55179,6.39098,5.79759,6.39266,121.793,62.3611,5.55543,3.21337,2.8168,6.1049,13,1440,5.18014,4.62676
2020-12-16,9.37388,16.7248,18.3902,18.4512,15.1197,19.8843,16.7257,16.3211,17.9375,2622.35,1212.37,15.6022,5.21382,13.1764,15.6591,12,1440,7.92374,14.9481,15.5214,18.3711,14.2659,17.8394,15.0171,15.5263,14.8471,675.219,1282.23,17.5876,5.70651,9.81486,15.0684,11,1440,12.5928,14.0144
2020-12-17,6.62627,56.9022,60.12,51.3553,42.7284,35.0443,60.1575,50.6442,52.571,11695.4,3113.6,49.8086,34.6314,25.4886,59.2532,12,1440,0.862586,47.7848,51.2522,38.5566,42.3038,43.985,46.9589,52.9958,46.6812,6137.53,5819.21,51.6361,28.6303,22.622,45.6767,12,1440,41.4477,44.0601
2020-12-18,1.35165,15.7433,15.5068,15.1054,15.3654,7.67701,16.1148,14.9431,14.9948,324.877,269.385,13.3145,6.91688,8.58988,16.0311,13,1440,1.71999,19.8159,19.9393,18.5559,19.4459,13.961,20.2676,19.144,20.0914,568.032,555.313,17.6825,9.50773,10.4315,19.8102,13,1440,14.215,14.9682
2020-12-19,3.04407,14.631,12.545,15.0692,9.39145,8.53376,13.869,11.3746,13.5728,576.907,228.834,10.2275,5.25063,7.29437,13.0356,12,1440,0.637256,13.856,10.5618,10.8451,8.34789,7.5831,11.8277,10.4062,13.1832,249.946,149.156,9.28788,5.24801,5.31381,10.3601,14,1440,11.2297,8.75307
2020-12-20,-1.54873,14.7428,13.4887,15.5898,17.5872,20.6629,15.5328,13.0301,14.31,311.65,305.229,12.2938,7.78223,5.70645,15.1257,12,1440,-3.06301,17.3038,14.4401,15.1257,16.7108,22.5962,17.5081,12.8611,17.4836,905.891,235.982,11.759,9.36461,5.07549,15.8397,13,1440,12.4891,11.9302
2020-12-22,4.6906,16.6582,14.7094,14.5753,15.1232,11.6406,15.9126,14.5997,15.7858,314.737,198.914,13.6633,6.43907,8.27033,14.2558,13,1440,4.6422,19.0818,17.3582,17.1277,18.7178,13.934,18.6245,17.2404,19.1763,445.572,341.463,17.5784,7.85932,9.49888,17.6604,12,1440,14.5256,13.104
2020-12-23,-2.45755,28.0248,21.5731,21.1332,20.2158,22.6508,24.7287,18.4597,26.7955,1187.61,481.857,17.5725,11.5389,10.0342,23.3388,13,1440,-8.33372,55.2692,51.2413,33.2882,33.4833,34.5666,57.6144,49.1456,61.6316,19539.7,11165,56.2924,28.667,22.5744,49.4782,14,1440,29.9927,25.1022
2020-12-24,2.1143,15.3064,12.9828,9.10601,11.1831,12.8552,13.9754,12.5046,14.5766,236.731,206.76,12.1365,6.21095,6.77182,12.0679,13,1440,4.467,25.555,28.2403,22.5556,25.4281,30.1095,26.4899,25.9888,25.4033,1713.34,977.996,23.5009,13.4091,14.8312,25.6336,12,1440,17.0775,16.9271
2020-12-25,4.06016,15.7823,16.0089,14.5842,13.8739,14.7847,14.9957,13.2177,15.3158,1855.79,657.328,12.2408,7.50153,8.50739,14.4682,13,1380,2.34207,17.0508,17.5431,17.4651,15.7798,8.96409,16.2173,15.2776,17.0319,991.893,351.525,14.0965,8.44812,9.09498,15.196,13,1380,13.4342,14.0686
2020-12-26,6.95873,15.5341,13.729,12.0671,13.1667,15.9528,14.516,12.4464,14.4322,447.706,231.031,11.5731,5.17082,8.55817,13.6853,12,1440,1.68007,20.2709,17.5659,16.2284,16.2729,20.2525,18.3366,17.518,20.171,650.199,515.607,15.18,7.806,9.75986,17.6577,12,1440,13.2265,11.2568
2020-12-27,-0.802391,51.8977,41.285,44.1715,44.0373,31.3355,45.8712,36.1941,49.3581,3737.84,2072.58,34.1806,23.7704,17.5146,42.4325,13,1440,7.21193,57.8867,56.7626,56.4574,58.632,71.8014,56.3782,57.939,61.3426,5353.89,6969.98,53.9005,26.0183,30.7442,56.3214,12,1440,39.8601,34.1777
2020-12-28,2.99023,20.2145,17.8542,16.1342,16.4371,15.2117,19.21,16.7352,18.7607,419.113,287.939,18.452,8.02101,9.83316,17.2054,12,1440,6.40266,45.0005,45.9296,35.9679,38.6854,32.9166,43.6002,43.6752,44.3904,5648.2,2700.84,42.4179,20.373,25.5566,41.5181,12,1440,22.5092,20.3483
2020-12-29,1.12218,16.7268,15.2716,14.9529,13.0055,10.2675,15.8087,15.5872,15.9369,259.701,244.72,14.6839,7.25663,8.01493,15.2987,13,1440,0.217449,36.5248,33.044,30.7319,24.1439,19.7937,34.9699,33.1221,37.7299,1285.4,1234.39,33.4054,16.6104,16.4336,33.2117,13,1440,19.6723,18.4469
2020-12-30,5.29995,22.716,20.7435,17.207,12.3985,14.5387,23.0956,18.692,22.0016,972.475,474.893,16.3692,11.3187,9.42482,22.2559,13,1440,2.71818,20.7951,17.716,18.2422,14.304,11.4137,19.1303,15.6478,20.9462,433.304,270.64,15.8294,8.96123,8.75473,17.4164,14,1440,16.0134,13.5936
2020-12-31,0.166404,19.7196,19.9747,22.7737,19.8777,14.581,18.8723,19.9575,18.1619,1109.19,1156.1,18.0554,11.763,8.21166,17.7296,12,1440,-2.11618,17.163,16.1664,16.4211,16.5705,12.5734,15.156,15.037,16.5859,675.107,537.429,14.7366,8.7062,7.4602,14.4099,13,1440,13.7171,13.2976
2021-01-01,1.40096,10.9863,9.22239,9.69197,6.57068,5.94552,9.78347,9.01974,10.1643,209.654,130.203,8.08372,4.96066,4.26173,8.9233,13,1440,-1.02503,12.7255,10.6279,10.6578,8.43956,9.3185,11.208,9.46288,12.2829,219.437,122.136,9.27534,5.73622,4.89173,9.90139,14,1440,9.26271,8.02712
2021-01-02,9.26247,44.5805,51.2967,52.6349,65.6211,96.8946,47.355,48.7456,47.1005,15493.1,5526.35,56.1638,24.003,27.2937,43.0902,10,1440,6.07449,27.8224,27.5372,30.8536,35.9278,43.2669,27.0102,28.6327,29.2329,1318.46,1308.88,27.0623,12.3009,15.2363,26.7682,12,1440,26.2423,28.124
2021-01-03,2.52158,46.4363,41.3138,41.9307,49.8887,33.2238,44.8073,42.5163,48.7466,1895.1,2208.5,42.0252,20.2207,21.0931,41.5541,13,1440,23.3501,107.124,115.503,125.039,134.127,90.3367,118.008,113.029,108.417,30065.6,33364,114.275,41.8958,73.6072,122.181,12,1440,47.8215,41.3316
2021-01-04,-3.1126,99.7155,91.538,80.3234,102.075,56.192,116.414,99.4376,109.981,24163.2,25474.6,96.9407,50.4461,41.0919,120.085,11,1440,6.25541,249.155,263.302,248.239,203.743,180.717,284.443,264.534,251.716,105515,97478.3,242.873,138.487,124.815,290.527,11,1440,116.595,118.099
2021-01-05,5.9492,56.7284,57.0418,58.2304,42.4322,50.8357,57.1453,57.8674,57.2859,4545.53,5135.97,57.8158,26.1439,30.8979,57.6606,12,1440,5.43153,134.545,141.766,154.189,121.583,136.566,136.857,150.908,141.658,24665.2,28850.9,152.86,65.791,75.9755,141.898,12,1440,70.0643,73.2173
2021-01-06,7.97899,49.2144,53.2669,61.6097,53.5032,46.065,51.7329,50.7693,49.3236,4714.45,3584.03,46.2353,21.7806,31.4864,52.285,12,1440,9.44036,94.3412,90.113,93.4675,84.7748,73.4344,91.0239,77.824,93.3781,17765.5,8192.31,75.0298,34.8315,55.2815,90.2586,13,1440,54.7317,58.7291
2021-01-07,6.99199,69.0681,59.7929,62.8145,41.2791,23.5522,71.268,63.6807,70.8538,10109.4,20252.7,61.5119,29.1588,30.634,62.3097,15,1440,1.3521,89.2527,83.9312,73.869,51.6252,42.1917,88.2992,90.1196,92.5479,27915.1,62827,100.673,45.5923,38.3389,76.779,15,1440,67.9712,61.8735
2021-01-08,2.87598,93.0371,86.6605,64.3492,59.9353,84.8186,88.0102,80.2815,94.4924,10901.5,8087.55,85.2274,42.4783,44.1822,76.5677,13,1440,-0.650342,146.993,156.813,140.75,129.688,144.784,155.307,166.575,148.294,48206.7,41428.2,157.772,85.5623,71.2511,147.469,12,1440,101.61,103.984
2021-01-09,-1.22621,36.4309,36.3978,28.2875,21.4981,18.3969,32.6451,34.0853,33.0716,1996.96,1826.82,31.5956,18.9325,17.4653,30.2012,13,1440,4.73989,55.0688,56.9134,45.7656,35.4252,38.7217,49.2246,59.2804,53.6341,4060.13,4965.23,58.2567,26.2773,30.6361,43.9336,14,1440,37.1228,37.3214
2021-01-10,-4.95562,67.2548,67.304,66.0794,83.5614,31.8857,65.5615,65.156,66.7748,15946.8,21099.6,65.0824,33.6426,33.6614,61.4948,12,1440,-1.71924,92.6147,94.3693,88.5065,113.225,57.3423,95.233,96.4073,88.8783,23677.9,39564.1,98.3111,46.1323,48.2371,89.3162,12,1440,66.8218,68.5795
2021-01-11,-7.46882,289.574,286.597,328.814,195.337,188.24,278.113,300.609,282.29,121552,131223,286.266,134.066,152.531,272.683,13,1440,-14.3107,453.951,465.744,544.368,276.678,264.737,434.027,495.836,444.371,367075,413406,506.058,237.902,227.842,438.63,13,1440,325.964,335.796
2021-01-12,-3.89716,88.0393,97.5767,94.7375,90.3103,75.7404,89.1929,94.2222,87.1805,10743.6,7804.71,100.348,47.4686,50.1081,88.0029,11,1440,-3.44883,123.927,132.065,124.917,123.205,109.677,118.408,133.173,126.497,19562.8,21495.8,135.638,64.7582,67.3068,113.582,12,1440,95.3768,105.131
2021-01-13,9.30387,64.5439,67.9228,67.0455,62.9703,74.7255,66.9891,63.6871,64.5391,6417,4134.98,65.5342,29.4037,38.5191,68.0323,11,1440,7.31777,75.541,83.1753,81.0327,72.8397,91.8383,74.7839,81.3952,76.2913,11555.6,7899.33,81.3839,39.045,44.1302,72.5359,11,1440,62.5769,67.9103
2021-01-14,4.63548,32.248,31.7477,35.7848,32.9225,22.2784,30.542,31.3885,31.4661,1143.75,887.523,32.2622,13.8385,17.9092,30.4086,13,1440,8.62101,49.3964,50.3618,57.5404,60.5822,43.4979,46.6634,48.1062,50.6642,2767.2,2015.37,52.4773,20.7759,29.5859,46.0328,12,1440,32.8041,34.4725
2021-01-15,-6.33334,60.7157,59.8339,45.179,41.3838,39.2896,61.6405,53.3094,59.8337,8018,5253.47,55.898,34.0538,25.7801,58.3308,13,1440,-5.25838,104.745,95.1153,77.5994,79.8417,64.2543,106.976,81.937,102.317,31490.4,13311.8,86.5089,54.7415,40.3738,105.993,13,1440,70.7989,69.4928
2021-01-16,-2.0547,40.3969,41.7411,43.672,41.4374,29.0996,37.9931,38.4582,40.078,2771.82,1710.07,33.9072,22.7493,18.9918,39.3346,12,1440,4.95018,60.5548,61.1553,63.9567,64.1047,48.7865,55.7216,58.7805,62.4544,5828.86,5191.45,53.5059,30.8571,30.2982,56.6181,13,1440,42.5125,44.223
2021-01-17,-0.463275,36.0674,36.1435,32.3784,38.9526,30.0013,35.2182,32.5391,34.9654,1860.72,1272.76,31.0938,18.3908,17.7528,35.2627,11,1440,0.375567,50.2679,49.2528,49.2387,49.754,43.3566,49.3766,46.2701,50.3091,3571.71,2334.8,44.4523,25.1502,24.1026,49.4458,11,1440,37.1913,37.192
2021-01-18,2.21555,28.8228,27.7615,29.3207,26.4087,21.2084,29.4579,22.5065,25.4622,2323.97,453.373,19.6014,12.6393,15.1222,29.5921,12,1440,2.08767,31.3188,26.1977,27.8416,21.7102,20.7758,27.5792,23.5988,28.8424,1478.14,614.497,21.1593,13.1284,13.0693,26.2208,13,1440,25.5906,23.4931
2021-01-19,-2.0402,24.5764,19.9768,19.3243,15.6764,17.1444,21.1961,19.5053,22.6965,477.077,290.109,18.1793,10.7115,9.26528,19.2109,13,1440,8.15373,64.2307,61.7603,60.387,61.8056,93.1701,62.7331,56.1891,62.9481,5128.33,3846.27,52.8266,28.8787,32.8816,64.9364,11,1440,31.2414,27.2812
2021-01-20,-1.18629,36.8094,30.7557,28.4205,30.156,28.568,34.5882,29.0618,36.6732,1629.52,1124.62,26.8824,14.5961,16.1596,35.9599,13,1440,0.848183,76.8826,69.2168,69.83,83.1669,90.3192,79.0136,66.0813,79.1266,7299.56,5020.21,69.3464,33.4635,35.7534,84.4272,12,1440,46.1092,38.9653
2021-01-21,-13.9496,78.1694,75.7474,74.5509,83.108,61.9582,81.4416,77.9765,80.9625,6499.61,7803.25,71.0442,43.6738,32.0736,73.2915,12,1440,-21.4675,119.59,116.179,111.284,137.563,87.0565,126.715,120.449,124.956,24565.7,17301.7,111.649,75.1391,41.0401,117.868,12,1440,86.2561,85.1371
2021-01-22,6.57037,68.0171,66.774,60.9166,58.5399,63.9905,65.4503,65.7023,67.1826,6561.43,5034.47,65.1363,29.1321,37.6419,61.9932,13,1440,10.3917,101.515,101.939,99.9794,83.1152,79.2713,100.371,96.0716,99.6659,17005.3,12624.2,101.261,45.2587,56.6801,96.3897,12,1440,72.483,71.8053
2021-01-23,-2.66742,29.0948,28.275,27.2183,27.7191,21.8171,27.7279,24.9799,26.1991,1316.92,836.532,23.2771,15.1562,13.1188,29.2787,12,1440,0.0794739,36.7783,33.4594,31.8869,25.3421,19.8361,34.5905,31.7009,33.9368,1591.87,1256.25,30.0571,17.2194,16.24,36.4119,12,1440,28.1512,26.4351
2021-01-24,0.565454,20.1128,16.7177,12.5429,15.6267,12.6464,17.6844,16.0336,19.4249,550.289,375.76,14.9074,8.82233,7.8954,16.8607,12,1440,12.1171,37.2402,34.8135,29.6769,33.5019,37.4511,37.7735,29.4393,37.8069,2806.89,1167.13,27.7567,12.8264,21.9871,37.4118,12,1440,21.794,18.5061
2021-01-25,-0.0176706,32.2058,26.0507,26.9713,36.2871,30.2657,29.6282,27.1992,32.9628,1074.24,980.156,27.022,12.61,13.4407,29.7531,13,1440,-5.50835,66.7626,56.9337,58.644,75.7218,52.4428,60.9824,59.0283,70.628,4430.05,4439.9,55.9562,29.4632,27.4705,59.5021,13,1440,35.5019,26.6182
2021-01-26,0.659964,39.8469,33.4729,27.354,29.9067,34.8219,36.1936,30.1778,37.7381,1810.24,1017.83,27.5301,15.7724,17.7005,34.0977,14,1440,3.58404,62.403,62.6568,55.8607,54.6463,71.4418,62.5136,61.1675,60.3906,4337.1,3929.83,60.0673,28.912,33.7448,63.5339,12,1440,41.2658,37.0658
2021-01-27,-6.69194,50.0238,46.0052,49.6164,51.1821,57.9775,48.3186,41.6044,49.6699,4729.33,2562.03,37.0156,23.3064,22.6988,45.8969,12,1440,-9.7536,79.689,69.1175,76.7384,86.3831,80.0656,77.3605,63.0794,81.7329,8301.48,4680.31,56.4227,36.8989,32.2185,76.948,12,1440,53.9314,47.7999
2021-01-28,9.41747,31.5441,28.4987,26.2883,27.1114,18.0368,27.5828,27.6111,31.496,923.13,659.817,28.4288,10.8698,17.6289,27.1395,12,1440,7.0617,42.5592,39.2839,36.9789,34.3096,23.7792,38.5317,35.6353,43.8803,1765.14,1373.06,36.9126,15.9923,23.2916,37.3093,13,1440,30.2862,28.1404
2021-01-29,2.62475,145.621,149.613,200.474,243.665,188.483,151.481,154.453,153.23,61232.4,83134.6,149.779,68.3837,81.2297,151.487,11,1440,3.67753,82.8277,78.0608,81.7455,99.5281,61.5457,74.9928,76.1101,80.2401,10790.7,11547.3,73.9374,39.6089,38.4519,68.2431,12,1440,91.0402,87.878
2021-01-30,0.0311756,41.1834,33.1491,35.2017,32.7565,17.2592,34.5358,29.5625,40.6003,1550.08,1127.56,28.3378,16.1479,17.0012,33.4917,12,1440,-0.105166,33.0008,25.4262,22.2819,23.4603,12.5893,26.8987,23.5898,33.5227,1071.3,653.633,23.2186,11.8437,13.5825,24.1993,14,1440,30.4574,23.5371
2021-01-31,-3.47414,24.5322,17.4932,17.0341,14.9111,17.8683,18.3094,16.3995,24.3999,616.962,340.082,14.0198,9.7115,7.78174,16.9299,13,1440,-4.86976,23.8706,19.579,17.1368,14.3195,16.2786,18.9362,19.9519,24.3783,712.228,924.18,18.5129,10.887,8.69202,17.5396,13,1440,19.9226,15.5071
2021-02-01,1.30111,28.8179,21.0342,23.1114,22.9577,23.5384,23.492,18.8615,27.088,910.969,570.283,17.5621,10.2197,10.8145,22.759,12,1440,4.58781,25.867,23.7307,22.967,25.6368,25.097,23.1394,21.4689,24.6758,1347.5,655.116,17.917,11.6281,12.1027,21.7499,13,1440,20.1692,17.1659
2021-02-02,5.6249,20.1198,17.4506,16.9452,16.0882,14.1041,18.9751,16.7749,19.5033,558.281,607.291,18.2847,6.31172,11.1389,20.1595,11,1440,9.54974,42.5236,41.8357,44.1522,35.499,45.1184,41.3567,41.8615,42.4775,2833.02,3196.13,40.4585,16.1839,25.6519,44.5244,11,1440,19.3753,16.6141
2021-02-03,5.89245,17.1193,15.9756,15.0617,13.7086,13.1339,15.2772,14.4632,15.6598,424.572,242.612,14.9519,5.55531,10.4203,15.7599,12,1440,9.61715,30.6569,30.7174,28.8444,27.82,29.7597,29.3742,32.9453,30.6909,1103.7,1286.52,30.695,11.5099,19.2075,29.8035,11,1440,15.9536,14.8099
2021-02-04,-1.83012,27.3784,24.0194,27.1238,39.0698,17.8775,24.8614,22.4244,28.4653,1113.22,856.712,20.9508,13.319,10.7005,24.7035,12,1440,-4.22251,51.707,37.8781,39.2887,52.4892,39.7391,43.6976,37.5319,54.4082,1873.74,1651.31,38.6758,20.7078,17.1703,42.0612,12,1440,30.6524,24.4532
2021-02-05,3.59905,15.9645,12.9027,13.2097,13.2824,12.7113,11.868,11.5081,16.2115,260.531,140.476,10.7289,5.57336,7.32938,11.0476,13,1440,7.45595,31.2752,29.8162,28.7911,31.8714,35.1667,28.6644,31.2646,31.3882,1173.64,1284.42,30.619,12.6688,17.1474,29.0248,12,1440,16.8096,14.853
2021-02-06,2.31485,20.3312,17.534,20.594,19.4721,15.1183,18.589,16.4916,20.26,469.144,375.095,15.6067,8.35408,9.17987,18.88,12,1440,-2.52344,25.9359,23.5205,24.4016,24.7411,22.8162,24.0216,23.7086,26.024,1005.31,701.027,22.5028,12.9859,10.5346,22.9655,13,1440,13.3961,7.13778
2021-02-07,-1.00344,24.2738,23.6665,22.1595,18.6792,19.1806,20.393,21.6133,24.1267,948.441,441.236,18.8873,13.5597,10.1068,21.9782,11,1440,-3.93789,39.2067,40.4075,36.7997,36.1547,27.6012,38.3362,34.773,41.486,3379.56,1269.46,32.9877,25.4101,14.9974,41.4579,11,1440,23.1868,23.9813
2021-02-08,17.8449,61.9953,67.7449,96.9268,127.518,107.757,72.7052,61.9641,64.3433,30440.6,29146.7,64.2455,14.8973,52.8477,77.5603,9,1440,8.24616,42.8966,41.2837,46.115,40.8775,41.0745,42.6211,40.3121,43.9884,3011.73,2490.49,38.578,15.705,25.5787,44.5019,12,1440,33.947,35.1812
2021-02-09,0.0981731,44.6173,49.7985,40.8401,36.6323,38.4914,44.6312,49.802,46.1772,3324.22,2582.48,45.1285,24.3443,25.4542,42.7169,13,1440,1.07864,35.1895,36.3645,39.5573,34.6326,29.3948,32.0357,34.3866,36.5412,2615.51,1582.38,33.038,19.3654,16.9991,32.6031,12,1440,27.4695,29.5865
2021-02-10,-3.53621,32.1484,28.9281,27.2075,16.5125,14.6528,26.9218,30.5681,33.393,1970.61,2577.27,29.9953,17.0091,11.9191,26.4328,11,1440,-1.61546,41.3595,44.7024,39.8552,23.4066,20.2384,38.7364,46.6696,41.6548,5523.52,6615.37,40.0556,26.0624,18.64,37.9378,11,1440,26.7856,28.9567
2021-02-11,6.81883,31.2948,27.919,33.2634,40.3824,20.6416,28.1382,25.2085,30.8205,1989.16,1145.91,25.9993,13.5317,14.3873,30.1986,12,1361,2.54324,21.3761,16.9212,19.2603,17.9055,12.9533,16.2378,15.954,21.218,571.937,285.999,15.926,8.94632,7.97483,16.2072,13,1361,18.8902,16.0762
2021-02-12,-1.43175,26.4349,20.9911,19.0826,19.1991,17.6296,20.024,21.4609,25.4911,946.029,556.19,21.1985,11.598,9.39306,18.364,13,1440,3.01412,20.8465,16.8088,14.6377,15.8077,16.1038,16.7858,16.0396,20.7387,538.88,376.65,14.9003,8.4717,8.33711,15.7155,13,1440,15.7371,12.7711
2021-02-13,-0.283584,16.3704,12.4135,8.26942,9.93971,6.42154,11.5447,12.6109,16.8582,328.835,372.467,11.8681,5.91039,6.50309,11.1026,15,1440,-1.38434,23.4774,18.2896,16.33,14.6686,12.9342,17.7338,17.1149,24.0998,557.484,491.058,17.5209,9.04438,9.24519,17.2008,15,1440,15.247,11.3948
2021-02-14,2.97542,13.5902,12.2188,14.7859,12.8827,16.0378,12.9086,12.2432,12.6736,310.502,250.347,11.1894,5.00021,7.21859,13.5423,13,1440,-0.804346,12.9854,10.2853,10.7233,9.75257,9.70013,10.8771,10.1067,13.071,189.522,169.859,9.75155,5.08388,5.2014,10.5929,14,1440,9.26847,8.39206
2021-02-15,-1.38192,26.1346,22.0754,22.0279,24.3494,15.3647,23.1981,22.1803,24.67,1565.61,2351.28,19.8905,12.6185,9.45688,24.0601,14,1440,-1.1828,41.0662,34.1439,39.423,43.4155,27.2084,37.4319,36.3832,44.6416,2856.04,3055.36,33.8895,18.6052,15.5387,39.3976,13,1440,26.8808,23.3253
2021-02-16,2.51929,29.3908,28.826,19.4204,20.2192,18.986,25.4456,28.9307,31.4088,5448.8,2424.57,25.2937,16.3171,12.5089,21.6269,15,1440,0.153879,25.8919,23.5485,19.1093,17.7472,12.427,20.8749,24.1831,27.216,1357.56,964.74,21.4141,12.6977,10.8507,18.9592,15,1440,21.826,21.9099
2021-02-17,5.90031,18.8518,17.7649,12.6586,13.0882,9.2463,17.2801,18.7591,18.7577,346.539,418.171,19.1021,7.50643,10.2584,15.7366,13,1440,3.73901,17.9834,13.7836,12.1979,14.7132,14.5572,14.9531,13.7506,17.5896,235.258,207.808,13.1271,6.74909,7.03456,13.4598,13,1440,13.4042,11.2407
2021-02-18,-1.09405,10.332,8.24542,8.57161,7.8354,6.22571,8.18869,8.01457,9.77316,87.163,68.1543,7.40622,4.22247,4.02295,8.07998,13,1440,4.73661,16.2561,14.5879,14.8652,12.3904,10.9012,13.4983,14.4042,15.882,284.971,263.688,13.7603,6.61515,7.97271,13.4065,13,1440,8.9291,7.51604
2021-02-19,8.10691,17.8586,16.7918,14.3514,12.5452,11.0664,15.7685,16.6429,17.4925,550.026,389.733,15.4481,6.38258,10.4092,15.5884,12,1440,0.790327,12.0708,11.5918,8.17028,6.762,5.32123,10.3786,11.5745,11.9922,231.534,270.163,10.4196,5.47922,6.1126,9.83287,13,1440,9.61659,9.21188
2021-02-20,-0.115994,26.2437,20.1314,23.6351,12.4329,16.75,21.7233,19.836,29.3464,807.873,810.568,18.4238,9.49971,10.6317,21.2231,14,1440,-2.17175,49.6358,35.3145,50.9924,28.6035,36.2998,43.1574,37.9525,56.0687,3718.61,7184.53,35.9849,20.0373,15.2771,41.091,14,1440,27.9152,19.0095
2021-02-21,2.76818,13.744,10.7092,10.5588,9.43443,8.43169,10.9031,10.1589,14.1568,151.704,117.029,10.0583,5.0436,5.66556,10.8251,13,1440,1.06747,21.0181,19.3371,21.2786,13.9151,14.4387,17.7705,18.2766,21.8116,581.933,504.442,18.8714,10.0556,9.28147,18.5943,13,1440,13.5645,11.0228
2021-02-22,-5.95873,91.3966,60.2911,61.1755,53.2958,49.5367,88.5292,68.0751,88.1665,8578.41,16316.9,66.0252,33.1073,27.1838,86.9416,13,1440,-8.40945,116.243,104.254,88.0501,90.8278,55.7765,130.086,115.43,100.022,44685.4,90294.1,124.203,54.366,49.8876,127.082,11,1440,89.477,70.329
2021-02-23,-10.1013,180.079,194.892,170.583,145.954,170.465,192.295,193.251,186.557,90964.7,83624,199.407,92.2405,102.652,186.656,12,1440,-11.9164,250.604,279.768,263.675,202.973,234.053,281.173,275.449,266.522,173688,213588,282.277,145.747,134.021,269.722,12,1440,192.536,214.008
2021-02-24,1.59326,51.1241,53.5222,50.3651,56.1191,37.1892,49.9197,52.2931,51.9009,3732.45,2996.34,55.4351,29.1582,24.364,49.1218,12,1440,2.8428,78.2411,83.7334,85.1164,89.8767,43.2196,75.3834,84.6618,80.671,9558.52,7903.05,86.2722,44.1763,39.5572,77.1039,12,1440,56.4406,60.9491
2021-02-25,-5.38108,42.0634,36.9641,34.9239,36.8109,37.4693,40.5701,40.1312,43.4439,1429.65,1906.95,38.5002,20.1872,16.7769,39.0262,14,1440,-9.12927,55.6475,49.2948,42.5595,42.7004,43.2611,53.3123,50.6206,56.8659,3213.62,3307.05,44.992,28.0236,21.2713,51.8766,14,1440,42.9831,37.3372
2021-02-26,-1.70728,78.3302,65.9457,72.0595,53.6899,49.3617,71.6162,66.696,81.2976,5213.1,4191.34,64.8729,29.6334,36.3123,64.647,14,1440,-2.53983,88.72,75.8181,86.9097,73.969,62.7402,82.4623,75.2914,92.0577,7354.18,6093.65,70.9696,36.0104,39.8077,78.2643,14,1440,74.3504,64.0182
2021-02-27,-0.368985,29.7698,30.5976,27.7692,22.0831,20.8189,31.2326,30.4098,31.0939,1454.5,1261.62,28.3142,15.7236,14.874,31.1908,12,1440,0.932925,43.9062,45.3954,42.5931,33.8614,30.1066,44.9881,46.9395,46.2606,2738.78,3052.3,44.7813,23.345,22.0505,44.6859,13,1440,31.1858,33.6181
2021-02-28,-2.12798,46.2526,45.6773,38.2588,30.6096,29.43,42.538,43.0313,47.1076,3065.18,2114.39,41.4915,21.4961,24.1812,38.2488,14,1440,-2.70756,75.7664,83.6574,78.9936,62.1997,64.7847,73.5782,79.1436,79.4686,11186.6,7290.92,73.8241,42.4878,41.1696,72.9742,13,1440,52.152,55.3698
2021-03-01,9.40567,25.6224,22.6176,19.165,20.4961,20.0358,25.4729,20.0675,24.0792,964.179,493.911,20.684,7.86736,14.7503,25.2863,12,1440,10.0907,32.5399,30.9939,24.7328,27.7723,27.2536,33.6298,29.7222,32.3483,1807.42,1118.55,27.4491,10.4308,20.5631,32.9838,13,1440,23.4058,21.5264
2021-03-02,-2.339,23.736,27.005,23.5649,23.1793,14.051,23.9729,24.7609,24.4296,1011.31,724.63,25.4828,14.843,12.162,21.6592,13,1440,-5.43737,37.0724,41.5356,39.7594,44.0691,25.823,38.3053,40.0244,38.1313,2738.65,2479.84,42.6325,25.3409,16.1948,36.3618,13,1440,24.8742,28.8973
2021-03-03,3.86468,20.7564,21.8098,24.0837,23.7293,20.9531,19.6861,22.1613,21.0993,586.072,553.964,21.1151,10.6154,11.1944,20.8123,12,1440,5.29905,30.1628,32.6998,38.0676,35.9468,33.2329,31.6325,33.6355,31.183,1363.36,1154.98,33.2125,15.1969,17.5029,34.2196,11,1440,20.4458,22.3496
2021-03-04,-4.00218,37.5864,37.5068,31.9316,33.5099,31.8097,36.1067,38.4019,36.9075,1965.1,2018.48,39.6453,20.194,17.3128,34.3671,13,1440,-1.83209,43.8669,39.1537,33.3051,34.7602,40.1045,40.2061,40.285,42.354,1694.67,2247.01,41.7314,19.9861,19.1676,35.2679,13,1440,36.2539,34.9908
2021-03-05,0.777593,28.0234,28.4915,23.7145,29.2899,24.6915,25.9086,27.2392,28.1194,1342.01,938.004,26.7658,14.8799,13.6116,25.921,12,1440,-0.711974,34.4044,32.8249,28.8191,36.2997,29.9054,29.9078,34.0435,34.3584,1660.65,1552.22,32.529,18.0545,14.7703,29.8479,13,1440,26.6203,26.6384
2021-03-06,0.267305,12.7641,11.6785,9.9529,8.97346,7.45989,11.9482,10.3769,13.4488,200.869,131.497,9.83163,5.56035,6.11816,11.5555,12,1350,7.68248,25.118,24.3633,24.4534,26.8423,29.8194,24.4403,24.491,25.4047,1041.88,957.299,21.856,9.23743,15.1259,25.5636,12,1350,14.2687,12.6064
2021-03-07,4.18582,14.4335,14.9499,11.398,10.6269,9.55722,14.073,14.2801,14.8644,344.463,287.386,14.5845,6.37574,8.57415,14.0858,12,1440,4.49119,22.5118,23.0792,25.5796,22.5416,23.3373,21.4193,23.3805,23.1491,679.118,814.479,23.5986,11.0847,11.9945,22.6665,11,1440,13.9556,14.0475
2021-03-08,2.71611,17.8693,15.8325,11.7339,12.4928,14.9211,16.0618,15.0515,17.6878,298.382,227.916,15.3355,7.68549,8.14705,14.2565,13,1440,6.01529,28.3238,25.8232,19.7614,18.8063,25.8563,25.8895,26.8924,29.5791,748.29,753.55,24.7302,11.8876,13.9355,23.9898,13,1440,17.4788,15.9207
2021-03-09,4.67984,13.8355,12.6709,11.3754,13.5257,19.4186,12.9091,12.6724,14.3387,167.823,197.797,12.4909,5.53551,7.13542,12.8294,12,1440,2.0159,18.5036,18.9845,15.8354,13.1796,17.1987,17.6289,19.579,18.5926,446.877,708.946,19.4735,9.23242,9.75207,16.0798,14,1440,12.2711,11.2439
2021-03-10,1.7467,22.9921,23.2409,23.1179,16.4131,20.4806,23.2822,22.5237,23.5955,900.459,615.659,21.7031,11.7259,11.515,22.7982,12,1440,-4.11392,28.8524,31.5764,26.9133,16.8749,24.2092,30.0368,33.1503,30.1498,1622.4,1524.93,30.9078,18.1801,13.3963,28.5625,14,1440,22.074,23.608
2021-03-11,3.38263,22.4907,21.6584,15.7732,17.9727,17.0796,21.1867,21.2575,23.4243,506.994,376.64,18.7323,10.4631,11.1952,18.9153,13,1440,1.69354,28.284,28.5169,18.4471,18.7539,17.2292,26.0962,25.7804,28.9293,1537.6,594.505,23.3054,14.4475,14.0693,22.4634,14,1440,21.6181,21.78
2021-03-12,-0.959076,19.9451,21.7534,16.4847,19.8596,9.19663,19.5993,22.4781,20.0605,518.878,574.345,23.2956,10.7787,10.9747,18.2294,13,1440,-3.32336,26.7751,27.037,17.4015,21.3941,11.0618,24.2721,28.6428,26.5672,835.87,1001.15,31.4386,13.6999,13.3371,21.2765,13,1440,20.2178,21.8464
2021-03-13,6.70239,18.6869,18.6942,17.205,21.0716,16.8544,18.5258,16.8501,19.0482,2229.81,596.586,14.4129,6.24132,12.4529,19.137,12,1440,8.47747,22.4377,20.843,18.8449,24.0932,23.6124,20.3474,19.6678,23.0876,876.556,524.806,17.6693,8.14652,12.6964,19.6741,12,1440,16.6574,15.6161
2021-03-14,-3.69573,11.4766,10.2652,11.6129,15.1667,8.98825,11.3212,10.3799,11.6749,148.523,154.503,9.81412,5.91879,4.34638,11.0075,12,1440,-3.93903,17.2453,15.2866,13.9949,15.001,11.6569,16.4721,15.4951,17.3431,297.124,336.972,14.7244,8.89178,6.3948,14.57,13,1440,12.0878,10.8806
2021-03-15,-5.87235,33.2716,40.2957,34.38,35.2541,25.3587,34.2281,34.766,34.9434,13514.3,1889.81,30.7911,27.8365,12.4592,32.3927,12,1440,-3.00002,29.3786,28.4684,22.6209,21.3115,14.1766,26.8896,24.4098,29.5519,2807.2,1049.32,23.2774,17.4814,10.9871,23.4483,13,1440,26.6528,29.4431
2021-03-16,2.30318,26.9551,28.1123,21.6525,17.5657,18.9584,28.463,26.8332,27.8166,1105.88,748.587,25.5451,13.5358,14.5765,25.5811,13,1440,0.646921,22.1071,22.9296,20.8323,18.9835,24.5046,23.965,23.7042,22.2545,861.002,943.845,22.889,11.2967,11.6329,23.9787,11,1440,20.9494,21.759
2021-03-17,3.47527,19.6901,19.5529,19.6926,17.5982,25.6654,20.101,20.2981,20.3272,480.684,474.251,19.4299,7.80902,11.7439,19.6445,12,1440,1.01745,14.2344,11.2126,9.93458,9.09262,9.84996,12.3379,11.0591,14.2669,144.615,130.006,11.3377,5.25488,5.95769,10.6247,15,1440,13.408,12.4005
2021-03-18,-2.17029,15.8859,15.1253,12.659,14.7875,17.8999,14.455,15.8222,15.9828,272.316,291.931,15.6188,7.9546,7.17066,13.1728,12,1440,-2.63929,13.1,11.3708,8.37639,9.14669,11.1037,11.5441,11.9469,13.0202,131.87,153.605,11.3508,5.96891,5.40191,9.27902,13,1440,12.3542,11.487
2021-03-19,0.660196,14.9166,15.6286,13.0564,9.70046,8.80396,15.1841,14.941,14.4922,662.296,378.938,13.6404,8.76291,6.86572,14.8695,12,1440,1.84208,12.215,12.1244,9.62915,8.49385,6.18882,11.556,11.7754,12.3116,368.563,226.177,10.6946,6.59831,5.52613,10.7355,12,1440,11.4297,12.0565
2021-03-20,0.124462,9.97974,7.55492,5.73558,7.9549,5.6821,8.16696,7.33744,9.47032,122.409,83.9436,7.13332,3.93149,3.62343,7.10056,13,1440,-0.165966,8.14927,6.59833,5.60337,7.01876,4.66988,6.22464,6.60661,8.18804,88.0857,102.34,6.53726,3.60212,2.99621,5.41043,13,1440,7.38233,5.84419
2021-03-21,-1.30049,15.7915,12.0662,10.6321,11.4923,12.3598,12.9016,9.96989,15.4439,843.087,144.118,8.49751,6.9678,5.09842,11.3118,13,1440,-1.28837,11.8374,10.4536,6.84552,6.28791,7.53131,9.64255,10.0137,12.4634,222.422,115.255,9.85982,5.77669,4.67687,8.02969,14,1440,11.6201,9.30385
2021-03-22,-5.86755,18.3578,19.3729,16.4919,16.5383,14.7883,19.5964,18.7132,19.5873,845.743,702.516,17.8648,11.9624,7.41046,19.4022,12,1440,-5.89151,17.8971,18.9388,17.666,21.3204,22.7137,20.8218,17.5435,19.1692,1561.19,815.376,16.8857,12.0633,6.87551,21.7553,11,1440,15.9937,17.3259
2021-03-23,0.475246,18.0529,14.8657,16.6118,18.1277,15.0721,15.7465,14.1757,17.3717,312.461,245.84,11.9782,6.92349,7.94221,15.5932,12,1440,-0.769774,17.5439,15.0537,14.262,13.4686,13.5595,15.2571,14.9215,17.9602,287.447,260.79,13.8562,7.70045,7.35326,14.9396,12,1440,15.9675,13.2256
2021-03-24,-3.82108,25.703,27.6384,20.9485,22.9513,21.7342,26.5253,24.8585,26.1806,2605.1,725.558,25.0603,14.3531,13.2853,27.4138,11,1440,-5.30845,28.3869,31.9388,24.3437,29.9917,18.1659,29.3461,31.4378,27.4241,4260.03,2653.77,27.0272,18.6184,13.3203,29.8711,11,1440,22.9641,25.4261
2021-03-25,-1.94967,30.0277,31.7566,28.6341,23.2774,21.5307,30.5259,31.7575,31.4292,1586.45,1359.49,28.2491,15.6671,16.0895,29.1072,13,1440,0.246245,29.0306,32.3935,25.4464,22.9389,22.4152,28.507,34.7733,30.3616,1596.36,2197.66,30.6178,15.9078,16.4857,26.2781,13,1440,26.4254,28.9528
2021-03-26,7.02289,13.3413,14.0559,12.802,14.4515,15.7298,13.1078,12.2023,13.6383,412.622,136.292,13.0465,5.04718,9.00875,12.6577,13,1440,6.88945,10.8423,10.5336,9.71938,12.7389,15.0001,9.70615,8.8253,10.6932,276.592,91.8963,9.22861,3.52122,7.01234,9.50731,12,1440,9.50139,10.1527
2021-03-27,1.42826,10.7585,10.4504,10.5777,9.97001,9.60682,9.78247,10.3273,10.7809,205.94,142.474,9.24019,4.58096,5.86947,9.68362,12,1440,0.808454,9.56728,8.72387,8.89273,7.544,4.86949,7.9791,8.39187,9.42869,124.091,95.1324,8.03957,4.11046,4.61342,7.73112,13,1440,8.51775,7.98135
2021-03-28,-0.0708098,8.44432,8.45173,7.13209,6.50219,6.80178,7.90147,8.45054,8.26513,98.7394,78.3477,7.78519,3.94034,4.5114,6.60322,15,1440,-1.50725,7.62064,7.98749,5.86505,5.14719,5.70093,7.09111,7.99386,7.53811,91.0795,68.732,7.34844,4.21464,3.77285,5.65445,15,1440,6.90162,7.30336
2021-03-29,3.27653,11.3545,12.3747,10.6584,9.83575,10.6656,12.1421,10.9935,11.4722,467.532,169.296,10.4116,4.6537,7.72098,11.4733,12,1440,7.4086,12.5798,11.9103,13.213,13.4905,11.5626,12.7226,11.8665,11.9598,208.207,164.168,11.4479,4.06524,7.84506,12.4086,12,1440,9.40732,9.34217
2021-03-30,1.90946,7.66728,7.57586,6.64421,5.55873,5.59352,7.04716,7.1008,7.25178,79.1168,70.4269,6.87106,3.15298,4.42288,6.23165,14,1440,1.29719,8.2789,8.50454,6.74736,5.32628,5.58263,7.37135,8.60212,8.02377,103.367,89.124,8.12166,4.12802,4.37652,6.22797,15,1440,6.48965,6.61475
2021-03-31,-0.0102479,17.3782,15.1349,13.1475,13.3023,15.2025,16.6387,12.2253,17.1057,1571.65,260.876,11.1928,9.29787,5.83705,16.1762,13,1440,4.19815,20.2626,17.207,18.2887,16.3729,21.311,18.0802,15.9129,21.159,767.338,324.082,15.6894,8.73451,8.4725,18.3444,13,1440,15.3244,12.8843
2021-04-01,-0.0342412,8.77227,6.71462,4.26272,3.77424,2.2659,6.7283,7.14969,8.31656,115.976,130.573,6.46759,3.22918,3.48544,6.03088,13,1440,2.50462,19.5786,21.1916,14.0489,13.1788,6.43183,18.5397,24.1064,19.5747,2457.94,4366.98,23.5912,9.76853,11.4231,19.3931,10,1440,10.2867,9.99744
2021-04-02,0.390192,6.33947,5.44946,4.31617,3.28033,3.43404,5.73262,4.4965,6.27295,163.449,37.8012,3.98548,2.29596,3.1535,5.44527,13,1440,8.08097,14.6698,14.0092,14.1741,14.6945,18.3096,14.4849,14.3449,14.9851,248.372,248.446,14.313,5.21101,8.7982,14.6466,12,1440,6.6881,5.18696
2021-04-03,-3.27277,8.69997,8.10365,6.0314,5.5495,5.64521,8.14912,8.56011,8.01395,170.747,161.643,8.05898,4.58536,3.51829,7.74988,12,1440,-6.04547,26.1689,26.0905,18.4562,20.4332,21.6207,27.6942,25.985,26.5786,1371.15,926.744,27.5887,15.6358,10.4547,27.5093,12,1440,12.1433,11.8088
2021-04-04,1.99578,7.29197,5.86993,5.7267,5.20528,4.07,6.04322,6.09126,6.12445,55.0527,58.2883,5.91705,2.86381,3.00612,6.11351,14,1440,3.28955,16.0795,12.2416,9.89674,9.17848,5.61425,13.09,12.5679,15.8796,184.576,212.395,13.8894,5.40413,6.83744,11.0988,15,1440,8.6377,6.75602
2021-04-05,1.58184,6.30192,5.9952,5.59991,5.32561,5.90073,5.51986,5.76919,6.55044,55.1082,34.078,5.39794,2.38814,3.60706,5.38864,13,1440,1.51518,13.5838,12.5661,11.219,9.73593,8.29014,11.7996,11.893,13.7971,207.719,148.932,13.3245,6.01406,6.55204,11.2065,13,1440,7.57673,7.23715
2021-04-06,-1.94478,7.50096,5.71143,4.22271,5.88554,3.3481,5.9841,6.0473,7.53478,36.9478,42.6215,5.72872,2.96887,2.74256,5.16755,14,1440,0.228932,18.4857,15.9939,12.0754,17.1613,13.7039,16.1935,15.6332,19.8144,335.539,308.109,15.7801,7.66051,8.33338,14.7185,13,1440,9.77129,7.99617
2021-04-07,-3.57703,15.3598,14.013,13.2777,10.5692,7.67728,14.3029,15.3009,16.0017,275.862,381.081,14.6555,7.57087,6.44211,13.5514,14,1440,-7.30215,29.0807,29.2356,30.3785,25.4083,22.9968,28.4702,27.412,30.3083,1263.31,956.256,27.9801,16.7021,12.5335,27.7675,13,1440,18.2,17.9559
2021-04-08,3.72586,6.6731,5.9174,4.4857,4.42997,5.99618,5.97714,5.80798,6.70888,54.6325,42.5315,6.07054,2.30354,3.61386,5.84771,13,1440,5.78757,12.0086,10.4226,7.80159,7.23895,9.18275,10.7738,11.1247,12.215,177.312,226.277,10.4084,3.73907,6.68351,9.95751,13,1440,7.3394,6.51054
2021-04-09,0.111891,5.05692,3.91827,4.01134,3.46643,3.37313,4.141,4.12536,5.08974,16.4935,24.505,4.42589,1.88507,2.03321,3.79246,13,1440,-0.655364,7.51515,5.97774,4.61692,3.13393,2.46437,5.97509,6.16725,7.20709,43.624,54.7978,6.08489,3.24008,2.73765,5.61154,14,1440,4.90194,3.85265
2021-04-10,2.75917,9.78608,9.14123,10.8088,14.5502,18.122,10.2579,9.54771,9.41456,144.336,128.528,9.91913,3.90419,5.23704,10.7551,11,1440,3.17238,13.3116,13.3231,12.6931,14.8403,16.4258,13.3887,13.2488,13.613,259.753,187.158,13.8799,5.95161,7.37154,14.5107,11,1440,8.71859,8.79902
2021-04-11,0.389575,7.05374,6.93762,5.24029,4.32364,3.84631,6.41295,7.45674,7.12268,57.9074,67.8165,7.45568,3.51801,3.41961,6.25953,14,1440,0.834106,9.29138,8.91572,5.39041,4.5037,4.39529,8.20215,8.89997,9.39077,98.4642,119.819,9.55116,4.46149,4.45423,7.58826,14,1440,6.70177,6.74986
2021-04-12,-0.237656,7.47531,7.313,6.15335,5.66347,5.858,6.64269,6.97353,7.12566,111.391,62.11,6.36077,3.90238,3.41062,5.80444,14,1440,-0.637439,10.8255,11.682,9.81286,8.68952,10.3586,11.2598,11.2809,10.8323,302.48,195.061,11.1659,6.06525,5.61675,10.4187,13,1440,7.26539,8.15723
2021-04-13,6.02118,9.90359,11.5547,11.5676,13.899,11.9362,11.4724,10.7389,10.0237,665.148,224.782,9.5498,3.93535,7.61933,11.9725,11,1440,7.28311,13.3217,15.3629,15.6081,19.012,21.2121,14.5219,15.5368,12.8216,360.341,277.283,15.1037,6.23661,9.12629,14.752,11,1440,8.48144,9.93365
2021-04-14,-0.972817,18.925,19.3446,15.7292,12.8251,11.9832,17.9908,19.3245,20.3383,620.231,472.304,19.3551,9.95524,9.38937,15.65,13,1440,5.64038,33.4248,36.5141,32.9831,27.0181,27.8318,34.5794,37.2976,33.1641,1986.88,1792.6,37.4152,16.4188,20.0953,31.7097,12,1440,21.639,23.3888
2021-04-15,0.317873,7.32478,6.86285,6.34742,5.6309,3.12185,6.59797,7.14532,7.26274,44.3702,54.0386,7.41297,3.42365,3.4392,5.99972,13,1440,3.29304,16.3979,18.7317,13.2119,14.1811,15.7432,16.4219,21.2163,16.2665,327.781,501.341,22.3544,8.17717,10.5545,15.6546,13,1440,8.81358,9.16303
2021-04-16,-2.93235,12.541,13.9645,9.88174,13.1587,9.92183,11.8924,12.7674,12.4226,395.679,183.75,11.2934,8.61133,5.35316,11.5987,12,1440,-3.70208,33.6679,40.3027,30.2358,39.1314,27.1223,37.7662,37.7376,34.0129,3339.03,2288.61,35.8965,23.6299,16.6729,38.4457,12,1440,17.5518,21.131
2021-04-17,-2.18918,8.89229,8.69962,8.89277,8.04121,8.26228,9.06603,9.03272,9.18356,90.0335,104.636,8.81404,4.7467,3.95292,9.04427,12,1440,-4.43381,22.1815,21.6291,22.5315,19.8731,20.2494,23.0481,22.1989,23.1091,690.098,806.268,22.629,11.4179,10.2112,22.1425,12,1440,12.0354,11.7839
2021-04-18,-6.64287,91.6488,110.368,74.4337,53.0898,71.8143,108.145,83.4443,99.8573,224385,34930.5,75.2353,77.7744,32.5938,99.6266,11,1440,-3.60046,130.471,150.648,98.85,83.9694,61.7272,143.481,141.86,142.358,199115,200709,129.497,95.2312,55.4168,139.299,11,1440,90.0781,117.101
2021-04-19,-0.924779,21.6016,20.3708,17.267,16.4518,16.3379,20.5645,19.9835,21.9185,687.536,555.725,20.4698,9.90302,10.4678,18.8865,13,1440,-3.39009,37.956,39.3621,39.7093,36.1771,33.2394,40.2708,36.8839,38.1459,2843.21,2314.19,36.7025,21.0219,18.3403,39.9377,12,1440,25.4674,26.2305
2021-04-21,-4.78688,16.8273,15.961,13.0129,12.9235,14.9782,16.6306,15.0979,17.3664,361.142,274.511,15.0929,8.62742,7.33359,15.5477,12,1440,1.15339,39.5958,41.0318,37.0287,47.5953,45.4364,40.6046,40.5076,40.5619,2227.34,1693.89,41.346,18.3142,22.7176,39.0727,12,1440,22.4073,22.0147
2021-04-22,-3.97606,39.8654,37.8179,30.2777,26.0734,25.1513,38.8005,38.9418,37.8412,2110.97,2333.65,36.4138,20.2323,17.5856,37.9705,13,1440,1.7195,84.4809,85.2684,79.724,69.8593,67.1933,81.785,83.1716,84.9367,10058.8,9480.02,86.4909,44.7011,40.5673,79.9427,13,1440,51.3624,49.8632
2021-04-23,-1.10066,50.5026,50.0245,40.5807,44.7373,38.5166,52.1948,47.9101,48.8248,5561.31,2821.18,45.4452,28.2442,21.7803,49.2151,12,1440,-1.2822,135.684,126.877,110.673,132.533,105.42,135.503,128.726,137.267,21215.8,29425.8,121.614,69.3857,57.4916,133.704,12,1440,74.0608,72.4718
2021-04-24,-2.1297,19.9302,18.0287,16.527,13.5343,17.2216,19.1714,18.2405,19.2308,353.003,334.894,16.8974,9.1745,8.85424,17.9176,14,1440,-6.72809,50.8163,50.7831,47.7543,44.0643,53.3198,51.6386,50.2402,51.1106,3073.58,2482.66,45.4188,26.8784,23.9047,50.3537,12,1440,27.8914,27.0627
2021-04-26,9.58278,23.8581,26.1912,25.9839,29.9986,28.3638,25.0616,23.0039,22.3115,1813.18,950.916,19.569,8.03579,18.1554,25.4868,11,1440,8.74681,35.9931,41.9109,39.0923,45.1245,36.5792,39.2498,35.9164,34.2714,6386.14,2275.26,29.0575,14.8276,27.0834,40.5392,12,1440,24.845,28.4101
2021-04-27,1.8541,10.1205,9.38992,8.13593,7.75243,6.78117,8.92088,9.42937,9.6988,146.016,95.6538,8.91693,4.22894,5.16098,8.05532,14,1440,5.13815,21.3929,22.5979,19.3221,20.4025,24.1133,21.5141,21.4446,20.794,948.387,331.939,23.4313,9.62974,12.9682,20.9457,12,1440,11.6664,11.644
2021-04-28,-0.301753,13.8255,13.5062,10.4382,9.8757,10.8112,15.2563,13.657,13.2976,969.821,591.56,13.8873,7.63951,5.8667,17.3098,13,1440,3.03327,33.4993,30.7076,28.4215,27.5565,28.9612,31.0133,31.1311,33.6685,1285.9,1183.1,30.6586,14.5737,16.1339,29.1797,12,1440,17.4961,15.9
2021-04-29,-2.38241,11.9733,11.4328,9.51368,9.80659,10.2969,11.3715,11.499,11.2609,177.389,162.187,11.4524,5.73018,5.70265,10.6302,13,1440,0.319693,19.9921,19.3968,18.1298,16.934,17.6357,19.3167,20.4072,20.3166,505.559,582.19,18.7791,10.099,9.29777,18.2845,13,1440,12.8872,12.522
2021-04-30,7.44487,10.0963,10.018,10.2982,11.9915,15.1237,10.4072,9.16875,10.3771,176.119,117.933,8.75054,3.49581,6.52217,10.167,11,1440,0.556294,11.6221,12.314,8.23187,9.40109,7.69473,11.2986,11.3933,11.9789,325.355,248.402,11.1343,5.64464,6.66932,9.1581,13,1440,7.50547,6.56002
2021-05-01,0.183732,7.57915,7.3371,5.92577,5.09228,3.50631,6.94132,7.2789,6.89985,72.7591,62.3914,7.21587,3.44495,3.89216,6.0878,13,1440,6.03101,12.8306,11.3737,8.89623,9.76338,9.14808,12.0614,11.1372,12.118,420.372,160.122,11.521,3.89608,7.47757,12.145,13,1440,6.4688,4.95824
2021-05-02,-2.13712,8.33122,7.3887,5.89582,6.86591,7.98474,7.33429,7.45321,8.19204,155.605,138.941,6.64852,4.17644,3.21226,7.18226,12,1440,0.162529,11.9729,9.9386,8.03897,7.90206,8.63944,10.1341,9.96186,12.3213,190.838,175.32,9.01503,5.23409,4.70451,9.3812,13,1440,8.07049,6.61908
2021-05-03,1.03947,10.9272,10.6864,9.55431,8.8611,11.1686,10.3826,10.7688,10.6853,193.856,192.194,10.7541,5.12794,5.55851,9.76868,12,1440,15.1207,26.658,28.6941,29.7834,29.5504,34.9778,27.4411,28.8297,25.298,1196.71,1240.94,25.8838,9.66579,19.0283,27.7136,11,1440,11.6922,11.6549
2021-05-04,-7.196,28.0567,20.7888,25.1088,20.6429,23.7532,24.538,19.6376,26.6347,868.974,500.884,18.7283,12.9007,7.88815,25.8377,13,1440,-5.75957,96.4289,81.2133,92.486,93.1801,103.126,89.2733,74.5884,99.7195,9491.02,7053.42,80.0924,47.4264,33.7869,94.0112,12,1440,43.1254,35.5101
2021-05-05,7.66146,17.4838,17.0446,15.8702,18.2184,16.7372,16.6724,16.7821,17.0512,414.971,364.792,15.6557,6.8483,10.1963,16.1608,12,1440,8.44028,43.2853,36.7849,39.9886,47.244,55.0736,39.3912,37.666,43.2321,1553.18,1486.48,36.9134,16.2128,20.5721,37.1116,12,1440,20.5465,16.9331
2021-05-06,-1.83161,16.1109,17.3092,13.8454,14.5695,10.2378,16.0592,17.3594,17.505,858.014,433.21,15.6017,9.9274,7.38179,15.2503,12,1440,-0.984612,31.6649,31.4309,30.0802,27.8014,23.6762,29.8693,31.7413,31.8136,1535.29,2311.93,31.8126,16.9374,14.4935,27.9854,12,1440,18.3842,18.6269
2021-05-07,1.62009,15.6806,13.9431,12.8055,10.4385,9.15553,15.0355,13.3463,15.8257,281.104,235.188,13.9415,5.80086,8.1422,15.1034,12,1440,-0.292714,26.9535,22.1865,18.7557,18.2766,11.0891,23.224,22.2348,27.3234,628.628,656.717,22.2648,10.434,11.7525,22.4239,14,1440,16.6243,13.6149
2021-05-08,2.66386,12.3026,13.3766,14.0066,14.1004,12.8864,12.73,13.2978,12.5124,278.01,270.759,11.7681,5.89157,7.48499,12.0604,12,1440,11.6707,29.4369,25.604,28.8709,24.2746,33.7479,27.7269,25.6764,29.9773,1384.57,1462.51,23.4212,8.70114,16.9028,28.9921,12,1440,12.0113,8.4434
2021-05-09,-1.06097,12.4983,11.7948,12.9078,11.2823,14.1647,11.6836,10.6766,12.1811,334.792,190.287,10.3794,6.21211,5.58266,11.2729,12,1440,0.349493,36.1041,31.369,29.8015,27.0197,29.46,31.8371,28.5697,36.5677,1755.98,1170.9,28.5103,15.6223,15.7467,32.0933,13,1440,15.4155,12.5823
2021-05-10,-4.25238,23.7774,27.8165,19.8835,16.5654,21.8194,23.9236,25.3524,22.1858,7663.58,1600.75,24.0352,17.8322,9.98431,22.3081,13,1440,0.55732,77.9481,107.442,53.1762,46.2786,59.5637,88.1966,97.8611,80.1633,231309,47576.4,83.8177,70.9405,36.5017,76.7663,13,1440,33.3024,44.7645
2021-05-11,1.51822,16.923,16.2839,16.9736,21.3894,13.2634,15.6214,17.3744,17.4486,284.012,396.963,17.4104,8.04337,8.24054,14.9044,13,1440,5.6071,43.5468,44.5343,46.5459,59.3839,33.2439,41.7958,47.4677,45.3179,2262.61,2908.67,45.8581,20.4955,24.0388,40.5218,13,1440,22.4848,21.8801
2021-05-12,-13.2623,42.3749,41.9948,43.4139,46.943,63.3435,44.4182,38.1709,42.1239,11145.4,3360.14,31.6333,30.926,11.0688,45.9587,11,1440,-8.76526,84.8625,86.9158,99.7522,100.521,147.001,90.7426,80.7002,82.1986,17155.6,11332.2,83.8569,53.6583,33.2576,95.3909,11,1440,52.364,52.2686
2021-05-13,0.0798572,84.9506,109.29,67.6165,51.7456,31.1532,83.2259,110.509,84.1975,91686.2,57925.4,101.655,58.6398,50.6499,82.9852,13,1440,-2.79287,162.159,210.104,126.153,137.855,93.3336,161.058,235.179,161.669,240838,379322,209.805,98.1253,111.979,148.367,13,1440,101.766,137.154
2021-05-14,0.342631,17.9322,19.2877,17.5,16.7509,18.409,18.1398,19.0377,18.716,516.374,407.954,18.3448,9.1385,10.1492,16.4788,12,1440,9.17115,38.3906,43.9997,38.5739,32.8119,33.8883,40.1106,42.8597,39.8625,2274.16,1735.22,40.5111,18.7358,25.2639,39.0854,11,1440,20.9423,24.2637
2021-05-15,-6.37549,34.4396,32.6009,28.1665,31.9846,29.0039,33.3368,33.1878,36.1809,1369.05,1645.37,31.5022,18.2215,14.3794,30.0229,12,1440,-11.1056,54.5915,54.358,47.9346,49.0237,39.7033,52.5781,57.2319,56.3319,3234.16,4408.86,54.7084,31.391,22.967,50.3437,12,1440,38.4005,38.155
2021-05-16,-0.711397,55.2932,51.7809,48.423,38.6498,50.837,54.7288,47.353,54.7384,5281.25,3479.82,46.0867,24.8289,26.9521,52.1391,12,1440,-1.78679,79.279,73.629,74.2892,66.3316,72.3138,81.2747,78.2707,78.6168,7570.05,10504.3,81.0915,35.2779,38.3511,81.3986,11,1440,57.9354,53.7617
2021-05-17,-6.43431,76.9297,73.8798,75.8836,65.4519,73.0575,84.2423,66.6766,79.0581,20924.3,5706.64,66.645,32.8792,41.0006,86.1314,12,1440,-8.73408,111.912,109.014,118.369,116.117,142.047,125.958,103.197,119.632,18747.8,14214.6,108.001,56.4123,52.6021,130.813,12,1440,81.5143,80.705
2021-05-18,-1.59345,45.3423,44.8403,37.0322,29.0278,27.3367,44.2257,43.9388,44.6907,3160.07,2363.52,41.6564,22.6425,22.1977,39.3999,13,1440,2.78077,65.7287,71.9989,65.1749,58.2236,56.0114,72.661,67.7904,65.9185,7455.91,5576.69,65.4254,34.8005,37.1983,71.7216,12,1440,48.589,51.2745
2021-05-19,-15.5194,459.133,704.393,464.288,307.867,269.982,463.928,859.909,484.176,2.92503e+06,8.26959e+06,812.827,364.523,339.87,417.965,15,1440,-32.4861,1111.51,1639.69,823.126,540.353,532.38,1141.71,1850.92,1141.89,2.17918e+07,4.09642e+07,2212.91,810.215,829.48,892.549,17,1440,588.455,1004.18
2021-05-20,9.94528,142.359,132.999,180.329,129.221,87.2101,137.951,119.674,139.066,44638.4,17261.5,103.739,55.7273,77.2717,138.336,12,1440,12.6794,324.871,297.284,441.012,289.283,260.092,318.231,287.725,332.86,144693,123115,292.583,148.741,148.542,324.355,12,1440,192.43,178.358
2021-05-21,-8.42536,170.435,178.339,142.077,123.859,141.653,169.129,190.972,166.467,118438,98148.8,184.44,92.8788,85.4605,161.774,10,1440,-13.0055,263.535,292.843,252.694,222.893,235.459,257.672,315.004,258.491,237166,239036,347.103,155.156,137.687,255.287,10,1440,191.214,215.218
2021-05-22,0.52936,76.724,72.448,71.5102,58.3171,29.888,75.3879,59.5698,74.2792,10554.4,3842.95,54.2059,31.4968,40.9512,68.9298,12,1440,-5.76183,151.945,143.882,163.415,153.908,112.451,154.924,134.907,147.896,23928,19760.8,137.572,74.4894,69.3926,156.713,11,1440,95.2668,91.7733
2021-05-23,-7.75503,160.539,170.122,144.101,107.964,85.3575,149.808,180.952,160.775,53800.2,108766,165.688,90.7345,79.388,138.703,13,1440,-9.04594,291.522,340.425,344.771,264.722,238.092,298.597,336.597,282.649,235434,286371,331.646,173.27,167.155,302.648,12,1440,195.915,224.238
2021-05-24,11.2875,75.5278,92.2701,72.3964,55.3353,56.1676,78.1566,74.4616,75.0092,28883,5039.26,65.8078,36.7413,55.5288,74.1967,12,1440,23.375,154.947,185.877,163.813,133.757,130.399,164.163,175.695,154.314,37574.1,29110.9,170.462,80.6598,105.217,162.516,11,1440,93.0379,115.852
2021-05-25,-1.22295,49.7762,51.0081,39.3405,36.7807,36.3693,47.6553,49.0463,48.8692,4447.99,2370.7,50.6195,24.0575,26.9506,41.8275,13,1440,2.11756,126.224,152.971,126.132,130.707,117.32,140.14,156.616,124.021,25322.5,23685.4,157.932,74.1867,78.7842,136.92,12,1440,69.5431,80.4925
2021-05-26,2.36502,31.9045,34.4218,28.7647,35.2021,34.9045,30.141,36.6725,30.1696,1666.31,1339,32.4907,18.1712,16.2506,28.6374,12,1440,6.43615,68.4855,78.5879,63.2309,84.6274,69.8478,68.3174,76.7123,66.6799,7521.2,5895.18,72.4488,39.5202,39.0677,64.225,12,1440,38.786,45.5995
2021-05-27,-1.83087,31.1357,35.0862,27.4524,32.6324,29.4881,31.3411,37.0125,29.9523,1330.19,1545.81,36.19,17.874,17.2122,29.0124,12,1440,-5.07326,54.4905,64.3404,46.9733,59.4189,54.6912,53.6965,71.0097,56.1679,4368.28,7175.35,74.4898,34.7021,29.6383,50.6686,11,1440,35.4139,43.5296
2021-05-28,-7.73092,54.0875,60.7992,55.7131,51.3415,47.1014,54.506,59.7263,52.6595,6250.65,4792.87,57.2125,32.6515,28.1477,55.1409,12,1440,-12.8274,84.1467,95.8593,88.6188,105.476,90.4019,86.7571,93.4566,82.5017,16337,13004.7,91.3703,52.2285,43.6308,86.2027,13,1440,59.7503,70.4711
2021-05-29,-3.0125,53.3018,52.7063,43.9024,52.0796,37.2396,49.4498,51.4524,51.3913,4238.14,3037.11,48.353,25.9865,26.7198,46.9381,12,1440,-5.68751,76.6974,88.6116,69.6609,83.2047,72.1845,73.262,88.4414,74.827,10279.4,8770.99,86.3953,40.7284,47.8833,70.1608,12,1440,57.7503,62.609
2021-05-30,2.95017,23.5038,26.399,21.3149,23.8587,26.3013,23.2182,26.8779,22.9245,816.331,825.507,26.666,13.2546,13.1444,21.6497,12,1440,4.59873,49.3383,58.9466,50.1062,50.3409,56.4968,49.733,59.652,49.851,3776.52,4023.79,57.5751,28.8704,30.0761,47.5535,12,1440,29.1603,35.9692
2021-05-31,4.425,24.5637,27.6076,24.8969,22.4217,23.1544,24.7251,24.2848,22.7151,1535.56,775.935,24.4952,12.0771,15.5305,24.3493,12,1440,12.5917,47.4484,54.8692,45.3256,48.3383,57.8851,49.2623,53.5877,47.4565,2927.57,2904.39,54.6499,23.052,31.8171,48.4448,12,1440,28.3589,33.6108
2021-06-01,-1.51658,26.5009,26.847,28.6798,19.7002,25.4244,26.3833,25.5389,24.3434,1458.24,721.182,24.5085,12.6908,14.1562,26.9463,12,1440,-2.6807,47.9425,49.4216,48.5269,42.449,56.45,48.1441,48.9751,45.563,3267.82,2339.74,46.1507,24.9906,24.4309,47.0551,12,1440,31.1471,32.6999
2021-06-02,2.35823,14.5743,12.4825,12.7031,9.96792,7.46215,12.9218,11.315,13.2711,264.517,165.311,11.0145,5.46298,7.01954,11.7404,14,1440,2.68328,27.8629,25.9421,27.1235,23.5381,19.6691,26.8287,26.4162,26.9959,1040.06,904.402,24.8912,12.5358,13.4063,24.8369,13,1440,16.9344,15.3834
2021-06-03,4.36989,12.2643,12.5128,11.5367,10.8445,14.3475,12.6961,11.3037,11.68,270.887,152.549,10.5899,5.86038,6.65241,11.784,13,1440,5.43068,26.1483,27.7812,22.2575,21.8141,28.6039,27.1621,25.6099,26.3024,1075.15,701.782,22.7681,14.1479,13.6333,25.17,13,1440,14.8613,16.0882
2021-06-04,-6.35841,25.5999,25.9801,30.632,29.762,16.9034,26.4873,26.7629,24.613,1187.96,1208.43,26.8217,16.0074,9.97277,27.9505,11,1440,-6.05006,41.7453,43.053,44.0293,45.5133,27.4013,44.0235,43.8621,40.988,3483.64,2502.54,41.4698,26.3857,16.6674,46.1093,11,1440,28.4332,30.1109
2021-06-05,-3.63811,27.2162,26.7612,25.3146,30.8952,38.1231,25.6093,21.5765,27.882,4997.53,1109.47,18.8712,17.1796,9.58161,25.8179,12,1440,-2.32387,41.9229,36.7589,32.2414,41.7935,52.9442,36.0995,33.0648,42.4784,4216.82,2273.44,28.0157,20.5569,16.2021,35.2874,13,1440,30.5948,28.9222
2021-06-06,0.794036,12.908,11.5631,9.69031,9.52155,10.9856,10.9558,10.2486,12.6165,265.682,144.602,9.02247,5.9403,5.62284,10.4042,13,1440,3.15365,18.2689,16.8737,16.343,15.221,19.6349,15.9002,16.2127,17.7032,395.578,321.458,15.2921,8.06003,8.81371,15.723,12,1440,13.4611,12.4217
2021-06-07,-6.47248,27.4286,18.8429,16.7804,20.5077,23.093,26.0932,14.7852,23.0451,2461.05,259.014,11.7183,11.5467,7.29614,21.5629,14,1440,-4.52078,35.9471,29.5112,23.9412,27.1704,32.4894,35.1832,25.7976,34.679,2238.1,945.989,24.6809,16.7318,12.7795,30.7349,13,1440,27.1302,20.1685
2021-06-08,-0.513884,36.1006,35.4948,28.0521,28.3742,30.6171,36.0892,30.5844,34.9057,2709,1207.54,30.246,18.2471,17.2477,38.1534,12,1440,-3.32705,58.5956,62.328,51.215,61.9183,59.452,61.997,58.0137,58.1342,10916.5,5095.82,55.6644,35.2515,27.0765,64.5151,11,1440,40.4745,42.8283
2021-06-09,11.337,38.2879,47.9601,37.4835,47.4939,47.364,42.819,32.5552,35.8238,16534.6,938.084,33.2566,15.0835,32.8766,42.2938,11,1440,4.02406,44.8943,54.2018,43.8125,46.8048,48.974,47.8692,38.9092,46.1035,13963.5,1937.59,44.3855,22.7514,31.4504,46.9689,11,1440,35.5359,45.2949
2021-06-10,-1.92362,30.6095,36.0875,28.8828,31.1934,21.7416,31.9732,29.4498,29.6599,7274.29,1292.93,26.4891,17.8421,18.2454,30.6976,12,1440,-5.47598,24.8787,24.1134,18.7661,22.0273,14.2132,23.0715,21.9237,24.475,1445.97,795.775,19.3245,12.9742,11.1392,20.4972,13,1440,23.8264,25.7587
2021-06-11,1.77354,20.9277,19.8871,16.4137,16.3796,13.8638,19.8191,17.869,18.7831,802.15,356.879,15.0532,8.41882,11.4683,19.1727,13,1440,-4.85391,23.6915,21.5169,19.1864,23.3514,20.1286,21.3622,21.307,22.9387,503.276,403.701,21.866,10.9402,10.5767,21.5234,13,1440,19.0887,18.2323
2021-06-12,-4.90196,20.1812,21.635,19.3946,17.8946,17.3157,20.1434,21.4738,19.2744,1000.72,745.95,18.6365,10.9794,10.6556,20.7621,11,1440,0.708189,26.5099,29.5952,22.8412,20.9174,27.1856,27.5191,29.4817,26.7698,1828.84,817.269,27.9646,12.9214,16.6738,28.7608,11,1440,19.6217,21.6757
2021-06-13,9.32582,18.6741,20.2342,24.8922,23.9728,35.302,19.9661,18.3735,16.5106,2556.87,441.683,18.7682,5.14128,15.0929,22.5389,11,1440,5.68136,21.8232,21.6621,21.2718,24.4302,34.1852,20.6843,18.9867,19.6473,1092.19,303.629,18.6892,8.00441,13.6577,22.1537,12,1440,16.4781,17.5998
2021-06-14,3.76152,18.9304,19.4968,18.3688,15.7313,15.9926,19.963,15.976,17.3273,1129.81,323.176,14.2099,7.56854,11.9282,20.4417,11,1440,2.8072,15.9331,14.8681,14.8007,12.7652,15.0748,15.0405,13.2075,15.7748,426.366,226.968,12.7203,6.44251,8.42562,14.5257,12,1440,14.3305,14.1766
2021-06-15,-0.923013,15.3308,15.476,15.6709,14.2379,12.4825,16.4557,14.9778,13.7934,475.662,254.847,13.0477,7.64342,7.8326,15.7527,12,1440,-1.4531,15.0068,15.6685,15.32,15.6564,16.3897,15.88,14.784,14.8184,491.045,250.923,13.5755,7.49046,8.178,15.1274,12,1440,12.4967,13.3702
2021-06-16,-4.57453,25.262,15.6019,15.1276,13.7772,10.4144,20.5952,13.7919,23.1665,662.028,357.888,12.9225,8.02659,7.57529,16.4381,16,1440,-7.15575,26.9576,16.3959,14.0721,13.4667,11.5428,20.1513,15.0854,25.428,445.139,298.228,15.7609,9.26308,7.13284,15.742,16,1440,23.1505,13.7817
2021-06-17,-0.669896,13.0441,12.0387,8.91767,9.0484,11.4055,12.1202,10.1655,12.0269,247.5,112.893,9.14166,5.94773,6.09096,11.6387,13,1440,0.22737,16.3782,15.7141,13.6321,15.896,19.5492,16.0088,15.098,15.4689,340.375,302.456,13.9576,7.20499,8.50914,15.2603,12,1440,12.0574,11.4857
2021-06-18,-6.15278,17.1596,18.7965,15.6292,15.6816,17.9751,18.3762,17.9618,17.1062,541.325,395.344,17.1617,11.0978,7.69872,18.8632,10,1440,-6.0439,26.172,26.0338,21.7459,23.8927,30.0815,25.1191,24.1591,25.1742,1174.11,945.705,21.7542,14.7548,11.279,24.7795,11,1440,18.1159,19.6682
2021-06-19,-0.942793,17.1643,16.8403,13.3639,14.8068,13.4768,17.0683,16.8787,15.7954,427.926,342.196,15.3352,8.37696,8.46331,16.5512,12,1440,-3.15661,19.0322,18.0183,14.5853,18.5136,16.0555,18.3785,17.7955,18.3671,522.876,343.762,17.0483,9.36616,8.65212,18.3427,12,1440,15.5164,15.0085
2021-06-20,0.327613,23.3831,18.5073,17.01,21.9299,17.6146,21.7472,17.0208,22.0021,623.716,280.184,16.5506,9.7779,8.72942,20.4295,13,1440,3.57558,27.3155,24.6867,26.8163,30.5678,30.0946,27.444,22.6099,27.6542,1793.78,637.186,19.8798,9.98271,14.704,27.3993,12,1440,22.0243,18.551
2021-06-21,-11.891,76.3105,76.8935,66.1349,64.3065,63.3902,79.6348,76.2087,74.3119,18430.4,26554.6,69.8826,42.0748,34.8187,67.8386,13,1440,-17.3836,97.864,105.049,113.443,104.711,90.8318,105.176,105.457,101.004,20636.5,30889.3,100.166,59.3571,45.6915,100.329,12,1440,77.7286,83.4535
2021-06-22,2.80945,80.7318,79.3082,80.9789,75.7279,94.2842,80.6847,73.9208,77.4265,10951.1,9991.43,68.245,36.2389,43.0693,73.4332,12,1440,-0.329901,97.6658,93.0469,99.042,90.5159,113.034,94.9949,95.7693,99.3437,10283.2,14106.7,98.3579,43.3906,49.6563,86.5447,12,1440,79.6956,77.5289
2021-06-23,3.53127,40.1754,39.6033,46.7105,36.5481,28.612,40.3917,41.6699,37.5717,3024.05,3992.83,38.2661,16.4786,23.1247,40.4953,11,1440,4.62002,46.1022,44.7099,54.1907,53.5717,42.1308,44.1938,47.7378,45.5433,3312.6,4119.06,44.3107,18.4503,26.2596,45.8478,11,1440,38.6343,38.7898
2021-06-24,2.88285,21.0094,21.384,16.8204,20.0947,19.4048,19.3697,21.845,20.3854,517.604,500.524,20.439,9.45229,11.9317,19.4338,12,1440,1.08045,22.4102,23.6177,19.7725,24.9465,18.4371,20.7292,22.5779,22.267,715.265,733.091,22.8304,10.7372,12.8804,20.9112,12,1440,19.5467,20.5346
2021-06-25,-9.30105,35.593,37.9179,39.6639,28.9001,18.5429,37.3398,39.9843,36.7761,1590.58,1977.34,38.9133,21.9639,15.954,36.4514,11,1440,-9.52187,42.4805,44.369,44.7525,41.0991,25.8937,42.5826,46.1933,42.2773,2233.8,2397.33,43.1048,24.7188,19.6502,42.1165,12,1440,34.6857,36.8335
2021-06-26,2.1896,43.4468,41.191,39.5188,42.9454,41.3309,45.2226,41.89,41.8491,2038.69,2238.18,39.136,19.6506,21.5404,42.7066,11,1440,1.14445,41.5409,38.5181,42.158,45.9484,44.9828,42.4791,40.2326,40.1285,1688.48,1826.87,37.9949,18.1274,20.3907,40.1457,11,1440,37.7156,36.0205
2021-06-27,7.21886,27.8475,27.0271,28.032,32.3336,33.9471,27.5902,25.311,26.2504,974.352,1019.38,24.9498,10.4917,16.5353,29.1381,12,1440,8.01285,26.7278,29.8125,32.453,46.1002,54.2398,29.2835,26.7429,25.9432,2682.59,1309.34,25.6778,10.2355,19.577,32.3076,11,1440,23.1165,24.476
2021-06-28,-0.593829,18.2405,14.7283,12.9037,12.6654,14.4754,16.1586,13.4253,17.1588,285.476,187.563,12.3883,7.6475,7.0808,14.0363,13,1440,5.02381,34.6238,33.0524,29.477,28.9907,39.7376,35.1442,32.2135,32.662,2027.74,1286.2,28.8053,13.7148,19.3377,35.5108,12,1440,20.1705,17.5111
2021-06-29,4.02528,17.5925,16.5881,12.9535,13.3048,14.9423,16.468,15.706,15.2996,526.653,300.413,13.7822,7.30663,9.28145,14.888,12,1440,3.80869,25.4842,22.8473,22.6567,24.8079,31.2236,24.2112,23.7535,24.2711,558.108,601.995,22.4205,10.8217,12.0255,23.7376,12,1440,17.7999,16.4125
2021-06-30,-2.4431,16.6662,15.9674,16.9124,16.1265,15.5254,15.2497,14.5272,14.9683,490.468,214.497,13.4435,8.61339,7.35404,15.2128,12,1440,4.97061,29.9878,31.2666,33.5945,35.0098,34.0312,30.0364,28.2288,29.0738,1614.23,824.878,26.7843,13.2549,18.0117,29.9936,11,1440,18.4776,19.065
2021-07-01,-4.49475,18.0431,20.1182,17.3753,15.8586,19.2953,16.8174,15.4367,15.669,1408.19,265.822,13.8185,11.9509,8.16729,16.0937,12,1440,-7.72938,31.3779,34.2547,29.1983,26.5647,32.2802,29.3224,27.5296,29.3104,2848,729.409,24.3417,19.7983,14.4564,28.7159,12,1440,20.2253,23.4375
2021-07-02,0.837737,14.1583,12.1048,10.5629,11.1278,12.138,12.8096,11.0806,13.3982,209.488,126.55,9.91791,5.9329,6.17193,12.077,13,1440,2.24019,23.806,22.4712,21.6001,23.5787,31.9692,23.3552,21.3689,22.8926,599.313,590.954,18.8758,10.5532,11.918,23.2192,12,1440,15.5238,13.8149
2021-07-03,2.57869,7.53845,7.0527,8.16008,7.08287,8.41429,7.40053,6.9474,6.89237,123.64,89.3798,6.16678,3.39684,3.65586,7.43122,12,1440,3.3264,13.7475,14.2575,13.0973,12.2682,13.5301,13.5001,12.9394,13.4092,845.478,201.317,10.5679,7.43645,6.82108,13.2439,12,1440,8.25309,8.57108
2021-07-04,1.76511,5.42306,5.10082,5.59182,6.64444,7.05116,5.45327,4.54051,4.68772,86.0572,25.0288,4.20868,2.29518,2.80564,5.41722,12,1440,4.20751,14.6697,15.0524,17.614,21.6979,22.9171,15.4433,12.4433,11.8532,1218.04,210.124,10.6837,6.81003,8.24237,15.5923,11,1440,6.83634,7.30103
2021-07-05,-4.62955,12.433,12.764,14.7877,13.0793,17.3445,12.3159,12.2256,11.0765,350.312,322.323,11.624,8.04956,4.71439,13.0345,11,1440,-5.58472,23.8887,26.3989,29.4116,27.2649,38.6176,25.9415,25.4865,23.3979,1335.74,1729.33,27.3128,16.2282,10.1707,27.9707,11,1440,14.5064,15.4675
2021-07-06,1.56053,14.3203,15.734,15.4544,16.0977,16.4375,14.7318,15.5646,13.1333,683.563,404.789,14.4996,7.97747,7.75652,14.6825,11,1440,5.57653,24.5521,27.2376,25.9226,31.2322,32.7143,26.3596,25.1413,24.1188,2378.51,1294.59,22.8168,12.7585,14.4791,27.0163,11,1440,15.9285,18.3628
2021-07-07,-1.05136,8.18691,8.19748,5.50311,3.95483,3.74613,7.56792,7.76955,7.93982,94.254,58.8207,7.79828,4.20764,3.98984,6.43049,13,1440,-0.255655,15.5241,16.0186,12.6054,8.73983,9.6109,15.1462,15.2387,14.2688,644.67,255.011,13.0159,7.74117,8.27743,13.666,13,1440,9.21698,9.55307
2021-07-08,-2.95629,14.8841,15.1653,14.9026,12.7775,12.8127,13.6556,14.8931,13.9933,566.646,357.801,14.0827,8.33698,6.82828,12.7816,12,1440,-9.04042,23.3028,22.8564,23.8428,18.611,17.1701,21.5357,22.0428,22.7332,853.786,442.098,21.6785,14.0049,8.85144,20.7716,11,1440,15.4883,16.1318
2021-07-09,2.81944,8.75585,8.24906,7.31768,6.75357,8.04589,8.64908,8.72148,8.19211,103.183,86.0703,7.8291,3.8001,4.44895,8.37833,13,1440,1.43834,21.5174,23.2995,21.7943,21.4693,23.0386,22.4744,23.3939,21.1018,687.785,606.108,21.2317,11.0304,12.2691,22.4777,12,1440,11.6378,12.1475
2021-07-10,-0.929734,6.33682,6.55218,6.53635,7.36209,6.80999,6.42158,6.61586,6.32888,88.6341,75.6976,6.02231,3.50482,3.04736,6.54628,12,1440,-1.7052,16.0005,16.2107,16.063,18.3865,17.4582,15.7014,14.612,16.1938,644.353,263.115,13.1307,8.58541,7.62534,16.1735,12,1440,8.6391,8.99788
2021-07-11,2.23179,5.91252,5.14355,4.56127,3.72701,5.60649,5.26539,4.7818,5.22959,84.8968,41.0788,4.33377,1.89687,3.24668,5.37102,12,1440,1.40012,10.0109,8.56274,8.58655,5.45224,6.5739,9.64544,8.17173,9.86912,131.868,89.0194,8.11169,3.76247,4.80027,9.07066,13,1440,6.20304,5.67033
2021-07-12,-3.48197,7.60328,6.85436,5.01346,4.26415,3.72284,7.00626,7.01133,7.50787,66.861,71.3324,6.36248,3.92598,2.92837,6.28245,14,1440,-5.22023,12.8186,11.7583,7.75167,6.83514,8.73801,12.0161,10.6443,12.5948,403.792,163.101,10.1936,7.26949,4.48881,9.98737,16,1440,8.36883,7.68173
2021-07-13,-1.08442,7.28127,7.35745,6.8843,7.72646,9.09699,7.434,6.86665,6.93331,87.1359,57.7705,6.84991,3.82606,3.53139,7.15662,12,1440,-4.60485,16.816,16.5196,14.2309,15.6313,19.8375,17.2502,15.8909,16.3273,386.194,320.177,15.4998,9.64052,6.87904,15.9916,13,1440,9.30228,9.24501
2021-07-14,0.275363,11.3706,12.0382,13.1528,13.7106,12.9143,12.2067,8.62431,10.4454,1137.13,89.4863,6.79963,5.96671,6.07151,11.8847,11,1440,2.76682,22.6852,26.3911,25.7927,29.6817,32.1514,24.8095,20.0941,23.1514,3795.96,408.258,18.1626,10.3383,16.0529,23.7204,11,1440,13.6801,15.9205
2021-07-15,-2.90598,10.7696,11.5629,10.0018,5.34461,7.6455,9.56156,10.4063,10.6475,342.09,134.398,10.6207,6.1067,5.45615,9.0142,12,1440,-3.83636,24.8198,25.835,22.4601,12.1279,11.8208,22.0096,25.4164,25.3372,1306.34,1143.95,24.7706,13.1649,12.67,20.5016,13,1440,14.2889,15.5469
2021-07-16,-1.56848,9.69061,9.66976,9.30787,6.5016,8.92397,9.32262,9.91959,8.50626,195.164,165.344,9.16106,4.50625,5.16351,8.71877,13,1440,-2.27895,20.3672,18.8793,16.7644,13.022,17.5755,18.9957,17.5318,18.5459,672.136,375.687,16.5256,9.10777,9.77153,17.4383,13,1440,12.1666,11.8041
2021-07-17,0.433042,7.59687,6.75903,9.23432,7.33156,4.23599,7.55451,6.31422,7.0931,110.313,61.6718,6.07743,2.91977,3.83926,7.21226,13,1440,1.23576,14.1816,12.9526,14.5053,14.0804,11.3326,14.3657,12.6098,14.0944,314.591,204.983,11.726,5.26316,7.68944,13.3611,13,1440,8.75429,7.91659
2021-07-18,0.816736,5.91018,5.34452,5.1792,5.59403,6.68411,6.14988,5.24245,5.48427,66.6934,46.6246,5.02144,2.60828,2.73625,6.34046,13,1440,-0.41939,15.1063,14.9826,15.7152,20.0115,23.7111,15.1551,14.6099,14.4599,617.299,367.459,13.5072,7.60599,7.37659,16.5397,12,1440,7.27214,7.23408
2021-07-19,-2.99906,7.62388,6.42559,5.65281,5.96314,6.1466,6.80184,5.03724,6.75493,256.157,29.2671,4.51536,4.03663,2.38896,6.26019,12,1440,-3.93057,13.3327,13.5996,12.3763,12.3997,11.1693,13.1385,10.6139,12.8373,999.623,122.542,10.1553,8.28731,5.31229,12.9754,11,1440,8.53852,8.30583
2021-07-20,-3.46167,12.2456,11.5114,9.68296,10.3209,11.1714,11.6753,10.3157,10.9459,712.787,188.199,8.69404,7.02549,4.48595,10.6565,13,1440,-1.81432,25.3118,23.9529,20.676,23.879,25.3598,23.3093,18.4909,22.608,2342.02,449.626,15.6178,11.8349,12.118,20.2046,13,1440,14.898,13.7174
2021-07-21,7.60572,19.5669,18.1615,20.2444,15.5571,16.0223,18.5157,14.5212,18.2642,1494.97,499.98,13.1207,5.81616,12.3453,17.242,12,1440,11.0899,30.195,27.8816,28.7496,28.189,26.8595,28.7063,24.4307,29.2237,4113.32,1373.85,22.5793,9.62266,18.2589,27.1442,12,1440,20.4297,18.9225
2021-07-22,0.44487,8.5102,8.9015,9.26509,7.6825,4.52014,7.70278,8.31214,8.07738,165.359,79.1845,8.11324,4.35347,4.54803,7.42509,14,1440,1.44577,20.0827,21.3503,25.0255,28.4439,14.7,19.4398,21.2564,19.6823,819.346,768.671,19.8727,9.77752,11.5728,19.1831,13,1440,11.0155,12.0065
2021-07-23,4.08498,6.29578,6.39593,6.56781,8.06868,8.65784,6.0808,6.37449,6.00585,68.0947,71.1395,5.5457,2.47829,3.91764,5.86026,12,1440,4.80664,13.3048,13.658,11.9186,15.3165,16.983,12.2834,12.554,12.8614,344.312,181.795,12.1362,5.3496,8.30844,11.8107,12,1440,7.42141,7.70942
2021-07-24,1.83841,6.21353,5.96477,6.41319,6.18762,6.68506,5.21568,6.17845,6.19852,56.3622,51.4,5.76323,2.9414,3.02337,4.98674,13,1440,2.80826,12.6741,11.4619,11.7995,10.6854,11.1864,11.1841,11.1358,11.8767,175.451,154.445,10.4695,5.28758,6.17435,10.7666,13,1440,7.31943,7.03072
2021-07-25,3.22513,8.20495,7.8579,7.04861,7.37646,7.90402,7.91377,7.56243,7.55168,84.421,68.2354,7.34667,3.62419,4.2337,8.29293,13,1440,0.230424,12.9565,11.7205,10.3691,11.2798,10.1467,11.5227,10.9768,13.1419,185.091,118.489,11.1029,5.9878,5.73268,11.6426,13,1440,8.84232,8.13352
2021-07-26,5.11435,72.6016,79.5663,61.9695,62.1364,64.3958,90.0425,71.7274,64.2671,91355.2,28487.1,52.2981,27.6169,51.9494,87.0324,13,1440,1.73346,46.243,50.7061,47.7226,54.7035,44.3645,50.1806,49.677,44.5876,7309.88,5912.84,45.9546,27.3265,23.3797,46.4721,12,1440,49.4755,53.6196
2021-07-27,5.79145,21.9492,25.5339,24.1334,19.9107,16.8657,22.7167,24.2109,21.6676,954.873,724.892,23.6624,11.8229,13.711,22.8832,11,1440,3.15471,28.4308,32.6149,34.3329,26.1503,26.8126,28.8099,29.6727,29.2208,2033.69,1098.34,26.1833,16.8616,15.7533,29.5406,11,1440,22.0997,26.2073
2021-07-28,1.41348,26.7047,28.5685,25.1251,31.0266,47.559,27.4265,26.4542,24.5345,1492.42,686.179,24.3317,15.3247,13.2438,27.189,12,1440,0.0612992,22.814,24.9556,21.6685,21.4693,30.57,23.4173,24.6899,22.1149,1412.43,712.13,22.671,14.2643,10.6913,22.0172,13,1440,21.9629,23.7429
2021-07-29,-0.00769653,12.7271,10.1918,9.81139,10.1196,8.14619,11.584,9.93282,12.3878,160.71,122.505,9.36295,4.93559,5.25616,9.45638,15,1440,3.50263,11.8997,9.86781,9.35915,11.678,10.1248,10.5475,9.93711,11.212,196.432,148.272,9.16962,4.03592,5.83189,9.99357,12,1440,10.3205,8.34839
2021-07-30,5.32798,20.9123,16.4366,16.2311,18.4619,22.2211,16.7938,12.1606,18.6981,1316.37,285.66,11.7034,6.70183,9.7348,16.2983,13,1440,3.25702,17.9979,15.8069,15.2624,16.933,17.4377,16.256,15.0967,18.0628,408.748,255.172,14.502,7.42181,8.38508,15.3569,13,1440,15.1124,12.8961
2021-07-31,-1.77979,9.62276,9.47029,7.23876,6.35884,5.19956,9.57885,8.57141,9.13752,175.986,122.347,7.78994,5.29818,4.17211,9.47651,12,1440,2.77374,11.8527,11.0002,9.83266,9.22034,9.04431,10.6331,10.0064,11.1638,254.243,138.326,9.4752,5.63278,5.36743,10.6417,13,1440,8.63573,8.63307
2021-08-01,-3.97653,14.0063,14.0301,11.8342,10.6084,10.8481,13.0359,13.4119,14.2766,461.671,299.786,11.6482,8.12999,5.9001,13.3495,11,1440,0.968801,21.9735,23.8562,25.6034,23.1792,21.2023,22.2029,23.9306,21.6279,1482.67,871.548,21.7383,13.1425,10.7137,23.8144,11,1440,14.8971,15.7545
2021-08-02,-1.76632,12.0889,11.0086,10.9692,9.92389,10.3237,10.9367,11.1437,11.9557,222.989,212.912,10.6636,5.77365,5.23496,10.7184,14,1440,1.9851,19.658,18.891,19.2727,21.5835,20.6102,18.3766,18.9043,20.0163,505.653,475.814,18.8932,8.49108,10.3999,18.7016,13,1440,13.0115,12.2542
2021-08-03,-2.43247,16.0963,17.045,12.1908,8.52813,6.9398,16.3913,16.0649,14.7419,1484.8,826.884,15.6719,9.85801,7.18698,15.8972,13,1440,-3.82731,24.1113,26.269,24.0048,20.4228,17.0063,25.0152,26.5997,23.077,1548.95,1876.23,26.2035,14.9689,11.3,24.362,13,1440,16.5902,17.7625
2021-08-04,3.89148,9.64136,8.95142,8.08506,6.78249,6.32508,9.5074,9.29559,9.09498,85.4329,89.3546,8.53852,3.74201,5.20941,9.07193,13,1440,8.24875,22.3622,21.0164,20.8148,20.9754,21.2664,22.7154,22.4975,21.8684,599.918,788.589,22.0786,8.5153,12.5011,22.1311,12,1440,11.7235,10.8065
2021-08-05,2.82769,19.6252,21.1675,17.2973,21.6073,22.886,22.2078,21.0046,19.7192,697.241,609.813,19.3039,9.57644,11.5911,23.1826,11,1440,3.68249,44.6596,48.093,44.5952,36.293,42.8736,47.8757,37.4538,42.8669,15159.5,2747.4,34.685,19.8559,28.237,48.0921,12,1440,22.7452,24.0905
2021-08-06,4.71874,19.8608,21.2749,16.5644,18.0714,25.5723,22.3057,18.87,19.4745,1270.62,455.559,17.3246,7.66086,13.614,22.7353,12,1440,2.25905,20.0199,20.0521,13.69,18.4024,20.3232,20.3977,18.8884,18.5638,767.205,409.043,17.0573,8.74896,11.3032,19.1962,12,1440,16.3596,17.3334
2021-08-07,3.97188,18.1439,20.7754,21.2969,24.6302,11.0286,19.5498,17.1889,17.1679,1176.91,344.123,14.4835,9.64213,11.1333,18.733,11,1440,8.88671,29.0075,30.8322,33.0708,39.1041,19.6483,30.4954,27.822,28.1346,1848.42,932.052,24.9672,13.9718,16.8604,30.7641,10,1440,19.274,21.4232
2021-08-08,-1.76127,18.326,15.8372,12.6702,12.6123,12.6839,17.5534,16.2208,17.8491,286.955,292.737,15.0997,8.84999,6.98722,14.8092,13,1440,-4.81156,29.2317,26.5662,21.8909,20.8788,23.7516,28.0049,25.6579,29.099,905.059,768.515,25.0079,14.5525,12.0137,23.642,13,1440,20.4198,18.2922
2021-08-09,5.46297,22.0156,22.0753,20.8746,21.4496,18.4872,21.5123,17.855,19.0962,1477.71,442.848,14.8417,9.11091,12.9643,20.7951,12,1440,4.81821,30.0198,28.3149,30.6198,34.1087,37.8012,30.6892,25.4253,27.8277,1373.68,726.575,22.7172,13.0101,15.3047,30.8601,12,1440,21.8921,21.7277
2021-08-10,-1.45565,12.145,11.1021,9.78166,9.71333,8.91168,12.4826,11.4091,11.9953,155.417,133.176,10.6852,6.143,4.95911,11.1123,14,1440,-0.598525,23.5631,24.1831,17.501,16.8993,14.6196,26.3878,22.3972,24.4602,1487.3,1059.2,22.2798,13.5039,10.6792,25.0398,13,1440,14.8464,14.6251
2021-08-11,-0.162444,9.40318,7.81926,5.73242,5.83467,4.92464,8.63993,7.30166,9.05047,79.2978,69.2305,7.4637,4.20568,3.61358,7.74413,13,1440,0.597892,17.3216,15.3481,11.571,10.1417,10.0591,16.632,12.8542,16.7531,597.588,347.704,14.7492,7.76705,7.58103,15.2114,14,1440,10.7385,9.48324
2021-08-12,-2.47371,11.6609,10.6989,8.76442,8.16413,7.76872,10.4504,11.129,11.7276,157.54,195.524,10.5363,5.47247,5.22643,9.19137,13,1440,-3.69141,21.0159,20.6507,19.1029,18.2228,22.6553,20.2862,21.9647,20.5922,486.805,786.13,21.6175,11.2703,9.38043,19.0864,13,1440,13.9222,13.4457
2021-08-14,-1.54214,9.52168,10.5859,11.6641,9.48345,8.10777,9.74093,10.4506,8.22658,557.327,478.937,8.39208,6.37046,4.21541,9.44478,12,1440,-1.79673,11.9089,12.1427,13.0552,9.64659,10.554,11.4633,12.3321,11.4316,264.997,273.734,11.5633,6.97476,5.16798,11.2528,12,1440,9.358,9.96277
2021-08-15,-0.201377,10.1451,9.4987,8.99719,6.25729,6.74627,9.9067,8.25411,9.14582,182.938,88.742,7.00692,4.9043,4.59441,9.12705,13,1440,1.33726,14.9266,12.7165,12.9456,11.8381,11.7033,14.4488,11.4772,14.2543,291.06,155.144,11.0111,6.27143,6.44509,13.6062,13,1440,10.3167,9.35486
2021-08-16,-2.30972,12.3564,9.80584,8.86543,9.58406,10.2802,11.5993,9.14377,11.1528,156.942,95.8914,8.83412,5.2149,4.59094,10.426,12,1440,-4.97684,17.089,13.2844,14.0558,12.3928,13.996,14.8433,13.2714,15.9634,208.383,185.477,13.9509,8.14244,5.14198,13.0422,13,1440,12.7121,9.8212
2021-08-17,-2.66103,15.0035,12.8824,11.1968,13.0591,9.21398,13.379,12.1322,15.2237,174.228,144.013,11.9731,7.1027,5.7797,11.246,14,1440,-4.37889,24.944,22.9788,21.0688,25.8722,20.7768,22.1618,22.0153,24.4183,589.296,559.568,23.1675,13.0596,9.9192,20.4681,13,1440,17.1526,15.3769
2021-08-18,0.0208946,11.915,12.6532,10.3526,10.5335,8.91652,10.746,12.778,11.8174,211.417,202.891,13.4357,5.8396,6.81357,9.76694,12,1440,0.0939221,22.9315,22.6094,22.8846,22.8872,16.4248,20.6276,23.6601,22.3167,659.089,747.028,23.1086,10.589,12.0204,19.3018,12,1440,14.5359,15.7017
2021-08-19,4.49496,12.3863,11.9259,10.5362,10.2168,11.4111,12.4244,11.5605,12.385,215.676,165.085,11.5802,5.11949,6.80643,13.2123,13,1440,5.47254,17.1379,16.6563,13.4639,13.1471,15.7672,16.7526,17.5112,18.1214,314.702,343.923,17.3545,7.29513,9.36118,17.2628,13,1440,12.9889,12.5049
2021-08-20,5.33384,8.69764,8.6657,7.85201,8.61088,9.24387,7.44958,9.36815,8.23665,136.492,128.635,8.34183,3.41149,5.2542,7.34679,12,1440,3.11359,11.0729,11.5004,8.94644,8.08115,8.67841,9.47436,11.5511,10.5449,250.657,160.678,10.3758,5.72703,5.77334,8.8944,13,1440,8.09748,8.21732
2021-08-21,-1.02014,8.49376,7.92302,8.90881,10.9515,10.8706,8.98108,7.94856,8.29981,161.1,95.4063,7.80302,4.40721,3.51582,9.3336,12,1440,-1.88658,9.58219,8.25323,8.72159,10.2187,11.5119,9.32197,8.26272,8.93025,110.753,70.0116,7.9363,4.85029,3.40295,9.28987,12,1440,7.68394,6.76323
2021-08-22,0.851209,6.22876,5.39663,5.32425,5.66011,6.10525,5.55248,5.75963,6.0934,35.094,38.4311,5.43192,2.60739,2.78924,5.23132,12,1440,0.450985,9.97411,9.83234,12.5404,13.014,12.3855,9.82899,9.44704,9.84644,242.533,122.372,7.67064,5.28676,4.54558,10.3973,11,1440,6.59816,6.14896
2021-08-23,0.505693,6.77838,5.82889,5.18225,4.18992,3.54657,5.82153,5.65965,6.63123,59.7629,43.9785,4.96427,2.96663,2.86226,5.61515,13,1440,2.53944,10.8238,10.2859,10.0197,7.37387,7.87885,9.94053,10.4935,10.3655,234.583,157.131,9.66893,5.33357,4.95237,9.63572,13,1440,7.05062,6.22934
2021-08-24,-3.7361,8.4625,8.43434,6.5182,6.59785,7.08389,7.9989,9.31668,8.46996,86.1321,115.557,8.68054,4.47766,3.95667,7.90154,12,1440,-4.64231,12.6661,12.7443,11.775,12.156,12.4537,12.4227,13.3706,12.7835,267.379,360.574,13.528,6.82511,5.91921,12.8763,11,1440,9.14182,9.00792
2021-08-25,2.68893,9.15866,9.01543,9.29312,8.20059,10.523,8.35053,8.51602,8.92981,128.895,89.5018,8.80862,3.91119,5.10423,8.52888,11,1440,1.75855,16.2725,15.1475,15.0106,13.4926,15.7714,14.7237,15.2287,15.7244,339.402,301.237,15.3451,7.37963,7.76791,14.5731,12,1440,10.9995,10.7565
2021-08-26,-4.44555,12.2094,12.5526,12.5883,10.383,9.78845,11.3957,12.0926,11.5567,461.285,208.883,11.5687,6.55125,6.00131,12.0094,12,1440,-4.23065,17.0986,18.9513,18.2053,14.5013,12.0312,16.775,18.6661,16.2975,844.542,446.755,17.4865,9.63268,9.31864,17.7979,12,1440,13.0781,14.1415
2021-08-27,4.64257,9.97775,9.08114,7.95974,8.87755,7.67349,9.89506,9.08784,9.64535,152.952,137.009,8.65426,3.44647,5.63467,9.99208,11,1440,5.66383,12.53,11.5984,9.10684,10.6878,7.93176,11.6587,11.2271,11.7896,281.509,171.261,10.2093,4.13349,7.46491,11.6972,12,1440,10.0326,9.01956
2021-08-28,-0.356351,3.7838,3.60287,2.71668,2.58241,2.06235,3.67314,3.87698,3.70101,11.9488,19.2903,4.08022,1.74454,1.85833,3.22436,14,1440,-0.888938,5.55311,4.62612,3.53997,2.65108,2.3871,5.19513,4.44262,5.22475,22.9565,20.3372,4.03662,2.29248,2.33364,4.62027,14,1440,3.84888,3.53262
2021-08-29,-0.261143,6.71199,6.25623,6.14071,6.74962,7.27134,6.14171,6.36325,6.50615,59.7782,50.6968,6.18146,3.15626,3.09997,6.15594,12,1440,-0.649667,8.27158,8.44805,7.35745,7.77294,7.65989,7.88458,8.1341,7.51782,171.688,80.568,8.30403,4.79066,3.65739,7.80264,12,1440,6.2964,6.24578
2021-08-30,-3.7287,7.27359,7.04011,6.04347,7.61258,8.00135,6.47617,6.77177,7.20638,84.8288,64.6045,5.83498,3.98328,3.05683,6.02204,13,1440,0.191226,12.233,12.5384,11.3566,14.6754,15.7045,11.3535,12.4802,12.4211,209.596,216.281,11.7036,6.50869,6.02975,10.8764,13,1440,8.10896,8.09594
2021-08-31,0.250798,7.9551,7.53922,6.39545,5.68997,7.88868,8.01254,7.76649,8.46398,63.0059,79.2759,7.96202,3.96382,3.5754,7.80869,13,1440,5.99563,18.8435,20.1213,20.3525,20.0072,30.3515,20.5801,20.955,18.9485,428.152,536.557,22.3791,8.83904,11.2822,21.5791,11,1440,10.7694,11.1075
2021-09-01,3.5654,8.09161,7.37759,8.31753,9.48024,9.13564,7.42785,6.74996,8.26588,204.841,61.6025,6.16975,2.88299,4.4946,7.36015,13,1440,10.9707,22.5677,18.8925,21.5234,29.4814,33.794,21.6239,19.0211,21.7463,1360.74,784.783,16.4626,5.99485,12.8976,21.9725,12,1440,10.7727,9.42228
2021-09-02,0.889528,7.385,7.40095,6.67154,7.83598,8.35742,6.9801,7.4202,7.56942,111.632,76.3094,7.21044,3.2619,4.13905,6.59762,12,1440,-1.07717,12.9932,12.9429,8.66549,8.97694,6.77181,11.9435,12.5156,12.1706,598.378,218.434,11.7653,5.90062,7.04232,9.71542,14,1440,7.67862,7.31524
2021-09-03,1.51647,9.92157,10.3832,11.9144,10.7869,10.1214,10.0702,8.17526,9.73805,326.201,108.993,7.45834,5.31909,5.06416,9.85586,13,1440,3.94384,16.2213,15.408,13.621,15.913,18.1985,15.177,15.4646,15.8719,628.873,320.734,14.5094,6.772,8.63597,13.5163,13,1440,10.0342,9.77404
2021-09-04,-0.167142,5.27478,5.04683,5.10624,4.86713,4.72207,5.0372,5.09172,5.15967,35.5862,33.2436,4.97775,2.63049,2.41634,4.92302,12,1440,-1.34441,8.58942,7.34811,5.83199,6.1652,4.15042,7.8163,7.63683,8.56576,70.472,59.8882,7.62895,3.56039,3.78772,6.84741,14,1440,5.28147,4.66073
2021-09-05,3.6223,5.33775,4.91217,5.03635,5.41058,6.03432,5.54862,4.75052,4.88909,100.625,44.2039,4.03551,1.65875,3.25343,5.86047,11,1440,1.65322,7.6571,6.29919,6.42165,6.18379,5.44982,7.03696,5.78987,7.58539,87.2033,34.7084,4.95334,2.68504,3.61414,6.87014,12,1440,4.83203,4.33324
2021-09-06,1.73728,4.51079,3.4499,3.26673,2.63383,2.58414,3.72023,3.296,4.48319,21.3286,14.5152,3.02963,1.75226,1.69764,3.46441,15,1440,-0.597179,6.51155,5.26631,4.08834,3.65775,3.33191,5.29373,4.59506,6.30148,57.9761,22.8053,4.19371,3.08096,2.18535,4.82641,16,1440,4.14332,3.22448
2021-09-07,-11.6686,89.13,198.741,59.0284,47.1522,59.6677,104.662,186.83,104.509,1.29837e+06,721586,173.273,138.987,59.7537,83.5538,15,1440,-13.3925,167.916,372.37,106.24,111.543,135.801,197.693,384.04,189.414,4.2805e+06,2.66983e+06,348.676,256.771,115.599,145.646,14,1440,109.855,265.823
2021-09-08,-1.7553,21.4104,21.7622,17.5079,21.493,17.5814,23.1795,21.621,21.5091,899.514,866.964,22.2932,11.1911,10.571,24.6309,12,1440,1.85855,49.4001,49.6188,48.2676,57.4929,49.6466,49.2649,50.8332,49.9833,3264.62,3201.74,46.7241,23.8516,25.7672,51.3852,11,1440,29.3327,29.9367
2021-09-09,0.750365,12.7595,11.6785,10.641,8.01934,4.99544,11.3608,12.6117,12.1804,233.5,377.334,12.7049,5.26599,6.41247,11.2319,12,1440,-2.13962,27.5544,27.006,26.489,19.391,10.7052,26.3221,30.0916,25.6195,974.001,1527.82,30.0863,13.5248,13.4812,26.5467,12,1440,16.8999,15.9771
2021-09-10,-3.38508,12.8749,10.801,10.1711,9.31095,9.46161,11.8417,9.65772,12.4893,213.446,102.007,9.30245,6.39092,4.41012,10.7716,14,1440,-6.51653,30.4351,24.6918,28.1051,26.1128,25.8937,27.0637,23.6998,30.0206,928.99,865.183,24.6732,13.9611,10.7307,26.8586,13,1440,17.6133,14.6762
2021-09-11,0.717096,6.86007,5.25703,5.98782,4.54531,3.60848,5.57103,5.13723,6.67783,36.8325,28.5263,5.06867,2.16862,3.0884,5.30666,14,1440,1.80207,18.6648,16.0799,20.0903,13.7593,8.72154,16.0616,16.5515,18.048,366.245,299.503,15.3261,7.06243,9.01743,16.7017,14,1440,9.90291,7.95546
2021-09-12,1.86751,6.87871,8.4001,8.53288,10.2666,9.45942,7.62667,7.8528,7.0246,432.463,106.982,6.40502,4.52369,3.87641,8.67759,10,1440,4.10765,16.1648,18.6132,19.8932,25.3316,26.9468,17.1924,18.611,16.247,1115.26,587.573,15.7086,8.45686,10.1563,19.2847,10,1440,8.95008,11.0582
2021-09-13,-2.38454,28.4505,31.4793,40.0243,36.819,43.1508,32.1832,23.233,29.3749,12557.8,2285.43,22.5929,20.5968,10.8825,32.5245,10,1440,-3.55397,43.1168,47.7447,55.7725,43.1846,43.844,48.4379,42.4388,45.6089,16137.7,4534.02,36.8809,27.8014,19.9433,48.3916,10,1440,31.7725,35.7725
2021-09-14,4.7173,10.0127,8.80936,8.66977,8.57884,6.14814,8.12228,8.01865,9.54427,246.087,96.3085,7.84048,3.17465,5.63471,7.63073,14,1440,4.43603,17.0914,15.6318,14.3504,16.0602,13.6774,14.2867,14.7029,16.2366,558.57,233.422,14.6546,5.96442,9.66741,13.6793,14,1440,11.4432,10.0511
2021-09-15,2.12096,5.20137,4.29057,4.80773,3.87834,4.07872,4.47618,4.19942,5.02695,22.5483,18.7955,4.11038,1.99683,2.29374,4.29695,13,1440,5.08572,11.0153,10.5,11.288,9.39222,9.91889,10.334,9.54564,10.1021,222.076,118.063,9.18037,3.86006,6.63997,10.7158,12,1440,5.64985,4.58554
2021-09-16,-0.800324,7.41293,7.24788,7.69456,9.41762,9.12766,7.13823,6.28734,7.02097,116.273,51.6718,6.32486,3.34403,3.90385,7.22853,12,1440,-1.26911,16.796,18.7054,20.0664,30.4017,28.446,17.9324,16.3369,16.5144,889.756,441.087,16.3011,8.45388,10.2516,19.2304,11,1440,9.62465,10.203
2021-09-17,-0.921408,6.70987,5.80831,5.89698,6.76712,7.38996,6.02666,5.82501,6.63545,39.795,34.4496,5.84754,3.00734,2.80097,5.8072,12,1440,-4.82801,16.2222,15.6708,16.0751,15.2819,16.5576,16.2408,14.5336,16.5854,281.214,202.025,14.6326,9.13342,6.53742,16.2478,11,1440,9.05708,8.15184
2021-09-18,2.07714,4.87829,4.79411,4.08865,3.53227,3.19834,4.61365,4.41741,4.64548,43.8679,22.9247,3.89371,1.97393,2.82018,4.57409,12,1440,1.04837,11.4028,11.7537,10.4272,10.5079,7.73407,10.3587,11.6082,10.9991,307.132,152.348,10.6384,5.56779,6.1859,10.2167,12,1440,6.0799,6.16012
2021-09-19,-2.20032,5.76752,4.98991,3.74014,4.05648,5.98557,5.45153,5.16678,5.55827,52.8616,36.9181,4.58613,2.96419,2.02571,5.49256,13,1440,-3.16454,12.4713,11.1427,8.71084,9.99755,12.9755,11.9297,11.0813,12.2042,282.517,188.543,9.32402,6.3868,4.75589,12.5611,12,1440,7.25325,6.49683
2021-09-20,-9.37147,31.9758,32.1208,23.5801,26.4008,23.2807,29.2599,26.0861,30.5215,3744.62,1022.51,22.4878,19.9846,12.1362,29.1975,11,1440,-11.1548,53.5807,54.3418,43.1709,47.9742,45.6265,49.4492,49.3499,53.2325,6552.19,4546.87,47.5977,30.9847,23.3571,47.8128,11,1440,36.8396,38.2362
2021-09-21,-5.44909,48.1039,60.1559,47.0622,46.7482,44.2886,53.0925,55.815,44.2631,21012,11386.8,51.3389,27.1426,33.0133,53.4353,10,1440,-7.36441,76.0323,85.4612,68.0842,59.7594,85.1926,70.6233,76.8154,71.1555,39394.7,9361.1,72.1139,38.6653,46.7959,68.611,10,1440,52.7124,64.6314
2021-09-22,6.66905,19.5439,20.2806,21.8594,21.7768,17.0179,18.6359,17.0407,18.7421,1417.23,371.11,15.8258,6.9486,13.332,19.4435,11,1440,10.6563,35.7734,36.6324,41.5038,35.9944,31.4854,35.0795,34.7908,35.3295,2812.09,1400.87,32.4864,13.3861,23.2464,35.9943,12,1440,23.3101,24.6866
2021-09-23,2.99008,10.861,12.2019,13.2478,12.8799,12.4662,12.1727,11.5948,10.3669,202.468,180.241,11.3963,5.91699,6.28487,11.5154,12,1440,2.42667,17.6502,17.8893,16.6521,16.2752,15.5933,18.7057,17.1086,17.3973,328.056,312.402,17.0807,8.48933,9.4,16.1986,13,1440,11.9087,12.8016
2021-09-24,-4.68787,27.8154,25.8338,33.1543,34.5221,40.4714,25.7568,25.3295,27.4951,1355.01,1206.44,24.4258,14.2741,11.5597,26.9171,11,1440,-7.36952,49.2242,44.9605,61.9886,69.3524,62.2696,46.5184,46.2047,52.1545,3867.01,5284.94,44.381,25.2548,19.7057,49.9409,11,1440,33.3632,30.9899
2021-09-25,-0.327394,12.7815,13.2361,13.4166,9.53773,4.38799,12.4928,12.1082,13.1123,392.976,181.689,10.976,6.83125,6.40482,12.5788,12,1440,-0.232468,33.7328,37.4747,38.2016,23.9541,14.1129,34.2525,30.8446,33.5383,4662.59,1312.25,25.4375,18.6058,18.869,34.8758,11,1440,18.4886,20.0502
2021-09-26,1.14239,17.3187,21.3343,17.7937,17.8289,24.4755,18.0824,17.5416,13.253,4658.76,682.815,13.8315,7.30281,14.0315,18.7683,12,1440,4.60331,34.2715,40.4425,39.6632,42.8093,64.0504,38.3929,30.1173,31.9282,11384.2,1376.07,31.2138,14.6781,25.7643,40.5321,11,1440,21.2709,27.0897
2021-09-27,-2.37632,13.0119,13.379,10.7134,13.3279,13.3855,12.3231,11.4022,10.9953,744.478,217.868,10.5511,8.30813,5.07091,11.7812,12,1440,-4.47128,24.5042,26.2863,21.3954,26.3909,24.1151,23.5126,24.6609,22.7877,1738.56,715.04,23.5527,15.5351,10.7512,22.272,12,1440,15.8486,17.1512
2021-09-28,-2.69526,15.2675,15.6703,11.7316,10.7826,7.2581,14.9895,16.7759,14.2846,715.511,766.949,17.4802,8.35193,7.31833,12.4997,14,1440,-4.21247,29.0466,30.0323,22.0911,21.6368,14.2268,28.5721,30.7269,27.2383,2433.33,2304.08,29.3655,16.0882,13.9441,24.9595,13,1440,19.0311,19.7884
2021-09-29,1.20591,10.2397,11.2557,8.87007,7.29175,7.45406,10.3613,10.7216,9.62043,229.204,210.502,10.9335,5.78293,5.4728,10.3733,10,1320,1.61054,19.339,20.2795,15.0287,13.9077,12.5214,19.6804,19.5276,18.9762,737.379,661.7,18.4388,9.74145,10.538,19.2858,11,1320,12.4023,13.692
2021-09-30,5.39056,12.8281,12.3431,15.1357,13.237,14.8115,12.8829,11.4253,12.7717,296.318,175.204,10.9927,4.41694,7.92618,13.933,12,1440,5.13387,20.5282,20.0855,22.24,22.6902,23.4918,20.4153,19.0234,19.1693,637.11,641.103,19.0878,7.71858,12.3669,22.1577,11,1440,14.1923,13.6854
2021-10-01,9.3963,21.4761,22.8909,26.2628,21.1562,30.423,23.3191,14.5067,20.6965,14759.7,408.421,11.2627,4.2029,18.688,24.4945,11,1440,9.81054,22.4182,20.3761,24.2237,17.8391,22.9435,20.2708,20.3004,21.6956,1046.29,621.358,19.8723,6.87849,13.4976,19.7305,13,1440,16.7014,16.7317
2021-10-02,-1.05812,6.60717,5.02958,5.21569,3.27796,3.20053,6.31308,5.01746,6.92134,45.3893,30.3212,4.45616,2.8503,2.17928,5.34037,13,1440,2.32479,15.4361,13.7584,14.6673,11.6685,10.4552,14.9808,12.8446,15.7526,294.307,142.205,12.069,6.70891,7.04954,14.1254,13,1440,8.58837,6.92572
2021-10-03,1.17935,7.66232,6.91128,8.09865,8.1788,7.81829,8.13686,6.49254,7.61911,186.986,58.2708,6.89117,2.88483,4.02645,8.02149,12,1440,0.880765,12.3,11.3304,10.9917,11.979,8.21511,11.3466,11.4343,12.1891,150.977,159.755,11.1918,5.28957,6.04087,11.3832,12,1440,8.10021,7.60715
2021-10-04,2.10412,14.436,14.0773,9.94176,13.8869,10.687,13.1569,12.3485,13.8469,426.01,256.287,12.2953,6.38906,7.68826,12.5137,13,1440,-0.923576,19.9102,18.8245,14.372,19.7823,18.2088,18.7795,18.6273,19.4557,463.155,402.036,19.845,9.44005,9.38441,17.4751,13,1440,14.9654,14.425
2021-10-05,4.46374,9.40828,8.09243,6.96579,7.29777,7.11337,8.21384,8.76193,8.72212,65.2768,88.8505,8.15281,3.11422,4.97821,7.8117,13,1440,3.73755,10.3678,8.55941,7.58886,9.61395,7.06512,8.58287,8.75335,10.1876,103.271,82.624,8.063,3.47711,5.0823,7.81179,13,1440,8.30973,6.86014
2021-10-06,7.20063,27.2169,23.1313,22.9411,23.5857,20.0414,25.6015,16.5468,19.3431,12198.6,620.804,12.5321,5.31684,17.8145,23.3666,13,1440,1.68181,23.9883,18.9447,18.2206,24.0603,27.2772,22.7212,16.9249,23.7341,2367.5,468.15,14.8505,7.36034,11.5843,21.4588,13,1440,21.2636,17.5665
2021-10-07,-2.80454,13.2986,11.92,11.6537,11.7477,8.54922,12.3976,11.8292,13.6959,269.586,169.909,11.6114,6.71531,5.20468,10.3413,13,1440,0.351281,18.4546,16.0684,17.4743,16.5291,17.7707,17.6166,17.2781,19.1569,394.194,360.285,16.7769,7.85299,8.21544,16.56,12,1440,13.5224,11.7563
2021-10-08,0.308549,9.49597,8.9585,8.37992,9.05796,12.5203,8.86348,9.34529,9.39522,113.524,102.742,8.66931,4.38005,4.57845,8.23947,12,1440,-0.680785,11.773,10.5394,11.3626,10.6973,12.7883,11.0316,10.2999,11.3221,206.777,105.414,9.61111,5.75153,4.78782,10.3515,13,1440,8.7396,7.9229
2021-10-09,1.83344,5.46091,5.38605,5.08707,4.9974,2.6735,5.3948,5.17713,5.13204,46.8864,35.9116,4.46776,2.26017,3.12588,5.02486,13,1440,0.327545,7.28433,5.80346,5.35998,4.06963,3.26223,6.19066,5.58075,6.99499,47.0029,31.7506,5.37447,2.72716,3.07629,5.2026,14,1440,5.06868,4.56151
2021-10-10,-0.53047,11.0079,9.96438,10.7373,13.0888,7.70131,10.8766,9.58556,10.4059,318.919,198.114,8.38669,5.57571,4.38867,10.7239,12,1440,-4.59658,15.7726,13.3713,11.7373,13.9927,12.3393,13.8957,11.0012,13.0568,1184.9,150.728,9.67766,8.60425,4.76701,13.2768,12,1440,10.3475,9.32209
2021-10-11,5.01727,9.19878,8.73581,7.12397,6.05987,6.68718,8.58763,8.82516,9.11677,88.4101,77.7108,8.4516,3.42723,5.30857,7.44765,13,1440,3.67764,15.3978,15.5779,12.7711,10.9835,10.4322,14.8861,15.7299,15.5016,353.176,348.941,15.1329,6.58576,8.99218,14.0027,12,1440,9.40261,9.2715
2021-10-12,-2.59897,13.4167,10.0458,10.5955,9.09394,8.15579,11.5446,10.515,12.3979,144.318,158.734,9.93577,5.2755,4.77035,11.2927,13,1440,-1.44054,18.8791,15.8143,16.1792,17.059,15.1595,17.7895,15.765,19.1883,426.035,311.547,14.3782,7.46801,8.34631,17.3322,12,1440,13.1052,9.40566
2021-10-13,2.41724,11.8996,13.6081,11.5717,13.9588,14.8735,11.5456,12.1805,11.8291,449.685,206.118,11.2077,5.08775,8.52034,11.3542,12,1440,3.26728,13.2464,12.8027,12.2091,12.1806,11.9406,11.3249,11.7565,13.3401,743.815,277.506,10.7945,4.603,8.19966,11.0301,12,1440,10.0134,9.96044
2021-10-14,-0.0332302,9.06539,9.54873,10.0873,11.5941,5.77134,9.2827,8.9867,8.37739,230.159,136.741,8.4109,4.29421,5.25452,9.04266,12,1440,4.95895,10.955,12.0239,11.901,14.9341,12.0098,12.5842,9.75351,10.5141,980.746,138.42,10.1798,4.18592,7.83794,12.7289,12,1440,6.81875,7.08397
2021-10-15,7.26999,14.9843,15.3429,21.258,20.3887,27.9244,15.7402,14.9002,14.3361,1183.73,650.252,13.4401,4.67494,10.668,16.9641,12,1440,2.04111,10.8327,11.0617,11.8359,11.6303,16.3782,11.5089,10.6965,10.4334,186.593,120.4,10.8485,4.53985,6.52188,10.6623,12,1440,8.64321,9.11051
2021-10-16,-1.30049,7.69192,7.15551,6.82642,7.19778,5.19496,6.76081,6.27172,7.85945,95.6519,54.8576,5.90102,3.69851,3.45699,6.31692,13,1440,-1.01391,10.9741,8.6936,8.46218,10.6768,10.8057,8.82912,7.14107,9.58504,271.374,59.468,6.88308,5.06677,3.62683,8.24491,13,1440,6.73491,5.59198
2021-10-17,1.06658,9.35464,8.74655,9.48398,9.71952,11.855,9.62093,8.08629,9.45261,321.614,138.298,6.85668,4.34074,4.40581,8.78043,12,1440,0.440027,14.5995,11.3816,11.7852,15.0423,16.1379,13.5378,11.236,14.4108,204.428,203.782,10.8328,5.76862,5.61298,12.2515,13,1440,9.06913,7.68011
2021-10-18,0.779536,11.66,11.7634,13.6436,11.3632,10.196,12.354,11.5738,11.1655,210.538,232.025,11.4866,5.80828,5.95511,12.6807,12,1440,-2.68437,14.6154,15.226,14.0818,12.6855,9.00827,15.4494,16.7256,14.0751,299.24,506.6,15.8924,8.18614,7.03988,15.5763,12,1440,10.6852,10.6695
2021-10-19,3.59646,11.1363,9.48477,10.823,11.2437,6.47541,11.5316,9.36826,10.5184,149.401,110.055,9.3189,4.19443,5.29034,10.3761,12,1440,3.46585,12.8042,11.0946,10.1615,9.62894,7.5589,12.5985,10.7032,12.485,205.29,173.404,10.5549,5.38265,5.7119,10.632,13,1440,9.45652,7.90006
2021-10-20,2.64184,7.94033,9.4856,8.53454,10.4751,10.3229,7.98056,5.70595,8.26743,2052.39,88.2695,5.17641,2.19096,7.29464,7.91554,10,1440,7.07221,10.1754,9.40624,9.12156,11.6177,11.984,10.0619,8.74006,10.2849,210.22,99.5729,8.46176,3.30069,6.10555,9.77871,11,1440,6.15623,6.47222
2021-10-21,-5.94312,27.7991,30.317,25.4409,26.1316,11.1271,24.1882,28.2462,26.2824,6487.99,2597.8,26.8225,19.7916,10.5255,20.1559,15,1440,-2.63366,41.5529,39.3345,37.202,46.4703,20.4841,33.9795,36.9394,36.273,12320.5,4734.77,34.7509,25.5742,13.7602,27.9107,14,1440,29.1639,30.2617
2021-10-22,-2.44953,12.2841,12.4757,13.9853,11.8118,13.8973,12.7281,12.8016,12.1201,286.259,402.472,13.1457,7.01903,5.45669,12.2203,12,1440,-2.01348,13.8239,12.9846,16.4961,11.8453,13.6218,13.4476,13.1019,13.3254,268.579,454.77,13.8313,6.65493,6.32964,12.8587,12,1440,11.2606,11.2296
2021-10-23,0.981406,7.94912,7.07862,8.59207,7.737,9.37585,8.21087,7.18657,7.6062,127.67,105.038,7.11572,2.87624,4.20238,7.9224,12,1440,4.79051,10.6808,9.22834,11.0392,12.5245,12.5784,10.0254,9.69166,10.6194,133.482,151.334,10.3785,3.43912,5.78923,9.73689,12,1440,7.52026,6.76939
2021-10-24,-0.711537,9.45314,6.31744,6.06215,6.19809,5.12782,7.59226,6.42206,8.91248,62.1987,61.5293,6.51894,3.1252,3.19224,6.06136,14,1440,-2.05572,11.665,8.84187,8.2082,9.48872,7.95834,9.86596,9.55605,11.3818,86.758,144.746,9.839,4.76068,4.08119,8.68232,13,1440,8.95522,6.39413
2021-10-25,3.59361,6.0165,5.58077,7.02736,7.82255,6.28365,6.09352,5.30349,5.65153,47.9825,44.2201,5.08387,2.1742,3.40657,6.07479,12,1440,3.32549,7.78247,6.30972,8.29105,8.45437,8.42853,7.52058,6.45886,7.60836,57.9613,54.2427,6.39428,2.25502,4.0547,7.47878,12,1440,5.19845,4.31606
2021-10-26,-4.45747,8.89998,8.41243,6.76518,7.79302,9.30651,7.89672,8.2054,8.26724,224.522,144.586,7.71622,4.93987,3.47256,8.61464,13,1440,-2.12774,11.4294,10.3881,10.73,13.3377,12.3137,10.3672,10.502,11.3311,256.978,248.203,10.2699,5.9195,4.46864,11.1655,12,1440,8.25327,7.62245
2021-10-27,-3.22638,16.5343,18.0111,15.0234,12.0816,7.25037,15.1297,17.4278,16.9036,2494.28,3204.83,17.6572,10.3408,7.6703,14.9845,13,1440,-5.20437,26.9984,33.9793,26.0388,24.8346,21.2097,26.697,38.14,26.9443,9912.71,20065.2,40.8952,20.3644,13.6149,26.2694,12,1440,18.2365,22.6813
2021-10-28,3.6351,35.9622,44.5638,25.6725,16.1526,18.0853,26.8818,36.0146,35.6715,62569.9,20060.4,28.5285,29.9026,14.6612,24.4336,10,1440,8.87568,22.3305,18.7543,18.78,18.7249,23.2385,16.7656,19.0069,23.0582,1022.28,547.119,17.9842,8.38988,10.3644,15.9012,12,1440,21.4417,21.7305
2021-10-29,2.73212,10.4198,11.8051,14.2011,14.8189,9.75891,10.1413,10.757,10.5344,264.224,155.538,9.24291,4.41959,7.38551,9.71836,12,1440,3.053,14.9762,14.1003,15.6233,15.6977,13.4418,12.6536,14.3611,14.8553,255.034,223.572,13.1818,6.2082,7.89211,11.8972,13,1440,9.9482,9.79657
2021-10-30,-0.635746,5.90541,5.71742,4.22828,3.24751,2.7461,5.37234,5.42426,6.11977,73.8092,72.7162,5.70579,2.92727,2.79015,4.97879,13,1440,-2.2013,8.21701,7.63532,7.1917,5.4244,5.39073,7.20912,7.30625,8.39673,76.376,78.5356,7.23697,4.34588,3.28944,7.19377,13,1440,5.71577,5.50092
2021-10-31,-0.908409,7.46532,5.96696,6.08287,4.57519,3.97082,5.93812,5.92272,7.29139,40.021,40.4864,5.64862,2.87638,3.09058,5.91784,14,1440,-0.823941,11.2959,9.9316,9.77642,8.58411,7.33731,10.1489,9.33221,11.3239,133.861,98.062,9.52533,4.96225,4.96935,10.7538,13,1440,7.44887,6.28392
2021-11-01,-0.636099,10.5939,9.8611,14.3356,13.3491,16.085,10.863,9.0991,10.6572,338.66,197.387,8.76623,4.54255,5.31855,11.5439,11,1440,0.748728,14.3019,13.2564,17.3722,13.9763,15.255,13.1686,11.9652,14.4178,329.798,162.941,12.5124,6.22848,7.02793,14.2406,12,1440,10.0456,9.45876
2021-11-02,3.7205,8.17498,8.93763,9.49676,10.9715,10.8149,8.27403,7.34348,7.94393,291.682,145.631,6.86171,3.30986,5.62777,8.99666,12,1440,6.07326,9.82541,9.53174,10.5096,10.1727,10.616,8.73673,8.54013,9.62995,152.489,80.5925,8.18992,3.87912,5.65261,8.8982,12,1440,6.34387,6.58279
2021-11-03,-0.513035,13.9344,9.18725,7.3181,8.9635,7.68548,9.33739,8.30733,12.343,400.224,267.921,8.12278,4.68619,4.50105,8.20026,15,1440,0.292824,10.4902,9.95265,11.3706,13.8745,14.4013,9.38203,10.8254,10.6009,147.055,202.898,9.73374,4.41281,5.53984,9.78511,12,1440,8.57008,7.40571
2021-11-04,-2.41616,7.56852,6.48857,7.19125,6.50498,6.4891,6.7097,6.0403,7.50371,60.2467,46.4976,5.85028,3.53492,2.95365,7.24416,12,1440,-1.55503,9.16422,9.0243,9.18001,8.00174,8.08017,8.95474,8.39799,9.61352,114.348,97.8764,8.31146,4.47799,4.54632,10.0726,12,1440,6.93406,6.59045
2021-11-05,-0.748605,5.90877,5.93239,5.47813,5.80078,6.9155,5.7223,5.67052,5.53256,46.8686,36.7387,5.47246,2.7425,3.18989,5.87261,11,1440,-1.28974,6.41283,6.77947,6.89413,7.93796,8.2733,6.98369,6.66526,6.28623,48.7268,46.9673,7.18997,3.40819,3.37127,7.48441,11,1440,5.01551,5.45111
2021-11-06,0.871666,5.02063,4.5875,3.8398,3.44957,2.76808,4.67368,3.71317,4.61984,43.3904,15.8342,3.71707,2.18667,2.40083,4.52484,13,1440,0.973291,7.07317,7.0822,6.4445,6.39146,6.43103,6.95169,6.10939,6.64268,131.538,57.7747,5.78223,3.48364,3.59856,7.45467,11,1440,4.62854,4.67023
2021-11-07,2.89088,4.44002,4.05111,4.67405,4.34201,2.76138,4.28994,3.60205,3.96088,53.6735,26.8939,3.30065,1.36957,2.68154,4.78744,12,1440,2.07201,4.64679,4.27601,4.98577,5.02479,2.3065,4.29323,4.21177,4.41774,23.2982,24.3214,4.27855,1.85318,2.42283,4.66333,12,1440,3.29392,2.99521
2021-11-08,6.50422,7.53799,8.74121,8.37712,12.0103,14.6044,8.58991,8.9685,7.37955,192.67,290.01,8.0784,2.59768,6.14354,9.41826,10,1440,4.14875,5.32642,5.8099,5.29546,5.89331,5.68696,5.21032,5.44937,4.99488,62.2751,58.2316,4.62511,2.11059,3.69931,5.42134,12,1440,4.63614,5.22049
2021-11-09,-0.859907,7.08771,8.0515,7.48468,7.14678,7.15091,7.03973,7.58756,6.64623,117.9,78.7475,6.78429,3.8202,4.2313,6.79911,12,1440,-1.58594,6.85834,6.48079,6.00363,4.61256,4.52784,6.36755,6.55469,6.57636,51.3291,57.2874,6.62672,3.32566,3.15513,6.2049,13,1440,5.81774,6.14475
2021-11-10,-3.13343,27.7892,35.4205,18.4272,19.6545,20.8211,24.1628,37.4881,27.8548,24038.7,14116,39.9203,19.738,15.6825,22.8962,15,1440,-2.21243,24.2763,28.0301,18.0205,17.5195,20.613,20.9086,30.5021,25.442,9354.03,7494.44,33.3435,14.811,13.2191,20.7967,14,1440,23.8125,29.7213
2021-11-11,-0.166856,7.78029,7.72834,8.85916,6.99809,3.24922,7.45169,8.06233,7.13586,58.7978,74.5001,8.59749,3.76729,3.96104,7.33693,12,1440,1.93036,8.95411,8.92831,10.1591,8.45237,4.85654,8.92348,9.4314,8.34646,116.409,98.8534,8.62191,3.8118,5.11652,8.79684,12,1440,7.17107,7.09789
2021-11-12,-1.01172,10.6888,10.4844,9.33667,7.21062,6.15721,10.5537,10.9082,10.8424,138.964,157.782,9.81993,5.15148,5.33295,10.0845,12,1440,-1.14105,12.5214,15.7178,13.8337,11.2221,11.2196,14.1398,16.2669,12.7122,419.871,443.021,15.8095,8.07322,7.64457,14.0474,11,1440,10.1849,11.632
2021-11-13,0.401192,4.80256,4.82025,3.89724,4.63801,6.08711,4.4536,4.19731,4.77075,65.672,21.4952,3.76593,2.07952,2.74074,4.17162,12,1440,-0.455008,6.33795,6.48157,5.16421,4.42427,5.7689,6.04818,4.79106,6.20962,147.541,22.4004,4.09783,3.09362,3.38795,5.863,13,1440,4.68513,4.76248
2021-11-14,1.75387,5.71539,4.96173,5.98719,6.16359,5.42672,5.55293,5.0617,5.35257,30.8287,28.9141,5.30046,2.2103,2.75143,5.65399,13,1440,-0.383571,6.41831,5.60953,6.26906,5.22543,5.01059,6.1658,5.77619,6.13996,35.5372,37.7108,5.76301,2.78529,2.82424,6.19845,12,1440,5.06453,4.4422
2021-11-15,-2.96223,5.82687,5.46482,4.81438,4.88605,3.99677,5.53043,5.39513,5.70806,35.0247,38.8051,5.27777,2.85764,2.60718,5.26401,13,1440,-1.36494,6.8679,7.63504,7.53682,7.15246,6.30898,7.60931,7.25079,6.56195,76.2282,53.2769,7.47487,4.07629,3.55874,7.47703,12,1440,5.06147,5.12551
2021-11-16,-5.73942,26.0976,24.6539,27.8368,20.0362,14.2318,23.2862,26.6839,26.2647,1328.89,2045.92,26.7952,13.8984,10.7555,22.083,13,1440,-8.07456,36.5505,33.0252,40.913,31.271,30.9374,33.8838,35.5972,36.8216,2683.3,5022.38,38.6074,18.8713,14.1539,32.9161,13,1440,27.5508,26.3261
2021-11-17,0.475069,17.3863,17.438,16.6289,16.0815,13.9817,19.4125,17.2644,16.9579,533.166,560.074,17.204,7.31214,10.1258,17.7542,13,1440,1.83681,23.1893,25.1092,24.1802,23.3473,17.3994,27.0506,26.0099,22.6351,908.084,963.309,24.4108,10.8336,14.2756,25.966,12,1440,18.6227,19.4661
2021-11-18,-5.89279,22.6514,21.1864,14.7183,11.3783,12.695,23.474,19.8136,21.0571,1059.73,576.267,19.3673,10.0746,11.1118,20.403,13,1440,-7.02547,28.0207,25.8153,18.5965,14.2495,16.9266,28.2226,26.1959,27.8154,1219.73,1304.04,25.2402,13.2531,12.5622,23.4948,13,1440,22.6303,21.3323
2021-11-19,2.01952,10.6968,10.4568,12.0764,14.1598,11.4067,10.666,10.3502,10.6825,185.223,169.414,9.08472,4.70958,5.74722,10.4217,12,1440,7.18766,14.193,13.603,17.1597,20.6178,19.9557,14.2414,13.8893,14.0143,234.22,259.009,12.747,5.14124,8.46177,14.0246,11,1440,10.8415,10.6289
2021-11-20,2.81145,6.58945,8.12627,10.0531,9.74445,10.2457,8.68258,7.51926,5.97125,584.559,262.047,6.14218,2.61104,5.51522,9.46608,11,1440,2.6971,8.82186,9.95807,13.38,15.1016,13.8498,10.4383,10.615,7.98838,285.002,562.971,9.6657,4.07848,5.8796,11.6565,11,1440,6.5044,7.919
2021-11-21,-1.83474,6.57382,6.43065,7.20169,5.68535,5.87212,6.75714,5.29025,6.24298,94.2452,32.531,5.3641,3.28692,3.14373,6.77846,12,1440,-3.54943,8.89694,10.5069,11.4673,12.2699,9.42849,10.2718,8.13226,8.73027,467.87,82.1797,7.96096,6.42205,4.08486,10.7725,11,1440,6.49503,7.08873
2021-11-22,-4.13545,18.5996,19.3654,21.375,19.1356,18.8521,20.9978,18.8849,17.0866,1440.27,1166.68,19.0936,7.95819,11.4073,21.5743,10,1440,-4.13132,22.5329,25.6067,23.2968,20.0433,16.5443,24.7381,23.9198,22.832,1364.98,1125.01,23.886,12.8944,12.7123,24.0933,11,1440,18.0733,19.9914
2021-11-23,2.27465,15.9811,17.0218,17.0431,14.0876,9.2837,17.9391,17.4742,16.7608,669.297,955.54,17.6429,7.23648,9.78535,18.9177,12,1440,6.01862,18.2517,21.2134,22.3338,19.7186,20.5755,22.365,19.7187,18.9141,1120.7,740.14,20.9854,7.58657,13.6268,23.9111,11,1440,14.8808,17.1153
2021-11-24,-0.702796,10.4331,8.74003,6.06026,6.88665,6.9044,8.64605,8.22286,9.87969,124.835,108.895,7.80438,4.48329,4.25674,6.55367,14,1440,-1.62814,16.7793,16.0006,11.9227,14.693,11.806,15.5829,16.3183,16.289,356.837,305.165,14.184,8.74806,7.2525,12.6169,13,1440,11.4745,10.4114
2021-11-25,3.13909,6.89825,5.99608,7.54773,6.06864,6.18182,6.87462,5.9944,6.79025,62.39,74.0299,5.96042,2.50389,3.49218,6.89997,13,1440,5.81205,8.94651,8.78097,9.08972,7.48985,8.17874,8.96168,8.58561,8.70881,102.423,111.341,8.69833,3.28436,5.49661,9.01583,13,1440,6.31022,5.81861
2021-11-26,-9.29584,21.0362,17.1187,14.483,14.449,18.3859,19.4024,16.7504,21.3722,1132.7,668.023,17.6766,10.1555,6.96318,17.4566,14,1440,-11.3043,35.6027,37.3008,40.0998,40.888,49.5803,39.0014,37.759,36.7356,4779.35,6018.81,37.8838,21.8132,15.4876,40.2701,12,1440,24.0455,22.8015
2021-11-27,1.83412,8.26688,8.78872,9.25496,7.89902,6.05007,8.1486,8.21111,8.21209,162.482,102.002,7.0792,3.68709,5.10163,7.71656,12,1440,1.32959,11.5624,12.2291,12.7054,9.95734,9.04368,11.491,11.5977,11.3794,225.254,188.147,10.2784,5.31731,6.91179,11.1256,12,1440,8.58613,9.27946
2021-11-28,4.5614,12.2219,12.4597,12.9721,12.222,14.7975,12.3243,10.5284,11.5462,765.773,296.203,9.46302,3.41507,9.04458,12.5826,11,1440,4.75628,16.9792,17.7073,18.47,14.6869,18.1539,17.9684,17.7498,16.1295,529.504,496.589,16.231,6.56578,11.1415,18.2884,11,1440,12.6954,13.3175
2021-11-29,0.871566,8.09996,7.84973,7.955,9.03474,9.63844,8.08494,7.535,7.18547,176.878,117.344,6.66354,3.07994,4.76979,7.78782,12,1440,3.42738,10.5142,11.7306,11.1203,10.9478,10.5344,11.4208,11.7626,10.4061,316.78,288.267,10.5906,4.76916,6.96147,11.3816,12,1440,7.52566,7.85793
2021-11-30,-1.43943,18.9701,16.509,20.0737,21.8724,16.684,17.5736,17.264,18.3741,333.972,456.74,17.7735,8.7814,7.72756,17.3124,12,1440,4.09389,26.0526,25.2824,24.4435,22.6601,23.736,25.2947,26.1099,25.8877,665.112,850.264,25.199,11.7936,13.4888,23.9199,13,1440,19.6656,18.09
2021-12-01,0.409184,12.7036,12.0593,11.7029,11.2723,9.97542,12.5936,12.393,12.2683,189.47,197.664,12.0869,5.63337,6.4259,12.2317,12,1440,-1.02701,19.9972,18.2049,18.4608,17.3903,18.4468,18.3735,17.4556,19.0823,399.367,322.639,16.9875,9.17012,9.03482,17.683,12,1440,13.7224,12.6834
2021-12-02,-1.23828,11.2999,11.9341,12.4969,11.6851,7.084,11.0698,11.3689,10.4919,256.206,143.317,10.1172,6.1436,5.79054,10.4321,12,1440,-1.57775,17.6318,19.6658,22.6608,19.7379,12.3074,18.448,18.2019,15.9993,808.143,382.684,18.3129,10.662,9.0038,18.3947,11,1440,12.1462,13.599
2021-12-03,-5.2324,19.6251,16.7663,9.89377,9.69159,10.0764,15.7327,17.636,19.2363,1691.74,1295.64,17.2228,9.55939,7.20687,12.8849,12,1440,-6.77426,29.87,24.992,23.3718,20.2444,21.0504,27.4096,24.5499,30.2094,1492.33,1431.51,24.3272,14.7136,10.2784,25.3801,11,1440,21.0763,16.8834
2021-12-04,-8.66416,143.036,76.4025,104.273,147.365,61.6091,130.219,75.9077,162.159,41625,43595.7,83.2213,54.686,21.7166,111.549,16,1440,-2.36373,89.1405,69.1304,93.259,132.15,46.591,95.111,61.9595,93.3603,29833.3,19939.6,64.1895,45.5028,23.6277,92.5912,13,1440,97.955,66.0838
2021-12-05,0.494903,19.2503,18.1006,19.7106,11.2659,12.3275,18.9382,17.8214,18.1568,503.71,381.409,16.1672,8.94058,9.16004,18.9382,11,1440,1.90511,23.6332,22.5756,23.6693,13.2728,13.2993,23.7352,22.8717,22.8702,636.47,495.1,21.7333,11.3907,11.1849,23.3374,12,1440,18.6818,17.6918
2021-12-06,2.09464,23.6579,30.3991,20.2093,22.6746,23.1146,28.0514,26.2208,22.4848,4272.52,1776.82,25.592,11.1838,19.2153,26.8666,11,1440,3.53851,28.3987,36.3749,27.3289,33.032,33.1998,33.5472,37.4537,28.2586,2564.71,2595.74,40.6298,17.3415,19.0334,32.9446,11,1440,22.3866,29.194
2021-12-07,0.29106,11.0498,10.2332,7.34367,6.8797,6.573,10.0889,10.0034,10.8093,119.172,125.417,10.9399,5.55722,4.67596,8.50194,13,1440,-0.951938,13.1051,14.3854,10.6456,8.2849,8.55236,13.6638,14.9566,12.7047,194.753,219.81,14.3692,8.22455,6.16089,12.5189,13,1440,10.3688,10.8897
2021-12-08,-0.233049,11.6667,14.7219,14.3035,16.4439,17.9957,13.0637,11.2144,11.1439,1091.13,165.974,10.7731,6.28615,8.43572,13.2009,11,1440,2.98559,15.2261,16.8117,15.6856,17.4291,14.6496,16.4767,15.1159,14.1332,510.475,234.038,15.4573,7.67864,9.13309,16.8713,11,1440,11.3987,13.8687
2021-12-09,-5.97136,13.7609,13.1103,12.8874,9.5236,8.99568,13.3905,12.7886,13.5022,244.506,161.465,11.3919,7.61478,5.49553,12.048,13,1440,-7.75966,18.3969,19.6853,18.6932,16.4577,11.0022,18.9498,19.2177,18.4275,557.497,380.362,17.8962,11.7611,7.92422,17.7348,12,1440,14.0036,14.4602
2021-12-10,-0.855569,19.7834,23.5531,20.4743,18.83,18.8904,20.9409,19.5684,16.6256,2488.69,575.271,17.209,12.989,10.5641,20.8302,11,1440,-5.19134,29.0069,36.3572,32.3574,33.6903,34.3828,32.2333,29.5571,24.6224,7571.89,1059.02,27.8305,22.7568,13.6004,32.6803,11,1440,21.2807,26.8067
2021-12-11,4.66144,15.4625,14.2026,17.9728,15.1722,7.18371,14.584,12.4042,13.1905,1268.28,251.196,10.5746,4.72996,9.47264,15.5958,12,1440,4.79427,23.3676,22.043,21.7021,15.2784,13.0229,22.0631,22.6457,21.2198,1076.84,919.434,21.8718,9.54715,12.4958,22.9866,12,1440,16.603,15.45
2021-12-12,1.33527,7.7944,5.44768,6.03204,5.48494,5.81104,6.35071,5.11487,7.15753,47.3668,27.0063,4.69497,2.44248,3.0052,5.99595,13,1440,0.988648,8.74487,6.9891,7.87047,7.92211,8.9795,8.28159,6.80162,7.83926,82.6376,55.5803,5.99433,3.27092,3.71818,8.03487,13,1440,7.02803,5.13077
2021-12-13,-6.92974,19.4207,16.0634,16.31,13.4454,13.5587,18.0758,14.081,19.0055,696.371,314.392,12.6021,8.81895,7.24448,17.0874,12,1440,-8.80429,24.7155,22.7573,25.774,25.675,25.3912,25.0604,20.3703,24.1424,1197.9,640.963,17.0314,12.9363,9.82096,25.2143,12,1440,19.3867,17.2389
2021-12-14,3.45242,13.6544,17.0213,15.2948,14.2373,12.4969,14.7919,14.9176,13.0848,490.219,255.824,14.658,6.70857,10.3127,14.7755,11,1440,2.0171,20.3317,25.3998,21.1454,18.6735,15.4756,21.8135,23.5031,19.3555,814.244,571.007,23.2551,10.932,14.4678,20.3882,12,1440,14.9323,19.0667
2021-12-15,1.07338,20.2279,18.2084,18.8093,11.4026,13.9424,19.9589,19.5688,19.2535,1142.02,1704.88,19.6981,7.23899,10.9695,19.6267,14,1440,4.06475,31.282,28.1751,35.9633,31.1228,45.002,32.0712,28.0083,31.2091,3631.05,3378.42,30.8846,9.27546,18.8996,34.3698,12,1440,22.5533,20.3147
2021-12-16,-2.55482,8.98883,7.91566,7.20786,6.65881,5.60774,7.87495,7.74778,8.21437,94.6904,79.9688,6.88196,4.68377,3.23189,7.41082,14,1440,-1.52864,13.3544,12.9138,11.5519,9.90593,8.81242,12.6272,11.9533,12.7986,272.888,224.304,11.1706,6.82511,6.08871,11.8819,14,1440,9.48161,8.68485
2021-12-17,-3.20233,17.532,15.4613,17.1875,15.555,15.2318,16.5878,14.2387,15.4629,749.953,428.932,13.3934,7.85331,7.60799,15.7739,12,1440,-2.11126,25.4682,23.1049,27.1708,25.2895,27.4315,23.5228,20.815,24.0049,1818.82,757.934,18.8575,10.3035,12.8014,22.4063,12,1440,18.7994,16.9461
2021-12-18,1.51302,8.55151,7.23357,7.77297,8.4693,8.80226,7.74649,6.42724,8.05292,93.4566,45.2825,6.01415,3.63009,3.60347,7.77522,12,1440,2.15723,15.6285,15.068,17.0596,14.9837,16.2459,15.8552,12.5582,14.3759,883.556,166.513,11.1009,7.00273,8.06526,16.4559,12,1440,10.0604,9.0186
2021-12-19,-0.327753,10.6481,10.1472,10.5002,9.58906,9.45321,10.7765,8.08908,9.98224,960.201,150.449,7.34729,5.64384,4.50338,11.773,13,1440,-0.907913,14.3494,12.4612,13.6482,12.0544,10.054,12.9479,9.94803,13.3495,641.276,182.27,8.9611,6.7717,5.68953,12.915,13,1440,10.6803,10.0636
2021-12-20,0.497739,11.3229,9.31723,9.04539,8.682,9.52673,9.34431,9.27644,11.2714,119.566,104.718,8.04926,4.37827,4.93897,8.46812,13,1440,0.523329,18.151,15.852,15.6732,16.447,19.4466,14.9314,15.2715,18.0727,437.352,259.811,14.5094,6.8414,9.01056,14.344,12,1440,12.7381,10.6252
2021-12-21,4.12509,7.82968,7.26233,9.00078,9.71137,9.54453,7.30218,7.18721,7.19449,111.457,75.0547,6.59838,2.60651,4.65582,7.87505,12,1440,1.74451,9.66109,8.27322,8.38016,7.61361,7.16783,7.90665,7.1391,9.42806,326.544,83.6251,7.02009,2.87896,5.39426,7.95438,13,1440,7.42535,6.4533
2021-12-22,-0.619054,5.66682,4.82945,5.15876,4.55893,5.35362,4.91267,4.73495,5.40174,30.7284,22.646,4.95726,2.63077,2.19868,5.02896,12,1440,-0.866692,6.66351,6.54442,6.44935,5.79103,7.26365,6.26675,5.84452,6.11568,76.943,40.2803,5.8386,3.87043,2.67399,6.24452,12,1440,5.16881,4.70912
2021-12-23,4.52802,7.25735,6.59873,7.03028,9.18731,8.57667,6.70185,6.16094,6.95518,74.6675,69.675,6.31394,2.56634,4.03238,7.22144,12,1440,3.26073,10.0564,9.28374,9.50124,12.218,9.35285,9.47261,8.2125,9.28201,178.258,84.9963,8.24953,4.26646,5.01728,10.2754,12,1440,7.01858,6.31254
2021-12-24,-0.0370061,6.88387,6.32493,5.52558,4.55545,4.32126,6.6631,6.14158,6.53733,57.9651,70.4899,6.21516,3.6338,2.69113,6.57525,14,1440,-1.59483,6.90283,6.58422,5.70977,3.81352,2.75746,6.59248,5.94703,6.22993,80.4783,63.5584,5.7484,3.79787,2.78636,6.33886,15,1440,5.69661,5.4791
2021-12-25,-0.830555,4.27992,3.58294,3.96796,3.37427,1.7688,3.45074,3.42335,3.83291,25.194,16.6267,3.35347,1.9832,1.59974,3.5228,13,1440,1.19075,5.5139,4.72989,5.0438,4.72014,3.34494,4.54511,4.82754,5.0778,27.5433,33.5042,4.88256,2.27492,2.45496,4.52227,12,1440,3.92508,3.24308
2021-12-26,0.742933,5.82237,5.4014,4.5477,3.47245,3.92074,5.26469,4.92361,5.20546,77.6731,37.7464,4.52108,2.80894,2.59246,5.21556,12,1440,-0.766577,4.94631,4.07603,3.89341,2.8676,3.2204,4.15511,3.9074,4.40127,25.042,22.8351,4.09797,2.34856,1.72747,4.20651,13,1440,4.53626,4.05275
2021-12-27,-0.145945,4.36715,4.70868,4.86714,3.84568,3.89998,4.3386,4.52545,4.30335,28.5886,30.1439,4.32032,2.60477,2.1039,4.24697,12,1440,-0.650062,3.72143,3.72606,3.42384,2.91032,3.03544,3.70218,3.48014,3.408,18.3389,19.648,3.56776,1.95125,1.77481,3.62341,12,1440,3.23023,3.59139
2021-12-28,-6.43042,11.3826,12.4618,9.42529,10.7028,7.74626,10.0407,12.2099,11.1027,668.387,194.746,11.307,8.54747,3.91431,9.62863,11,1440,-6.24675,12.2231,13.6471,11.12,12.7646,7.43883,11.306,14.0856,12.3368,386.463,215.262,14.1271,8.70146,4.94563,10.8306,12,1440,10.2816,11.5633
2021-12-29,-2.29581,10.7658,10.7874,12.5432,14.8334,12.1386,10.784,7.33721,9.14362,763.387,81.3855,6.47748,6.68394,4.10349,11.0121,11,1440,-4.38064,11.8064,12.9989,13.1834,14.9523,13.6702,12.5084,9.94265,10.4346,930.576,125.049,9.2672,8.03618,4.96272,12.7578,11,1440,9.94745,10.7224
2021-12-30,1.4024,7.51003,7.02195,6.52301,4.88882,5.11278,6.88288,6.5271,6.78935,142.762,47.7926,6.12881,2.84438,4.17757,7.08189,11,1440,2.15501,9.77794,9.38117,7.7865,5.71477,6.71305,9.06541,8.9165,8.77145,271.449,63.3167,8.48655,3.76904,5.61213,9.18019,11,1440,7.72221,7.38808
2021-12-31,-1.93698,9.71818,10.4448,12.2195,12.4967,15.8855,9.98365,8.93584,8.77828,377.559,182.253,9.12462,4.55583,5.88899,10.7982,10,1440,-0.894732,11.0859,11.9069,12.5949,10.9072,14.141,10.5862,9.58418,10.4913,951.077,186.273,9.36727,4.57673,7.33013,10.8304,11,1440,9.09611,9.81464
2022-01-01,3.20599,6.20417,7.17919,7.42814,6.48656,5.70691,7.14078,5.65961,5.42464,341.079,45.4975,4.58783,2.26231,4.91688,7.67406,11,1440,2.40035,6.44375,7.10578,5.93199,5.92358,5.60819,6.82876,5.49214,5.56517,170.916,38.7589,4.90628,2.6321,4.47368,7.24595,11,1440,5.55267,6.32289
2022-01-02,-0.918805,5.47244,5.40536,4.65111,4.17353,4.19758,5.18866,5.25765,4.66247,45.101,65.2313,5.43718,2.84136,2.564,5.4834,12,1440,1.65217,5.72601,5.75414,4.69182,4.70829,5.77017,5.09083,5.43106,4.532,124.998,47.4384,4.80229,2.32802,3.42612,5.48965,12,1440,4.75864,4.6656
2022-01-03,-1.79256,5.73121,5.66046,6.05095,5.55087,3.85363,5.94739,5.87023,5.46231,45.5919,49.6962,5.15823,3.20866,2.45179,6.13352,12,1440,-1.64288,6.78193,6.9849,8.01507,7.63794,5.16752,7.09697,6.92857,6.45618,86.9028,77.4534,6.32092,4.16625,2.81865,7.39856,12,1440,5.40784,5.57317
2022-01-04,-1.33097,8.83929,8.36009,9.15044,9.08454,8.08939,8.43116,7.78645,8.44809,182.108,102.982,6.50924,4.14008,4.22001,8.51588,11,1440,0.509073,8.52538,8.42076,9.95564,8.41932,9.30163,8.09293,7.95799,8.38644,141.783,92.2182,8.312,3.62825,4.79251,8.41748,11,1440,7.63138,7.2835
2022-01-05,-5.33459,20.8138,18.2238,14.9392,17.2317,15.6097,18.4189,18.4593,19.5273,1406.09,1367.72,15.4523,10.322,7.90184,17.7901,13,1440,-6.67703,22.7195,23.8826,16.1117,18.758,14.4162,21.3176,21.7482,21.24,6555.1,3666.89,17.6585,11.4232,12.4594,20.9562,14,1440,18.9934,18.7012
2022-01-06,-0.852439,9.92372,8.28169,7.83996,5.47642,6.07612,9.15899,8.22558,9.32207,74.0143,71.0313,8.62979,4.39513,3.88657,7.98558,12,1440,-3.85283,17.8209,16.9537,17.6931,16.6733,20.3638,17.7476,16.2688,16.0489,339.86,318.134,17.9464,9.4627,7.49104,17.0638,11,1440,12.0268,10.4638
2022-01-07,-3.58184,24.6125,21.1832,19.2055,17.0833,22.2268,23.9166,17.809,19.9567,2382.59,979.972,14.2617,12.5622,8.62101,23.9786,13,1440,-6.28631,45.6396,41.0523,38.526,34.5838,47.7464,46.2587,32.2446,38.1388,7330.77,2105.25,27.1564,24.7804,16.2719,46.7791,12,1440,31.2712,27.6841
2022-01-08,0.272109,10.8898,9.6656,10.4523,9.10151,8.52023,10.0732,8.70664,9.67152,243.622,109.278,8.31835,4.17292,5.49268,9.7755,14,1440,-3.76753,19.982,19.6724,18.721,18.5045,20.2937,19.8886,20.217,17.9368,720.338,713.09,19.1136,10.2134,9.45903,19.909,13,1440,13.2919,12.2288
2022-01-09,0.442592,6.90021,7.05279,8.33592,8.61477,8.91103,6.89836,6.72245,6.62868,79.8709,54.0446,7.03006,3.3284,3.72439,6.89306,12,1440,2.27897,9.79881,10.317,11.0923,11.3074,11.8373,10.1557,9.74046,9.433,129.794,124.747,9.94752,4.33615,5.98081,10.559,12,1440,7.22544,7.37101
2022-01-10,-0.100685,22.4103,21.7421,20.4331,21.6814,15.2062,21.8949,18.1135,17.687,3000.23,569.154,16.6628,9.54541,12.1967,23.2515,11,1440,-2.22283,28.2102,24.7591,26.9004,34.3369,22.9946,26.1448,21.4773,22.3778,2824.97,891.942,17.6964,12.4517,12.3074,28.0537,11,1440,23.5245,21.5025
2022-01-11,2.14504,9.85518,9.53601,11.5409,8.40922,9.1408,10.2543,9.4933,9.4325,146.096,135.974,9.00402,4.31731,5.2187,10.3774,12,1440,4.96876,11.2318,12.6184,16.5728,11.6103,13.4438,12.8647,11.9197,10.3628,349.272,283.85,11.2916,5.46154,7.15689,13.907,11,1440,9.26128,9.44128
2022-01-12,2.70903,7.04903,6.37732,7.40208,5.0502,4.63243,6.89653,6.95623,6.50751,62.0314,76.4816,6.56944,2.57805,3.79927,6.85155,13,1440,3.97997,8.76,9.13507,9.44574,8.43038,7.41293,9.60779,8.93647,7.98581,119.634,127.357,8.70554,3.63338,5.50168,9.89678,12,1440,6.69685,6.56348
2022-01-13,-3.10575,6.95748,8.50127,6.52592,7.62607,7.60611,7.71577,7.94668,6.74348,168.058,91.9088,8.46292,5.2915,3.20977,7.98918,11,1440,-3.9525,9.33464,12.5463,9.91797,10.7986,10.1075,11.4465,10.8383,8.99871,360.606,132.43,11.5324,7.63667,4.90962,11.9013,10,1440,7.05802,9.45162
2022-01-14,1.16761,7.0462,7.46353,6.69783,6.38748,7.12209,7.33996,7.31447,6.64031,99.7118,63.9158,7.36802,3.38426,4.07927,6.86283,12,1440,2.04068,9.42527,9.74137,8.70609,9.23016,10.8837,9.90002,9.78355,8.98044,198.794,124.522,9.39095,4.14067,5.60069,9.02531,12,1440,7.21262,7.47231
2022-01-15,0.0564867,3.69024,3.6384,3.17774,3.08802,2.48139,3.85954,3.76567,3.51788,17.7834,18.1091,3.52723,1.71318,1.92521,3.70502,12,1440,0.561398,4.96338,4.88533,4.96259,3.83568,4.64279,5.38916,3.93344,4.51014,91.4861,20.6734,3.72086,2.07108,2.81425,5.47325,13,1440,3.4256,3.55067
2022-01-16,-0.0293189,3.74201,3.69654,3.93613,4.88109,2.59979,3.64924,3.86519,3.64725,25.414,26.1012,3.93459,1.86561,1.83093,3.5116,12,1440,0.624616,5.8795,6.29167,7.76903,10.0649,4.40979,6.56978,5.7958,5.52307,177.666,77.1619,5.12896,3.14423,3.14743,6.97147,11,1440,3.9469,4.14073
2022-01-17,-2.04066,6.23894,6.12869,5.66392,3.47538,3.36182,6.17772,6.25098,6.21019,65.0475,47.8448,6.53494,3.13215,2.99655,6.12097,12,1440,-4.18604,9.76208,11.1766,12.1801,10.2809,9.21585,10.6823,11.1156,8.7371,205.467,195.627,11.4719,6.46478,4.7118,11.2104,11,1440,6.61014,7.07537
2022-01-18,0.355987,7.2132,6.59195,5.24125,6.11547,4.82821,6.678,6.27494,7.19815,58.0433,50.1251,6.60986,2.95941,3.63254,6.25103,14,1440,-1.56436,12.0215,11.9389,9.46564,11.8216,8.37247,11.789,12.065,11.225,160.414,167.889,11.9222,5.7948,6.14408,11.3999,13,1440,8.14516,7.88312
2022-01-19,-1.64768,8.10321,8.0572,10.2278,7.82293,9.44405,8.04423,8.07831,7.39967,118.738,110.23,7.92552,4.08915,3.96805,8.12645,12,1440,-2.42906,12.8148,13.2199,15.1966,12.8301,16.2047,13.2431,11.9232,11.1019,429.61,188.064,11.0562,7.16258,6.05736,13.3568,12,1440,8.8561,9.15244
2022-01-20,-2.37827,9.62916,9.05339,9.09305,13.7384,17.3573,10.5014,8.82361,9.51657,232.931,199.425,8.41688,4.93633,4.11707,10.0224,12,1440,-2.71284,13.8392,13.0156,13.1266,20.137,26.0398,13.8157,13.1033,12.8426,359.15,327.176,12.9017,7.31504,5.70061,13.111,11,1440,9.8762,9.83427
2022-01-21,-10.9946,44.4877,48.4189,36.9826,47.9117,54.2074,48.3561,42.2211,43.5592,7378.76,2980.16,36.4917,31.5789,16.84,48.4383,12,1440,-15.592,71.8619,78.5231,60.6049,71.3196,71.2587,76.7673,78.3783,66.9456,13133.3,10915.2,75.2874,48.0647,30.4584,76.2465,13,1440,50.3421,55.7065
2022-01-22,-3.84262,40.7739,49.4968,36.9176,23.6331,26.7201,42.937,44.5687,40.7602,8325.47,2707.02,45.1807,20.7797,28.7171,43.1304,12,1440,-6.26549,96.7964,106.818,85.0789,61.4878,82.1477,99.1841,111.364,94.0859,18396.3,22418.8,114.031,48.7181,58.0998,102.643,11,1440,56.5897,66.7661
2022-01-23,3.29025,16.8173,16.8475,18.7403,17.2058,17.1567,16.467,13.9309,16.0004,962.268,265.374,11.3734,6.71743,10.1301,16.5623,12,1440,5.12433,31.2953,31.7905,35.3246,36.7249,43.8147,30.988,25.4083,29.095,3478.14,857.283,22.3638,12.7976,18.9929,30.8485,11,1440,20.1325,21.0512
2022-01-24,1.14068,43.9793,43.2693,39.1809,43.9113,55.1117,43.9366,38.375,42.3475,4483.85,2903.79,40.0502,17.5726,25.6967,45.1984,11,1440,-4.00672,77.5603,70.3896,68.6217,76.1961,94.3229,72.4337,69.5549,71.6683,9180.39,7833.15,68.4268,31.832,38.5575,75.2961,11,1440,52.676,50.7295
2022-01-25,0.8095,17.3674,18.225,15.6158,12.7585,11.6827,17.6437,18.1152,16.942,432.171,456.355,19.3233,8.62885,9.59618,17.6933,12,1440,0.797861,29.9221,30.6186,28.5678,25.1756,26.8431,29.4262,29.2905,28.8514,1166.3,1058.9,33.0794,15.2925,15.3262,29.7637,12,1440,20.4071,21.5801
2022-01-26,-0.403917,27.6676,33.106,16.433,17.1718,18.0361,29.451,29.968,29.3395,5787.23,5544.47,30.4801,18.2726,14.8334,27.1468,13,1440,0.169043,53.372,70.6875,38.6221,50.8343,52.6168,61.7525,59.9216,54.4294,26522.2,21029.5,60.8139,36.3473,34.3402,64.2902,12,1440,34.6386,45.1714
2022-01-27,0.948399,18.3555,21.2412,18.808,19.7868,23.4971,20.1669,18.8345,17.7733,1035.8,538.606,17.39,10.1224,11.1188,20.3658,12,1440,-1.58539,34.5157,40.2847,34.4218,34.0321,38.7825,38.3312,37.709,31.5733,2026.2,1595.16,38.2585,20.0444,20.2403,37.9927,12,1440,21.8813,26.2788
2022-01-28,1.48637,12.1193,13.7609,13.8051,12.0393,11.3833,13.9343,13.3128,11.5653,296.966,234.043,11.7032,6.43514,7.32577,13.8419,11,1440,4.86045,27.4478,33.3638,33.5376,30.7377,30.8079,32.3385,32.3438,25.1365,1734.06,1204.48,28.2933,15.2922,18.0716,32.7487,11,1440,15.9256,19.5106
2022-01-29,1.18678,7.45585,8.53633,8.02223,6.9656,6.30265,9.44967,6.36771,6.77424,403.471,69.4856,5.49946,3.36355,5.17278,10.3431,11,1440,2.19346,15.4775,15.7929,15.9407,14.9732,14.326,17.3833,14.2219,12.9635,544.467,326.624,13.0622,7.00983,8.78308,18.7235,11,1440,9.16343,10.4145
2022-01-30,-0.749735,5.25964,5.37127,5.68382,4.69134,4.45597,5.52775,4.38083,4.65925,56.8139,21.7792,3.99242,2.77678,2.59448,5.8114,12,1440,0.00960964,11.7033,12.9947,13.9787,12.4567,10.4221,12.7573,10.5998,10.3056,300.192,144.934,10.345,6.49343,6.50123,13.5342,12,1440,6.70728,7.50184
2022-01-31,1.53284,9.02691,9.55941,8.87477,10.586,12.8559,9.96702,8.64737,8.11602,299.295,112.818,9.21027,5.16169,4.39772,10.3086,11,1440,3.22456,18.3552,20.501,16.3704,16.7124,18.3838,20.1273,16.1202,17.1298,1072.56,421.533,17.4669,9.85338,10.6476,20.0217,12,1440,10.7871,11.8397
2022-02-01,0.590167,10.1739,10.0337,8.9914,6.38404,7.41212,9.93416,9.61868,9.33165,238.285,144.018,9.17878,4.93824,5.09547,9.73707,13,1440,3.66453,16.9892,16.0744,14.7055,10.8279,11.7885,16.3121,15.2851,15.4351,416.125,289.93,14.4401,7.3345,8.73992,15.2335,14,1440,11.2894,10.9813
2022-02-02,-4.75869,8.34713,8.17575,9.37544,7.12007,9.13652,8.82984,7.2401,8.61735,218.42,74.8877,6.68618,5.53231,2.64344,8.67429,11,1440,-3.89815,20.4044,22.1627,23.1047,21.3952,25.8285,23.6241,22.0132,20.3991,1238.52,1238.64,20.366,13.1776,8.98519,23.3533,11,1440,11.1709,11.6313
2022-02-03,1.11916,8.94791,10.6244,8.61234,10.1178,9.81952,9.47363,8.5098,8.27259,359.729,77.6808,8.43153,5.02307,5.60134,9.92663,12,1440,0.550211,19.9775,22.8988,19.5407,22.885,22.6242,20.4417,19.4431,18.9412,1089.87,385.53,18.7838,10.434,12.4648,19.9893,12,1440,11.8968,14.3636
2022-02-04,10.8176,15.4817,17.1432,19.9457,32.5229,32.3166,17.5975,14.764,13.3978,1732.32,985.751,11.6194,3.54212,13.6011,18.9329,10,1440,10.5372,21.6801,23.4509,24.4706,33.7774,31.4201,24.2943,18.1347,20.3339,2588.42,898.119,15.0654,6.59524,16.8556,25.0945,11,1440,14.5248,16.3563
2022-02-05,-0.462072,6.50661,6.63011,4.01526,3.60181,3.66588,6.20449,6.6109,6.36436,77.8359,59.7328,6.37639,3.4329,3.19721,5.41727,14,1440,0.58792,12.479,12.1386,8.23532,7.60263,6.63478,11.6788,12.7076,12.0042,223.618,200.833,11.4743,6.48898,5.64962,10.1575,13,1440,7.83504,7.93923
2022-02-06,2.38368,7.15764,6.6927,5.19123,4.76373,5.95873,6.53681,7.07061,6.10128,200.339,446.556,6.8602,2.52247,4.17022,5.44534,15,1440,1.39562,9.49166,9.05853,8.15865,6.98936,8.74689,8.50614,8.56592,8.4437,210.221,156.086,8.68078,3.93417,5.12436,7.39814,14,1440,7.22652,6.91852
2022-02-07,3.38493,9.22501,9.65483,9.44714,10.2061,8.92631,9.23076,9.80791,9.71254,130.034,127.137,9.711,4.05469,5.60014,8.73785,12,1440,2.73732,11.0506,10.3509,9.23481,8.26169,6.85335,10.4545,11.881,11.208,114.432,177.105,11.8132,4.88816,5.46275,9.1881,13,1440,8.62589,8.73998
2022-02-08,0.461979,14.2995,14.6497,17.9576,18.2761,17.2597,15.2968,15.4634,13.3811,304.78,337.676,14.4499,7.70077,6.94893,15.7367,11,1440,-0.737801,15.1499,14.3892,15.6883,15.7148,15.6643,14.3789,15.1898,14.387,244.981,305.175,13.7898,8.10962,6.27956,14.3171,12,1440,12.8687,12.8024
2022-02-09,0.745866,8.67982,9.57924,10.0586,9.53482,7.32106,8.83515,8.92073,8.63163,113.122,90.269,8.64283,4.67773,4.90152,8.83986,11,1440,4.00171,11.3386,12.0522,10.9655,10.6007,7.61915,11.1457,11.377,11.5951,202.875,128.229,10.9773,5.2924,6.75982,11.0047,12,1440,8.7498,9.68971
2022-02-10,-1.99688,19.6684,22.0691,25.0604,24.6953,20.8117,22.214,16.466,17.4347,3424.96,982.637,15.2664,12.1964,9.87266,24.6851,11,1440,-5.43003,24.26,28.202,33.7172,34.3393,28.5232,27.0151,19.9692,21.1189,6755.83,1264.21,17.9249,18.1408,10.0612,30.2271,11,1440,19.9984,22.8064
2022-02-11,-2.61275,17.8872,17.7358,13.54,13.2048,11.4998,18.3752,15.6666,16.5566,1028.26,501.713,14.7504,8.3283,9.4075,15.4345,14,1440,-4.83258,27.0375,25.1431,21.1183,24.7516,23.2908,25.291,23.3328,25.5683,1620.86,1141.48,23.3636,13.0892,12.0539,21.912,13,1440,20.1817,19.1645
2022-02-12,-0.3685,7.31205,7.48722,5.9158,5.27845,7.24179,6.83792,6.79509,6.90517,162.822,63.071,6.20591,3.95765,3.52957,6.55416,12,1440,-0.29625,15.6288,17.1636,16.0812,14.4711,21.6508,15.4395,15.0876,14.9737,881.162,305.826,15.1398,8.34522,8.81839,16.0005,10,1440,9.32052,10.3291
2022-02-13,-0.389717,4.84325,4.68453,4.59245,3.846,3.87418,4.69467,3.85906,4.49338,58.1954,16.8261,3.51995,2.29145,2.39308,4.59068,13,1440,-1.64943,10.9585,10.9704,12.4541,10.4616,10.0927,10.9011,9.39229,10.5874,306.391,106.004,8.2087,6.44422,4.52615,11.2162,13,1440,6.41701,6.52705
2022-02-14,1.14029,7.27729,5.73935,5.71161,6.41327,6.2914,6.58524,5.82557,6.93892,47.0121,36.2907,5.51386,2.65781,3.08154,6.22559,12,1440,2.02114,12.7888,10.9513,11.9328,13.7328,11.9118,12.3535,9.96693,11.9285,221.104,92.1421,9.92591,5.30098,5.65031,12.0723,12,1440,8.50512,6.90746
2022-02-15,4.61474,5.76718,5.5414,6.70275,5.60916,7.06421,6.05046,5.19163,5.64769,121.67,46.9671,5.24393,1.70681,3.83458,6.2508,11,1440,8.30704,10.5254,11.5395,14.1103,13.9642,19.7112,11.8998,10.9606,10.0591,595.394,422.453,11.2017,3.36746,8.17204,12.8791,10,1440,6.41219,7.06224
2022-02-16,-1.51849,5.30195,4.36951,3.9834,5.05947,3.84672,4.14944,4.16564,4.88347,25.9834,22.826,3.69558,2.47637,1.89314,3.92908,13,1440,-1.94176,10.576,10.2376,11.6534,16.2074,12.2961,9.54707,9.79781,10.1359,146.844,131.912,10.7385,5.26676,4.97081,10.0408,12,1440,6.45704,5.78269
2022-02-17,-7.96223,12.9196,10.9674,10.1083,14.3721,11.4597,12.9414,9.01664,11.4502,347.928,136.118,9.68079,7.57873,3.38871,12.9519,13,1440,-7.66666,21.1915,18.0109,17.5255,19.4742,15.9008,20.3561,17.0208,19.9686,558.88,427.065,17.0143,11.4376,6.57322,21.7446,12,1440,14.4584,12.1837
2022-02-18,-1.34493,12.4658,12.914,16.739,7.51402,6.85148,12.8793,13.0196,12.4933,553.565,467.404,12.2288,6.26435,6.64968,14.3029,11,1440,-3.96395,19.232,19.4415,23.3806,13.2883,12.7736,19.3925,16.1985,18.4675,1002.8,455.002,17.6798,10.5863,8.85515,21.309,13,1440,14.0587,14.5568
2022-02-19,0.26165,4.26099,3.80699,2.93627,2.43238,2.4815,4.01495,3.27347,4.02283,29.1113,12.3019,3.34852,1.82182,1.98517,3.78725,13,1440,-0.571883,10.4582,9.89812,10.7302,11.1661,10.985,10.6606,8.73558,9.67358,346.019,112.604,8.44318,5.16871,4.72942,11.7095,12,1440,5.80809,5.42828
2022-02-20,-4.31408,7.44327,6.94443,7.15503,7.43546,9.86801,7.44747,6.29042,6.88296,128.51,66.681,5.32675,4.0742,2.87023,7.55484,11,1440,-5.26115,15.7077,15.4144,17.1366,16.4979,20.3982,15.9781,14.6231,14.8595,268.643,258.008,13.2651,8.21449,7.19991,16.4025,11,1440,9.30078,8.78611
2022-02-21,-3.65776,27.2422,28.7311,29.6165,33.9312,37.941,29.0366,25.137,28.118,3286.7,1064.19,24.7312,14.1933,14.5378,30.2054,11,1440,-2.07984,41.9273,42.7424,40.2265,52.4116,45.9796,42.1703,38.6938,42.2625,6919.81,2104.32,37.8151,18.6111,24.1313,43.125,11,1440,30.8663,32.6952
2022-02-22,3.24908,16.9153,17.5082,15.3061,14.9047,9.60229,17.1671,16.7497,16.3675,479.202,389.426,15.8687,7.76159,9.74657,16.3583,13,1440,2.62375,26.8565,28.4457,27.6874,30.7279,23.3045,26.928,29.9968,26.1761,1204.89,1254.95,28.7858,13.312,15.1337,27.083,12,1440,19.2783,20.2264
2022-02-23,-2.5977,10.1889,10.5836,12.0479,9.42276,9.50209,10.471,9.07407,9.52757,340.882,135.041,7.8995,5.98598,4.59762,11.1679,11,1440,-2.16956,17.0842,18.6631,23.1728,15.1687,15.2188,17.2778,15.008,17.6915,903.803,283.533,13.9671,11.2928,7.37033,18.243,12,1440,11.6304,12.2836
2022-02-24,2.85079,46.5443,57.2329,54.9056,45.8095,45.4511,55.3636,48.2298,40.4028,20925.4,4495.51,46.1246,23.8199,33.413,57.6804,11,1440,0.637185,59.6502,87.6518,78.8061,79.4671,81.3942,74.9085,84.1204,58.0023,39328.2,11144.2,76.4136,34.4279,53.2238,81.4834,11,1440,45.9923,64.6183
2022-02-25,2.30056,16.6543,18.3692,16.3491,16.917,13.1084,17.3673,16.0965,16.2063,629.96,291.697,14.5925,7.7966,10.5726,16.8304,13,1440,6.42532,29.0069,33.2855,33.8738,39.3179,33.1933,32.9369,27.8262,26.1159,2587.34,1215.27,27.2011,12.5948,20.6906,34.8943,12,1440,18.5719,21.1396
2022-02-26,-0.261566,9.12717,8.62055,7.80156,7.68925,5.8117,9.10648,7.13944,9.31779,249.113,74.8651,6.19418,4.06044,4.5601,8.40634,14,1440,0.395822,17.6849,16.9425,16.2951,15.7269,12.7718,17.9509,13.7106,17.6816,1475.73,233.39,11.8353,6.79681,10.1456,16.5378,14,1440,11.2354,10.8408
2022-02-27,-3.69146,15.4581,18.8052,19.8687,21.0473,27.3225,17.2984,16.0045,15.4141,939.486,496.47,16.2247,12.5523,6.25291,18.0898,10,1440,-6.03119,28.1475,33.0705,37.2695,35.2779,48.8231,30.5043,29.8404,27.743,2378.44,1249.26,27.8678,19.7393,13.3312,31.919,10,1440,17.867,22.0153
2022-02-28,13.5279,28.0413,38.5643,39.6402,32.5117,46.7143,39.7757,24.3283,27.0115,19353.3,688.749,20.7171,8.94334,29.621,42.4388,10,1440,10.9961,29.1234,33.2177,32.114,33.9407,47.8754,35.7732,28.8229,28.2176,3813.53,1101.82,25.1045,11.2322,21.9854,36.0124,11,1440,23.3672,31.6702
2022-03-01,2.88027,14.5319,14.402,11.0041,12.2597,13.0865,14.1772,14.6414,14.5562,363.121,327.865,14.5252,7.00359,7.39844,12.8049,13,1440,1.87821,20.4097,23.7237,19.0675,19.7855,20.9035,22.312,21.5757,20.2024,1204.91,670.191,20.5414,11.3405,12.3833,20.3895,13,1440,14.6981,15.4257
2022-03-02,-1.19624,16.2695,16.4845,17.1983,13.4506,16.0594,17.4043,13.4032,13.831,2235.32,376.772,9.98301,7.98468,8.49985,17.0887,12,1440,-0.98015,21.5323,26.5245,26.652,22.2287,23.2859,26.2591,20.0735,20.4812,3218.79,503.222,17.6569,12.6817,13.8428,26.923,12,1440,16.4262,18.7219
2022-03-03,-3.33333,10.6668,10.7763,11.0316,10.4935,10.7419,10.933,9.1533,10.3404,277.5,131.466,8.46389,6.14905,4.62728,10.7501,13,1440,-3.92039,13.3969,13.04,14.222,13.728,12.551,12.6801,11.7948,12.6633,325.549,215.366,11.5671,7.10853,5.9315,12.4398,13,1440,10.3873,10.3379
2022-03-04,-8.10549,17.2573,19.5568,13.9835,13.8129,12.5776,18.4153,17.2348,16.4311,926.519,531.711,17.4256,12.1521,7.40467,18.6652,12,1440,-7.77101,20.2275,22.3889,17.6656,16.8832,21.184,21.561,19.4552,18.6773,1495.69,644.68,19.8392,14.063,8.32581,21.6169,11,1440,16.2369,18.8533
2022-03-05,0.634784,5.58299,4.9899,4.3615,3.10123,2.8419,5.12808,5.3228,5.21113,35.467,39.2977,5.5554,2.30398,2.68591,4.02491,15,1440,1.62848,6.92969,6.15951,5.83026,4.2641,4.22282,6.58642,6.32425,6.21474,66.5196,53.0929,6.21458,2.66221,3.4973,5.37217,14,1440,5.38582,4.85357
2022-03-06,-2.51148,11.0904,11.0189,11.0738,12.7587,9.3597,11.1188,9.21518,10.7828,326.144,128.993,7.68239,5.39764,5.62128,11.6112,12,1440,-4.36612,10.7806,9.68643,10.8285,16.0138,14.5037,9.51873,9.0963,10.1082,210.833,270.479,8.72971,5.60572,4.08071,10.1311,12,1440,9.56526,9.10014
2022-03-07,-1.13289,17.1902,18.763,15.8443,17.3284,15.2006,20.0255,17.6334,17.2786,696.894,469.963,15.8763,10.1387,8.6243,21.0544,11,1440,-2.38667,19.2154,18.7955,18.3791,21.2759,21.6802,21.0278,16.6054,18.8535,1060.9,420.987,15.6322,10.6924,8.10303,21.8484,11,1440,16.1655,17.1079
2022-03-08,1.93604,18.4099,15.125,11.6458,8.77916,9.60323,17.7964,13.5763,17.7394,357.033,228.424,12.4265,7.37407,7.75089,15.3624,13,1440,3.34938,24.7105,23.1976,18.1143,13.6689,13.696,26.3948,21.1807,23.9751,894.505,630.787,19.0204,10.8232,12.3743,23.4302,12,1440,19.8816,17.5804
2022-03-09,7.965,13.5288,14.4352,14.1288,17.8048,26.6395,14.6012,14.636,12.7618,538.364,715.537,14.9997,4.49846,9.93672,15.1546,11,1440,5.69686,12.7839,13.8594,10.6468,13.1467,16.4543,13.0248,14.4673,12.2308,279.129,367.908,15.0427,5.22161,8.63779,12.92,12,1440,11.1621,12.4439
2022-03-10,-6.19568,20.0542,24.468,16.0746,15.9667,19.1167,19.6355,25.6383,18.0324,3110.2,5710.9,25.3905,15.8141,8.65395,19.2835,12,1440,-4.51097,17.8923,19.3715,13.9066,12.0226,10.9144,15.8719,18.9423,17.3274,2527.09,2684.46,17.5175,12.6583,6.71322,15.2847,13,1440,16.9778,20.0074
2022-03-11,-1.77206,14.9432,16.1676,14.0911,15.1945,18.8653,15.4478,15.5578,14.309,449.698,470.84,14.7251,8.71117,7.4564,14.7596,12,1440,-1.93051,16.1864,15.7859,14.915,16.0421,19.1341,14.7138,15.1303,14.8041,440.622,278.306,14.6305,8.46866,7.31728,13.3102,12,1440,13.6412,14.2499
2022-03-12,0.200653,4.03175,3.36365,2.2864,2.22483,2.64657,3.60098,3.37827,3.41797,19.5265,16.2943,3.29185,1.65159,1.71206,3.02033,15,1440,0.465892,5.06166,3.97529,3.17462,3.04944,3.02004,4.43794,3.94708,4.47277,25.6421,17.9786,3.57312,1.78594,2.18935,3.6864,15,1440,3.86703,3.14278
2022-03-13,-2.69005,6.88163,7.03844,7.99988,8.39636,9.27233,8.09415,4.22207,5.96361,1015.82,47.6123,3.31813,4.97051,2.06793,8.35944,11,1440,-2.09076,7.07027,7.68061,10.3216,11.0136,10.1016,9.22706,6.47375,6.92937,479.138,102.951,5.73769,4.96305,2.71756,9.88953,10,1440,6.0812,6.52455
2022-03-14,4.89203,11.6565,12.9575,10.2975,8.02812,7.28074,11.9277,9.96122,10.3788,1092.8,228.826,9.72173,4.02401,8.93348,10.7001,13,1440,2.88988,12.0822,11.9156,12.7923,8.31659,7.13621,11.7261,8.24551,9.849,1544.53,113.882,7.37964,3.47369,8.44196,11.6616,12,1440,10.0354,10.6046
2022-03-15,-0.990588,9.07613,7.60486,7.89253,7.77899,8.74794,8.51005,6.51746,8.50428,210.385,55.8374,6.00887,4.93878,2.66609,8.22745,13,1440,1.08775,11.1594,9.12942,10.5759,11.012,12.6154,10.6771,8.77812,10.0581,160.527,106.34,7.60394,5.18871,3.94071,11.0344,12,1440,8.59027,6.93663
2022-03-16,4.56248,33.9428,42.0067,53.3587,40.9476,45.5454,40.076,29.8921,29.739,21607.4,2060.07,22.34,19.3662,22.6404,43.5113,10,1440,5.79143,21.7364,25.5397,31.4715,23.9798,27.4877,24.5126,22.2125,20.9477,4024.42,697.73,17.7654,11.4643,14.0754,26.9488,11,1440,23.6928,30.1219
2022-03-17,-0.478108,6.65102,5.44647,5.15498,4.76254,3.99514,5.75961,5.36824,6.3868,37.7347,40.1996,5.39228,2.89933,2.54714,5.05282,13,1440,1.36457,7.67684,6.67168,5.58769,5.009,4.18087,6.65256,6.33343,7.70482,63.4991,66.866,6.48837,3.2769,3.39478,5.86119,13,1440,6.15054,5.22807
2022-03-18,2.03117,7.19868,6.13679,5.68634,6.66269,6.97079,5.958,5.97313,7.02665,86.7419,55.9837,5.70965,2.82316,3.31362,5.44639,13,1440,4.41746,9.71204,8.89665,8.43287,9.86435,10.8404,9.1596,8.01132,8.99221,151.556,77.7566,7.28307,3.32582,5.57083,8.74096,12,1440,6.63037,5.82529
2022-03-19,1.05677,3.9601,2.78057,2.85676,2.57218,1.52028,3.30937,2.74662,3.54011,11.0692,8.82574,2.66989,1.38307,1.3975,3.02725,14,1440,0.404771,6.18498,5.00002,5.00856,5.06025,4.20478,5.54391,4.58596,6.38453,32.7686,26.3716,4.63633,2.57188,2.42814,5.39489,12,1440,3.93369,3.08174
2022-03-20,-2.25024,4.46965,3.75101,3.80128,3.42701,1.9795,3.81956,3.76457,4.37909,20.9751,21.7696,3.65607,2.05707,1.69393,3.64334,12,1440,-3.07858,7.47365,6.65707,7.61641,7.63857,5.3409,7.26083,6.55548,7.4594,77.4145,61.9722,6.18448,3.66572,2.99135,7.13466,12,1440,4.54855,4.03832
2022-03-21,-0.63177,6.50378,6.93241,6.04467,4.54583,4.97492,6.46818,6.10152,6.44092,190.419,64.6524,5.76381,4.11708,2.81533,6.71372,11,1440,0.996286,9.11306,10.0987,9.65818,8.76492,9.33174,9.0675,9.24148,9.38783,156.852,89.8354,8.50652,5.13222,4.96646,9.37809,12,1440,6.45328,7.29133
2022-03-22,3.26751,11.1688,11.4004,10.5207,14.4902,12.6276,11.1835,9.44764,9.28442,1099.3,227.127,8.01304,3.50988,7.89052,10.6976,12,1440,2.71739,11.7863,11.2642,10.0829,13.6248,12.2379,11.4305,8.28689,10.0004,810.667,109.909,6.96331,3.85189,7.41232,10.9842,12,1440,9.65705,9.40995
2022-03-23,1.21679,6.03534,5.5271,5.79262,5.96286,5.45085,5.7682,4.66477,5.76409,68.7266,21.5587,4.58477,2.67957,2.84754,5.92523,12,1440,2.21001,9.14115,8.63526,10.3766,10.8523,11.3356,8.92504,7.35319,9.17861,252.228,57.3922,6.73588,4.39437,4.2409,9.5576,11,1440,6.18877,5.90739
2022-03-24,2.55256,7.16302,5.46286,5.27264,5.35694,4.98351,5.99052,5.26035,6.53113,70.4377,47.9929,4.84129,2.29602,3.16684,5.08364,14,1440,2.43262,10.9795,9.76607,10.2983,10.0893,8.29766,10.1695,7.402,9.24206,345.224,64.7236,6.76091,3.70553,6.06053,9.84938,13,1440,7.47023,6.12975
2022-03-25,0.728617,5.69894,4.30835,3.48315,4.19685,4.11701,4.72852,4.17019,5.45903,23.9232,24.3787,3.99329,2.13657,2.17178,4.05759,14,1440,-0.277487,8.42618,7.68368,6.87924,8.159,7.1786,8.06801,7.43549,8.16235,81.8506,63.1597,7.35037,3.89336,3.79032,7.60932,13,1440,5.94645,5.01145
2022-03-26,0.446072,2.26444,2.08633,1.86959,2.52209,1.04425,2.00106,2.0045,2.14898,14.8276,6.55433,1.90388,1.16732,0.919015,1.97992,12,1440,1.37217,3.11654,3.02966,2.65878,3.19584,1.80081,2.97134,2.74287,3.12975,15.1089,6.67286,2.71472,1.51148,1.51818,2.96366,12,1440,2.19333,1.99785
2022-03-27,5.07338,7.92161,12.9459,12.5406,11.3681,10.1927,10.5965,7.77569,7.3823,7317.98,443.487,4.33064,1.42888,11.517,11.5152,9,1440,4.67895,6.20274,7.55984,8.51534,8.32899,7.87402,6.4851,4.77512,6.14048,912.386,37.3931,3.5942,1.48185,6.07799,6.99263,11,1440,5.7915,8.46043
2022-03-28,0.626825,6.70727,6.92842,4.5455,3.77992,3.81723,6.35746,6.11015,6.42968,276.461,81.6808,5.17571,3.02371,3.90471,6.5809,12,1440,1.12454,9.2567,9.40747,7.14169,6.59202,7.06208,8.99782,8.84286,9.44079,198.346,111.924,8.34659,4.55571,4.85176,8.97415,12,1440,6.59766,6.93508
2022-03-29,0.66117,5.35233,4.7349,4.03399,4.12118,3.0358,4.43174,4.72116,5.27857,48.338,33.818,4.43522,2.24348,2.49142,4.2267,13,1440,2.00766,9.63831,10.6044,9.54143,9.64926,9.20941,9.28941,10.3761,9.76078,211.866,176.065,9.38758,4.95695,5.64744,9.37648,12,1440,6.01884,6.28155
2022-03-30,-0.776298,5.31113,4.38414,4.74557,4.6977,5.33451,4.87174,4.0253,5.5278,32.5537,15.604,3.96607,2.37348,2.01066,5.01886,14,1440,-0.433816,8.5906,7.38806,7.49875,7.94907,8.22431,8.16585,7.61055,8.82185,61.7834,57.1595,7.65358,3.76144,3.62662,8.53411,13,1440,5.94049,4.95005
2022-03-31,-3.36536,6.6194,6.68997,4.67149,5.94327,6.60155,6.37536,5.47887,6.41246,446.909,74.5332,4.68573,4.40176,2.28821,6.54367,12,1440,-3.12836,10.7939,9.06991,8.0917,10.2476,11.6012,9.44539,8.12602,11.2347,249.669,133.392,8.06801,5.33321,3.7367,9.61046,12,1440,7.47408,6.70625
2022-04-01,1.68458,8.00765,7.92698,8.15734,9.03404,10.1696,8.0275,7.69636,7.74773,104.701,82.8153,7.0869,3.58749,4.33949,7.94096,12,1440,5.15796,10.6422,10.6238,10.8818,11.8094,15.2896,10.295,9.46637,10.618,209.052,107.918,8.43168,4.51632,6.10749,10.475,12,1440,7.82825,7.70838
2022-04-02,-1.02611,7.4163,7.21851,7.53932,7.18334,5.38558,6.66497,6.24371,6.89416,297.703,135.681,5.50276,3.79994,3.41857,6.5503,14,1440,-0.331644,10.5263,9.30876,9.49235,9.83706,6.65714,9.29671,9.36749,10.205,144.424,173.227,9.49899,4.81064,4.49812,9.35355,13,1440,7.4904,6.98984
2022-04-03,1.29336,6.66724,6.88545,7.29892,6.65818,5.25122,6.15439,6.48045,5.77194,161.545,126.716,6.62434,3.25858,3.62687,6.3902,12,1440,2.24367,7.5152,7.30817,8.2363,9.05128,6.16659,7.22787,6.456,7.01722,127.834,54.8674,6.20366,3.04241,4.26576,7.82613,11,1440,5.72138,5.78543
2022-04-04,0.372436,7.32167,5.02819,5.57212,5.15692,5.55555,6.09601,4.27759,6.61653,50.461,23.299,4.09084,2.59381,2.43437,6.01247,15,1440,-0.0684522,9.08243,6.77689,7.25524,7.16609,7.46851,8.25475,6.00874,8.60457,62.0431,37.2941,5.71542,3.40356,3.37333,8.12576,14,1440,6.97638,5.04858
2022-04-05,-2.35237,5.85786,5.06711,6.07531,4.55573,3.7129,5.03908,5.06569,5.55245,59.9528,39.8856,4.77586,2.90095,2.16616,5.32097,13,1440,-3.24897,8.55685,8.11505,7.96926,5.95323,4.59437,8.06693,7.80663,8.67668,140.854,89.769,6.77158,4.65989,3.45516,8.24873,13,1440,6.1299,5.57007
2022-04-06,-5.25018,13.2807,11.2506,8.76958,11.5454,6.27738,11.5015,11.8821,13.4518,220.858,294.415,11.7417,6.5257,4.72486,10.2824,13,1440,-7.25678,22.9941,21.5247,21.9914,25.5716,15.1435,20.2795,21.8893,22.6781,848.279,1020.56,20.8983,12.691,8.83377,19.8653,12,1440,15.5276,13.8827
2022-04-07,0.632043,7.82789,6.80331,6.2853,7.21671,4.36264,7.04544,6.15919,7.35535,158.847,77.3414,6.04804,3.81449,2.98882,7.00161,14,1440,1.83503,12.5316,11.506,10.3439,12.1764,7.68729,12.1018,10.0783,11.7509,229.285,148.225,9.28869,5.86844,5.63761,12.0946,14,1440,8.8043,8.11217
2022-04-08,-2.78252,8.9062,7.92825,8.35364,9.67637,7.77782,7.97802,6.13299,8.26532,202.42,53.2817,6.13165,4.0219,3.90635,7.94045,13,1440,-1.08419,12.5134,10.8895,11.2739,12.1472,10.0064,11.1064,9.35225,11.6201,170.553,97.2088,9.75751,5.05355,5.83594,10.4293,13,1440,8.98874,8.15464
2022-04-09,1.18101,2.78487,2.44886,1.96161,1.8358,2.10152,2.3238,2.37949,2.43814,9.3703,8.43053,2.27056,1.00316,1.44571,1.99736,14,1440,2.05186,5.79878,5.58029,3.97204,4.02516,4.64185,5.38284,5.17541,5.19021,42.3896,29.7072,4.77176,2.21968,3.36061,4.82421,13,1440,3.41903,3.28352
2022-04-10,-1.40174,4.39004,3.50522,3.69901,4.09462,4.3972,4.04544,3.5306,3.63879,25.3677,27.5349,3.32844,1.9297,1.57552,4.18333,12,1440,-1.71881,4.5538,3.86421,3.81302,3.49324,4.24488,3.86452,3.47149,4.29153,36.4598,18.3447,3.24951,2.39118,1.47303,3.92219,13,1440,3.47813,2.75963
2022-04-11,-6.43734,13.0474,12.5647,11.3865,11.0876,12.3882,13.0883,11.2784,11.7829,391.051,171.818,9.45528,7.71487,4.8498,12.3386,13,1440,-7.22643,17.4317,15.3095,12.355,13.587,14.5756,15.6767,15.2865,16.4596,348.527,353.45,15.1382,9.11279,6.19667,14.3558,13,1440,13.0112,12.2151
2022-04-12,1.36799,9.8812,8.1826,7.71485,8.15706,6.34761,8.62668,8.22488,9.41989,99.9209,70.0752,7.39504,3.91185,4.27075,8.4381,14,1440,1.5954,13.5923,11.1785,10.2418,10.7322,8.99071,11.5496,10.1538,12.7355,184.631,124.993,9.29884,5.37334,5.80519,11.0616,14,1440,10.467,8.55894
2022-04-13,2.6419,8.04,8.71919,7.96609,10.4604,8.93315,8.35285,6.99841,7.65596,283.964,71.3288,7.3378,3.1616,5.55759,8.38141,11,1440,2.94915,8.40884,8.5543,8.00144,10.3778,9.60814,8.31036,7.42404,8.00706,137.788,83.6571,7.67634,3.30544,5.24886,8.11326,11,1440,7.01348,7.60161
2022-04-14,-2.97323,5.58479,4.92892,4.88891,5.69597,5.78268,5.30248,4.08123,5.15092,97.1979,31.2465,3.73155,3.33119,1.59773,5.32394,13,1440,-3.13693,7.57805,5.93865,5.31536,6.62144,6.45831,6.66875,5.46565,7.08838,86.443,51.6854,5.21251,3.705,2.23365,6.10711,14,1440,5.80197,4.8553
2022-04-15,1.51447,4.59588,4.95341,3.48974,3.52313,2.24188,4.66765,3.82605,4.56993,321.302,38.4642,3.31791,1.5004,3.453,4.26508,15,1440,0.612946,5.06048,4.9427,4.36084,4.76904,2.75728,5.17652,3.47512,5.0607,212.587,16.425,3.17457,1.76881,3.17389,5.21436,14,1440,4.30985,4.5189
2022-04-16,-0.427997,2.16763,2.08989,1.5504,1.37213,1.90005,1.84296,1.785,2.04529,29.1044,7.20784,1.56714,1.28266,0.807235,1.66663,14,1440,0.614442,3.1031,2.62935,2.64962,2.26848,1.80159,2.61436,2.4157,2.60512,39.027,10.4703,2.03194,1.35614,1.27321,2.52676,13,1440,2.22026,2.08683
2022-04-17,-1.75028,3.2866,3.08187,2.96724,2.75199,2.47951,2.93275,1.97534,3.14829,34.9859,2.80821,2.14432,1.76451,1.31736,2.98851,13,1440,-2.35618,4.57673,5.04985,5.54991,5.86404,6.13846,4.52315,4.51365,4.29619,100.159,39.2543,4.18104,2.81366,2.23619,5.17196,12,1440,3.32285,3.4872
2022-04-18,2.79099,12.4609,10.4972,11.5999,11.7112,13.0719,12.1879,8.69381,10.1674,1185.82,215.303,6.33488,5.36434,5.13287,13.0764,12,1440,2.23385,12.3148,13.2275,11.7946,14.8885,17.6911,12.8796,9.92929,9.65772,1600.89,178.243,8.55693,7.1376,6.08992,13.855,10,1440,11.0642,10.4323
2022-04-19,1.68193,4.26697,3.48731,3.18998,3.42206,3.21128,3.74986,3.44387,3.98676,22.9919,25.8105,3.20574,1.64029,1.84702,3.6015,13,1440,1.501,6.02197,5.70669,5.66396,4.78122,3.56678,5.56703,5.42458,5.51539,76.8739,62.8221,5.09463,2.70366,3.00302,5.63666,12,1440,4.41717,3.93732
2022-04-20,-0.325861,4.83987,4.75776,4.80658,4.82028,5.16126,4.68607,4.51869,4.39316,48.3893,38.906,4.11769,2.75026,2.0075,4.77123,12,1440,-0.832986,7.95255,8.14607,8.01207,8.52179,8.43493,7.81484,7.62777,7.20499,155.987,108.995,7.33705,4.91953,3.22654,7.79589,12,1440,5.40904,5.54353
2022-04-21,-2.14622,8.53192,9.78041,7.30153,8.03775,8.14227,9.78007,9.78863,7.91154,348.297,282.632,9.12934,5.77679,4.00361,10.2301,11,1440,-3.05191,9.65677,9.68109,7.73975,8.30176,9.0274,10.3553,9.54263,9.42941,255.614,165.161,9.2476,6.03854,3.64254,10.6013,12,1440,7.8642,8.78584
2022-04-22,-1.92259,8.49982,8.21639,5.58203,4.61899,3.89529,7.77468,8.05428,8.56844,166.815,121.426,7.78726,4.43268,3.78371,7.45582,15,1440,-0.712755,10.0078,9.01591,6.26766,5.50907,4.15992,9.18566,8.47633,9.90801,159.86,85.2268,7.75053,4.47307,4.54284,8.76974,14,1440,8.48136,7.84729
2022-04-23,-0.67613,2.67385,2.25074,2.02609,1.80206,1.66446,2.38937,2.09056,2.57338,16.6273,7.31293,1.84518,1.26758,0.983162,2.27422,14,1440,-0.996036,4.07381,3.56138,3.45454,2.7757,1.64368,3.76662,2.91671,3.69989,43.0352,11.747,2.63375,2.05883,1.50256,3.68347,14,1440,2.85012,2.46374
2022-04-24,0.0216246,6.01457,3.81525,2.48774,3.02344,2.00169,4.74211,3.17354,4.80864,84.0597,34.6946,3.15427,1.48038,2.33487,3.26591,15,1440,-0.410999,5.15482,4.38912,3.30658,3.67867,3.33589,4.8365,3.86713,4.85115,62.2281,28.184,3.76852,1.85433,2.53478,4.00524,13,1440,4.72449,3.56168
2022-04-25,2.44378,13.307,15.4125,8.55888,8.814,10.3965,13.0853,11.0856,13.0088,1307.1,227.693,9.96061,5.78279,9.6297,13.1624,13,1440,2.88905,12.8306,13.5424,10.1078,11.4345,17.4089,12.9079,11.4109,12.3857,539.445,202.467,10.4851,5.8794,7.66302,13.3219,12,1440,11.5944,13.0581
2022-04-26,-5.89289,11.5363,12.1241,9.80002,9.6619,8.45973,10.0944,11.7648,11.4502,345.153,385.42,12.0228,6.78816,5.33592,9.56031,12,1440,-6.77495,13.2327,13.9294,11.0939,11.9452,9.20449,12.4724,13.2887,13.2712,587.125,426.27,12.0625,8.3907,5.53869,12.2944,11,1440,10.9771,12.0218
2022-04-27,2.90413,10.8607,8.72663,9.52965,10.4501,9.28643,9.07759,6.8333,10.0587,247.106,68.5099,7.17875,4.50873,4.2179,8.77563,13,1440,2.78295,13.6592,11.6533,14.2051,15.1394,12.319,12.6199,10.0192,12.4864,357.368,151.501,9.95499,6.15113,5.50221,12.6021,12,1440,11.0814,9.19261
2022-04-28,1.28228,11.8314,11.6782,12.1301,6.8676,5.85241,12.1956,10.4908,10.4405,790.286,305.949,10.5019,4.82637,6.85183,12.5638,14,1440,1.64682,15.0463,13.3995,13.2986,9.38202,10.2454,14.373,13.7673,13.0752,653.958,532.324,12.2334,5.54867,7.8508,14.6824,14,1440,11.7143,11.1026
2022-04-29,-2.92588,7.72646,7.13473,5.8071,5.44245,6.41271,7.14053,6.83276,7.13298,125.063,99.5468,6.62062,4.38015,2.75458,6.44406,14,1440,-4.16462,10.3231,9.48424,8.26055,8.26248,7.74694,10.0257,9.12436,9.56717,128.139,105.497,9.15185,5.70077,3.78347,9.08268,14,1440,7.99118,7.36519
2022-04-30,-2.53286,3.92911,3.98361,3.22246,3.56821,4.18065,4.01542,4.02431,3.5636,118.752,162.96,3.7612,2.57083,1.41277,4.34669,13,1440,-3.26412,7.32997,7.6625,6.31631,6.94714,9.28784,8.04905,7.79511,6.72844,367.166,413.273,6.75836,4.74634,2.91615,8.718,12,1440,4.833,5.13033
2022-05-01,2.2013,6.17847,5.69973,6.36439,5.23755,6.56806,5.8873,4.94497,5.6762,99.5029,62.9521,4.48301,2.22843,3.4713,6.27685,12,1440,3.53637,9.08939,8.66188,10.2902,10.1088,10.8482,8.60592,7.51463,8.20466,203.577,79.5316,7.72859,2.97701,5.68487,9.16984,12,1440,6.72704,6.44981
2022-05-02,0.147571,8.72083,7.3574,5.87072,5.27431,5.54067,8.13589,7.34932,8.92553,124.222,116.618,6.80848,3.41697,3.94043,7.38738,14,1440,1.117,10.8185,9.19576,8.00023,7.79949,8.60162,10.2666,9.39326,11.0841,160.724,184.837,8.95044,3.89674,5.29903,9.92769,13,1440,8.93802,7.4766
2022-05-03,-2.08838,4.23275,4.01047,3.3427,3.40579,1.77278,3.91829,3.95171,3.96386,28.1891,21.9622,3.56157,2.0578,1.95266,3.82955,13,1440,-2.65489,6.16979,6.14974,5.31907,4.24505,2.85547,6.38841,5.7182,5.86911,68.2639,41.4037,5.22598,3.12464,3.02509,6.30419,13,1440,4.41167,4.49154
2022-05-04,5.06716,7.69036,6.56631,6.12088,7.10267,6.50096,7.41142,6.72259,7.29428,132.487,205.37,7.54008,2.33447,4.23184,7.90098,12,1440,5.5565,9.62552,11.7076,11.2421,13.2189,13.2598,11.4859,11.9805,9.31372,825.087,1096.43,11.0077,3.53481,8.17279,12.8663,10,1440,7.38118,7.74398
2022-05-05,-8.23368,15.6256,19.2404,16.6135,21.6946,21.3702,15.2968,14.0429,14.7553,7219.81,944.398,10.1342,15.6052,3.63516,15.3461,12,1440,-6.77648,13.7735,14.7624,10.5681,15.0706,19.4938,12.2982,13.866,13.1464,1853.08,1091.31,10.7128,10.9641,3.79825,11.2079,13,1440,12.6954,15.1438
2022-05-06,-1.48611,14.0521,10.6621,11.0139,6.82996,5.55996,13.2321,10.8401,13.9732,255.01,262.824,11.4738,5.93101,4.73105,12.6838,12,1440,-2.02623,18.578,16.197,16.2259,11.4221,8.36425,18.1653,16.4914,19.0094,550.845,482.442,16.2343,9.08292,7.11409,18.0006,12,1440,15.0824,12.2299
2022-05-07,-1.51467,5.28612,5.046,4.95876,6.48707,7.08943,4.24134,4.24289,4.89227,114.614,55.5766,4.76708,2.81285,2.23315,4.10328,12,1440,-2.15879,6.75768,6.95267,6.59739,8.33517,8.83517,6.25087,6.40443,6.03728,106.451,69.4132,5.87762,3.66131,3.29136,5.93248,12,1440,5.11185,5.21634
2022-05-08,-4.12653,11.9568,11.0433,9.77007,9.53664,9.69794,11.69,9.68199,11.6584,465.911,255.154,8.52092,6.47564,4.56763,10.9143,12,1440,-4.48684,14.559,13.7459,11.5961,10.0184,11.8878,14.3626,13.9822,14.5301,472.87,470.87,13.5127,7.03264,6.71328,12.2897,13,1440,11.4968,10.5931
2022-05-09,-12.3751,44.0351,49.1069,48.6952,33.3353,33.243,40.7988,45.6906,45.3781,4566.38,2904.93,51.6179,25.3305,23.7763,39.9899,12,1440,-12.2793,54.6465,54.2814,55.9697,37.1076,38.6709,50.9584,49.493,54.6908,4798.08,3177.94,51.1098,27.9335,26.3479,49.4356,13,1440,44.5026,48.6287
2022-05-10,3.08008,43.4337,42.9191,40.7482,43.4507,44.4878,44.2882,44.2513,43.3829,2323.75,2638.35,40.7576,18.3353,24.5837,42.7806,12,1440,4.96755,51.5217,52.9041,56.1592,56.1018,56.3311,51.2413,57.4306,52.1568,3909.41,4746.87,54.8844,21.41,31.4941,50.4772,12,1440,43.2576,44.5962
2022-05-11,-6.36651,116.14,111.584,105.406,137.691,153.202,112.195,110.509,110.693,42378.6,39833.3,100.355,55.7725,55.8112,105.029,12,1440,-11.6263,167.588,152.092,163.285,205.883,243.31,163.094,155.098,158.939,71397.4,63570.9,144.266,80.1382,71.9538,157.119,12,1440,129.686,123.28
2022-05-12,-0.255239,111.646,111.359,91.3166,88.1459,94.9123,111.704,114.146,113.678,17790.6,20018.8,114.598,52.1028,59.2557,101.269,15,1440,-6.17073,201.055,201.333,184.907,139.427,179.662,195.018,193.773,208.463,82213.2,57401,207.035,92.544,108.789,177.271,15,1440,134.67,136.559
2022-05-13,0.882427,31.4619,31.3189,24.8074,26.3234,24.2873,29.0906,29.8035,32.1041,1487.58,1134.14,29.0841,14.6262,16.6927,28.7406,12,1440,2.49238,53.702,50.7002,41.4746,45.4175,39.7958,45.2437,50.1074,53.816,3626.7,3130.68,50.2809,23.7486,26.9516,42.2648,13,1440,36.2797,35.7808
2022-05-14,2.69391,14.9245,13.227,13.3317,14.3347,13.8864,14.3667,12.605,15.8131,263.635,202.723,11.7087,5.49751,7.72951,14.3934,12,1440,2.30153,22.8281,20.4637,18.927,19.6534,21.8315,21.8165,20.4128,22.6282,497.112,478.308,19.7639,9.7666,10.6971,21.3889,13,1440,16.565,14.5712
2022-05-15,4.04561,13.6024,14.1984,11.2757,12.0211,11.2745,13.063,10.5584,13.1989,695.19,146.746,10.4463,4.83015,9.36829,12.8598,13,1440,4.2279,16.6269,15.9799,14.3154,13.2205,11.5527,15.4059,13.8643,16.5727,656.033,242.7,12.3244,6.06885,9.91103,15.0839,13,1440,13.2189,13.4579
2022-05-16,-4.75518,18.2668,18.6244,18.5884,22.3945,23.1411,19.4571,18.749,17.9392,585.115,519.667,17.5471,10.6432,7.98115,20.1625,11,1440,-5.8367,25.1569,24.2989,21.4195,26.0926,31.4263,25.0555,24.1627,25.2165,958.195,988.356,23.475,13.2502,11.0487,25.5919,11,1440,19.0427,19.4663
2022-05-17,1.89306,11.3628,12.7737,12.3412,14.0249,10.4452,12.1202,12.9566,11.1487,391.472,634.324,13.1,6.20828,6.56546,12.4918,12,1440,3.26008,14.8749,17.8287,18.9984,21.5882,16.3027,16.38,17.6467,14.49,693.872,1167.04,15.7384,8.04654,9.78214,17.372,11,1440,11.4824,13.9804
2022-05-18,-5.84887,13.0917,12.8371,9.76773,9.7523,10.9931,12.9479,12.1563,12.9629,299.62,280.83,11.1931,7.43936,5.39778,11.5794,13,1440,-8.77334,19.7652,19.4783,17.4771,18.0633,18.8721,19.1523,17.4701,19.3362,640.565,478.589,15.8465,11.9789,7.49944,18.3527,12,1440,14.618,14.6746
2022-05-19,5.43514,13.4371,13.0586,9.17786,9.78247,12.9374,12.9781,12.1049,11.7321,470.58,269.89,11.5531,4.70727,8.35128,12.0175,13,1440,5.30997,21.419,21.345,16.0939,18.1678,19.8978,22.7948,18.413,20.355,806.362,413.069,20.0591,8.49277,12.8522,22.7568,12,1440,15.4586,15.2672
2022-05-20,-3.75789,11.1048,11.5831,10.64,11.6554,14.9032,11.2311,10.9081,10.6507,232.253,165.904,11.7225,6.30822,5.27493,11.5613,11,1440,-3.03997,15.5232,16.3583,14.7731,15.3384,17.7358,15.4206,15.4223,15.4859,484.294,329.694,15.5213,8.76906,7.58922,16.01,11,1440,11.6623,12.4808
2022-05-21,0.832286,4.07122,4.63468,4.43852,4.32171,1.36394,4.11939,4.54796,3.66698,51.0558,47.4587,4.09546,2.23728,2.3974,3.66991,13,1440,0.812887,6.545,7.79214,6.94922,6.64744,1.83289,7.12628,7.42892,6.18048,123.919,102.315,6.98075,3.75678,4.03536,6.6551,12,1440,4.60099,5.45407
2022-05-22,2.84215,7.09789,6.62028,5.78671,8.07346,7.64156,6.63558,5.93837,6.0138,139.675,57.008,5.39137,2.66139,3.95889,6.74923,12,1440,3.39085,7.42571,6.83054,7.38016,9.50397,7.76443,7.00565,6.12924,6.61479,126.717,73.2166,5.52875,2.60509,4.22545,6.9371,12,1440,6.45065,6.21232
2022-05-23,-3.98951,10.5625,9.46658,8.84926,9.63918,10.7029,9.56084,9.86258,10.0391,156.968,185.863,9.56054,6.1952,3.27138,9.57,12,1440,-3.47949,12.8363,11.8555,11.3849,11.4938,11.8756,12.57,12.3063,12.5686,213.62,264.267,11.3588,7.14261,4.71294,13.1825,12,1440,10.5212,9.71703
2022-05-24,1.8564,7.14521,7.13155,5.57332,4.96829,4.83999,7.2945,6.02812,6.91678,161.258,66.1037,5.80081,3.18672,3.94484,7.30103,12,1440,0.308142,10.344,9.84593,8.18458,9.19124,9.21659,10.3736,8.2718,10.2709,259.54,97.6101,7.70352,4.99996,4.84597,10.4006,11,1440,7.87649,7.74925
2022-05-25,-0.379853,8.07926,7.27864,6.11331,6.68964,7.38673,7.68076,6.94217,7.66058,91.7706,67.1609,6.40663,3.50139,3.77724,6.61125,14,1440,-1.87561,12.0991,10.6693,9.88013,9.82573,10.3592,11.0527,10.0031,11.6174,195.33,159.842,9.77982,5.30289,5.36639,9.97428,13,1440,9.00415,8.05875
2022-05-26,-1.16031,15.1428,15.9902,17.0868,20.3634,13.1481,15.9261,11.8934,14.0789,2170.96,251.961,9.83927,8.87414,7.11602,16.1023,11,1440,-8.05821,34.631,32.828,37.3111,44.2608,41.9812,34.8666,29.0211,27.3887,4311.85,3669.05,25.0692,19.5211,13.3069,36.5646,11,1440,19.0418,18.1241
2022-05-27,-1.97668,12.9308,12.6857,11.0876,12.5699,11.2201,13.8376,11.7829,13.2922,366.674,234.38,10.8703,6.56185,6.1238,13.0351,13,1440,-3.69185,36.4024,35.8249,33.4895,38.9846,32.3472,39.4823,34.5783,36.7867,1973.76,1586.97,31.3884,17.7478,18.077,37.5631,13,1440,19.8548,19.612
2022-05-28,1.39275,3.51844,3.7508,2.6141,2.48163,1.98683,3.46582,3.8772,2.80647,29.2723,24.0585,3.32405,1.66851,2.08229,3.37147,13,1440,3.69129,12.84,13.8681,12.2929,11.2739,11.6867,13.4834,13.5592,11.3782,250.918,228.884,13.2054,6.06125,7.80688,14.2056,12,1440,5.82857,6.47755
2022-05-29,1.49327,2.63298,2.74084,2.20763,2.07084,1.90843,2.62481,2.88069,2.32546,14.0569,14.9948,2.94563,1.16664,1.5742,2.65086,12,1440,1.18808,7.4181,7.08755,5.01735,4.60661,4.05373,6.88143,6.97693,6.50698,71.5695,69.7136,6.98283,3.23218,3.85537,6.46393,13,1440,3.79353,3.93
2022-05-30,7.40873,13.0211,14.0574,11.6292,13.4577,13.7731,13.9649,12.948,11.7584,991.807,593.6,10.9539,4.23476,9.82267,14.4339,12,1440,9.72011,17.1129,16.993,15.297,19.428,19.2645,17.1479,14.49,15.2464,811.708,265.125,12.3053,5.4195,11.5735,17.9444,12,1440,12.6832,13.5443
2022-05-31,0.21034,7.62197,8.96273,9.00175,8.421,6.88963,8.55293,8.39343,6.95872,227.051,152.179,7.55485,4.90858,4.05415,8.28364,13,1440,-2.88701,12.9529,15.1776,14.4983,15.4231,11.061,14.5554,14.5053,12.5526,681.54,365.125,13.0364,8.93037,6.24727,14.7292,12,1440,9.03319,10.9226
2022-06-01,-6.4795,10.9038,11.7309,10.8465,11.4988,11.4273,13.4222,10.4919,10.6681,466.798,178.326,9.35702,7.23305,4.49781,13.217,12,1440,-6.59574,18.377,19.7448,19.9436,24.0192,20.6469,22.301,17.6427,17.7429,913.036,447.103,15.1354,11.7824,7.9624,22.6269,12,1440,12.5614,13.6704
2022-06-02,2.1468,9.74755,9.50991,8.97866,4.61626,2.86921,10.0041,10.0265,9.05325,278.905,262.715,9.20405,4.22606,5.28385,8.22588,14,1440,0.88335,18.2576,19.1934,18.4196,11.241,7.00829,20.0879,19.3707,17.5578,1243.28,906.268,18.8579,9.25484,9.93854,18.1169,13,1440,12.4226,12.7715
2022-06-03,-2.50179,6.26483,5.98884,4.0408,4.07784,5.95064,6.23267,6.04389,6.35715,83.9264,55.5955,5.45969,3.42384,2.565,5.38167,14,1440,-3.2675,13.2478,12.2884,10.4155,9.59033,12.8319,12.8428,11.844,13.2102,317.312,225.206,10.4943,6.59411,5.69426,11.2922,13,1440,8.05488,7.6268
2022-06-04,0.550096,3.02756,2.40312,2.25904,1.83613,1.86776,2.63467,2.35177,2.45245,14.2369,18.6023,2.10324,1.10963,1.29349,2.49683,15,1440,1.64599,5.91082,5.49813,5.70806,4.73931,3.73362,5.98763,5.13981,5.39332,70.7165,46.4518,4.83888,2.26341,3.23472,6.01315,13,1440,3.59438,3.15663
2022-06-05,0.184567,3.15985,3.05156,2.57622,2.59547,1.97962,3.36488,2.89305,2.62147,26.2875,34.237,2.89001,1.47291,1.57865,3.49959,12,1440,0.0913922,5.58207,5.92876,4.92887,5.32805,5.84657,6.1726,5.78266,5.09529,64.0168,74.0699,5.69238,2.90468,3.02408,6.26373,12,1440,3.73814,3.92535
2022-06-06,4.74501,7.6652,7.17111,6.1204,8.05244,7.33839,7.71933,6.73125,7.56382,101.203,55.0242,6.31396,2.66184,4.50927,6.58578,12,1440,2.92487,11.4269,10.5066,8.95709,11.1859,11.2299,11.3108,10.0656,11.3539,192.21,117.391,9.34358,4.63383,5.87277,9.82745,12,1440,8.12297,7.54692
2022-06-07,-0.792888,22.3852,37.0639,16.0439,19.4562,31.3499,24.6331,36.6759,22.891,21811.6,12429.6,33.8986,16.3344,20.7295,21.539,13,1440,-2.53255,34.5463,51.1925,32.2992,31.2044,45.9255,39.1606,48.1603,29.716,31224.7,14424.3,57.856,31.4569,19.7356,38.4179,11,1440,24.8827,40.3975
2022-06-08,-3.00221,13.724,15.5563,14.373,14.5236,19.4765,14.3966,14.64,13.2644,603.866,516.207,15.3056,8.39183,7.1645,14.363,11,1440,-1.18996,17.3242,19.557,14.6862,15.6811,17.4285,18.16,19.6533,17.3192,701.715,608.135,20.672,10.4171,9.13984,16.912,12,1440,13.3851,15.667
2022-06-09,-0.314484,5.55667,5.61751,4.13217,3.37375,2.87607,5.07717,5.48144,5.45558,55.9908,55.4932,5.60457,2.83425,2.78326,4.0257,14,1440,-0.171475,8.1687,8.65473,6.6943,6.20563,4.32426,7.90374,8.08788,8.13797,148.236,103.777,7.62579,4.19155,4.46318,6.6388,13,1440,5.97882,6.38566
2022-06-10,-3.43959,13.632,13.8321,8.74621,10.0886,7.81485,11.8984,10.4055,10.2562,1618.87,184.73,8.78901,8.98793,4.84418,9.7028,13,1440,-7.29815,23.0639,26.5468,18.8832,23.2328,17.1887,22.4425,18.9954,18.077,7276.54,1381.98,15.8239,19.1155,7.4313,20.6969,11,1440,15.6411,17.3814
2022-06-11,-2.32006,9.05312,8.02009,5.35191,6.02906,7.58669,8.07665,8.36452,8.36424,154.188,136.515,7.52958,4.78816,3.23193,7.60991,13,1440,-8.14142,38.9467,35.1367,31.1759,43.734,54.2418,36.6966,25.1214,32.8601,9922.22,781.379,19.8204,24.4807,10.656,34.4293,12,1440,14.7905,13.4174
2022-06-12,-6.73052,19.6246,19.9676,16.3635,19.2113,24.8423,18.7261,17.4492,19.2073,1535.73,714.151,16.4863,10.6216,9.34598,18.3412,11,1440,-6.61015,41.1354,47.5791,41.0263,47.7006,60.0312,41.6764,39.798,36.6273,10209.4,3252.75,33.4469,23.1348,24.4443,41.0318,11,1440,25.1698,28.2578
2022-06-13,-16.6998,83.645,77.5967,77.1654,89.3242,50.4614,79.4593,72.459,86.1587,9118.89,5425.76,71.72,40.5899,37.0067,72.247,12,1440,-17.0582,169.564,159.256,156.191,176.929,118.944,169.901,141.543,170.212,36706.2,19488.9,139.652,85.6437,73.6128,156.886,12,1440,105.943,99.1994
2022-06-14,-1.57318,80.5039,80.4217,83.7091,78.3967,83.3303,79.9781,75.4991,82.7838,10250.3,6810.65,67.8948,37.5953,42.8264,83.1171,12,1440,-0.0760733,129.58,121.169,140.983,140.376,149.712,132.587,118.372,136.1,22131.6,16836.5,107.708,55.2074,65.962,138.596,12,1440,92.3667,89.3797
2022-06-15,2.00055,89.0706,102.067,95.5587,74.9069,71.054,96.0372,92.4156,90.0223,44377.3,26479.3,86.6291,40.592,61.4754,99.5648,13,1440,2.33985,186.828,220.237,208.291,186.389,201.389,208.309,180.535,189.401,197446,68540.7,187.156,89.7465,130.491,225.916,12,1440,117.183,140.389
2022-06-16,-10.163,34.6829,33.7603,32.1175,25.6181,16.7883,32.1412,31.0342,34.12,1726.33,1007.01,29.8342,19.1231,14.6372,31.7849,12,1440,-14.6854,69.7495,70.9727,75.5573,65.5957,45.9311,70.7616,67.7852,66.3713,7930.41,4256.06,57.6304,41.3649,29.6079,74.5492,11,1440,45.2248,45.2407
2022-06-17,0.330315,22.3807,21.0601,18.3157,19.4746,19.836,21.9046,20.3749,22.3235,624.694,529.166,21.4943,9.85636,11.2037,21.9726,12,1440,1.71106,40.1099,40.1134,40.5395,39.5252,40.5849,40.706,38.4906,38.0588,2433.51,1975.27,39.3625,18.1101,22.0033,41.4184,12,1440,27.2207,26.7108
2022-06-18,-7.60018,65.0163,74.9088,76.1224,89.0799,70.8174,76.6127,48.5506,63.2575,50812.1,7165.55,46.4629,43.7856,31.1231,78.4086,12,1440,-8.82483,107.634,112.317,97.4862,106.687,100.621,119.529,87.7572,107.197,91831.5,24981.3,81.0649,63.4283,48.889,111.272,13,1440,76.0769,84.4893
2022-06-19,8.11277,54.687,68.1385,63.4848,71.5451,82.1184,58.6461,67.2974,50.6765,12920.4,8572.94,53.7916,25.0487,43.0898,59.2965,11,1440,12.5798,90.8153,105.038,109.525,131.206,147.638,99.9007,95.0479,78.5939,43230.8,26670.7,87.5509,34.9475,70.0909,103.32,11,1440,61.7406,78.5384
2022-06-20,-0.000534657,34.6821,33.3423,33.7448,36.5773,35.1283,33.8682,31.0801,33.6483,1487.77,1111.25,28.1869,17.4276,15.9147,35.5938,12,1440,-0.0257004,53.378,55.298,62.4526,70.069,71.1728,54.4744,52.1974,49.6439,4736.62,3200.92,52.108,28.7146,26.5834,58.5707,11,1440,39.389,38.7971
2022-06-21,0.724649,22.2117,22.9366,23.5773,21.4096,20.6235,21.9596,20.4819,20.9618,800.712,412.138,18.6622,11.6772,11.2594,21.4631,12,1440,-0.212059,33.3237,33.746,35.4669,32.5717,32.2806,31.3322,29.6801,32.176,1819.76,954.372,26.8172,17.3908,16.3551,30.5209,12,1440,24.1152,24.8927
2022-06-22,-3.61377,25.0126,23.6818,20.1925,19.3463,22.1617,25.5062,22.3108,24.0121,940.392,616.926,20.9392,13.2434,10.4384,25.0558,12,1440,-6.95672,36.2977,34.9034,32.8213,29.9459,35.7136,36.8331,32.4902,34.9653,1860.79,1207.57,31.3074,19.9061,14.9973,36.2344,12,1440,27.9453,26.8832
2022-06-23,5.46214,17.4074,16.4569,15.2451,16.1803,19.2305,15.9671,13.0133,15.5706,615.107,177.999,12.9469,6.24478,10.2121,15.4925,13,1440,8.6189,28.4914,26.046,25.1036,25.4484,28.7502,25.3784,24.4883,25.7802,1256.75,698.058,21.025,9.63216,16.4138,24.6563,12,1440,19.8836,18.3218
2022-06-24,0.602441,13.8999,12.761,10.7284,9.73359,8.05796,12.5591,11.4063,12.93,262.322,159.147,11.1955,6.74079,6.0202,11.5766,13,1440,6.77971,27.0013,26.0763,26.0582,24.6259,19.6245,26.068,21.4097,25.1097,1650.49,472.976,20.5584,10.7759,15.3004,26.0543,12,1440,17.0291,15.6618
2022-06-25,1.18657,7.96773,6.98111,5.83895,6.75787,7.19405,7.27925,6.24006,7.30376,90.9829,47.5149,5.33372,3.40313,3.57799,7.24513,13,1440,1.40556,20.118,19.6917,17.6419,23.3587,23.9148,20.0871,17.5019,18.1033,619.965,403.714,16.0357,8.91702,10.7746,20.9568,12,1440,11.2288,10.3152
2022-06-26,-2.13094,7.5115,7.42938,8.4459,7.50191,6.2991,7.34624,7.24556,7.01648,103.817,84.316,6.62514,4.39513,3.03425,7.62709,11,1440,-3.65346,16.2679,17.0334,20.0463,22.3874,22.3504,17.1957,16.1826,14.5272,658.731,427.327,14.3074,10.0665,6.96692,18.4405,10,1440,9.51175,9.75473
2022-06-27,-1.4146,9.16418,8.54992,8.84646,9.72747,8.19461,8.35684,7.34667,8.76491,230.079,163.78,8.40677,4.65814,3.89178,7.68841,13,1440,-0.441786,18.0393,17.1084,17.3004,18.5976,14.0336,16.4103,16.0147,16.7625,691.755,649.154,16.7769,8.18367,8.92474,15.7009,13,1440,11.7548,11.0349
2022-06-28,-2.24888,7.89925,6.80821,7.90492,8.04355,8.33048,7.16653,6.7241,7.54929,88.2887,57.0238,6.1886,4.18914,2.61907,7.23221,12,1440,-4.14857,18.4115,17.4579,20.9412,18.157,19.9304,17.4555,15.3602,17.8116,565.782,242.494,14.7409,10.2005,7.25734,18.1052,12,1440,10.4925,9.58044
2022-06-29,-0.783485,10.0127,8.86313,7.61736,6.87789,4.89015,9.63815,8.45331,9.88325,107.596,93.1817,8.35696,4.61986,4.24326,8.90572,12,1440,-3.90735,22.8566,22.8672,21.2166,19.4717,13.7101,24.6846,22.7296,22.5277,684.828,734.513,22.3195,12.9091,9.95809,24.1592,12,1440,13.4468,12.6549
2022-06-30,-0.902535,16.917,24.4911,36.123,40.1007,46.4192,22.4789,22.7253,16.8278,3923.05,1711.57,23.5491,10.5184,13.9727,25.2552,9,1440,-2.68989,34.5109,49.7946,49.3713,55.6768,48.6126,42.8177,46.594,34.0976,11224.7,3546.95,39.9062,21.6069,28.1877,45.2032,11,1440,21.1169,30.6669
2022-07-01,-3.37807,25.7959,37.0627,31.947,25.6787,22.1463,34.7241,23.0524,22.7324,19157.1,1714.53,17.665,14.0458,23.0169,37.1317,12,1440,-1.0588,39.737,49.3476,42.9332,35.8634,29.5022,45.0395,34.5644,36.6236,14711.4,1817.89,28.3107,20.2442,29.1034,47.3949,12,1440,29.4975,40.1981
2022-07-02,-0.140089,6.31218,4.79722,5.46026,4.16727,2.60991,5.27087,4.77346,5.68587,47.271,36.5086,4.17044,2.18282,2.61441,4.47832,14,1440,0.684619,14.6913,13.5763,14.3324,11.1312,9.53761,14.8741,13.1147,13.3705,377.716,236.652,11.5543,6.16841,7.40792,13.9617,12,1440,8.64082,7.24011
2022-07-03,0.326794,9.34689,11.7562,3.88112,5.19103,5.72033,9.525,10.4776,8.49601,2829.17,1498.24,10.5325,4.85218,6.90402,7.63863,17,1440,0.677171,14.7471,17.628,7.43235,9.2504,11.1679,17.8541,16.1618,15.2733,5969.08,3073.01,12.5541,6.46106,11.1669,16.6675,15,1440,10.4545,13.5123
2022-07-04,4.65733,10.1279,9.51026,9.86499,10.7232,10.6052,11.1503,9.27049,9.3446,252.372,155.87,7.73598,3.41415,6.09611,10.5129,12,1440,6.89991,20.6652,18.8013,21.7001,24.2664,27.2349,23.7268,18.295,19.1036,941.331,684.318,19.4156,6.54533,12.2559,23.5179,11,1440,12.764,11.8056
2022-07-05,-0.301293,12.7587,14.5819,14.2368,16.4526,16.5257,13.7606,14.3841,12.8184,338.234,302.88,13.8685,6.84863,7.7333,14.0187,12,1440,-1.62036,22.0484,23.1751,24.3888,26.6496,22.82,22.58,24.092,21.4047,704.3,721.776,22.4438,11.7485,11.4266,22.7729,12,1440,14.8055,16.581
2022-07-06,1.90814,14.2125,14.5368,12.1139,9.86454,7.12946,15.0809,13.0555,13.0288,457.921,264.832,11.1067,6.68317,7.85363,14.4354,13,1440,4.66392,27.8122,28.5189,27.1546,21.9293,22.0067,29.9409,24.7832,25.1128,1654.2,690.626,22.9715,12.0464,16.4725,30.2572,12,1440,17.921,18.6827
2022-07-07,5.02824,8.68952,9.32356,8.97538,11.616,16.5587,8.81056,8.43636,8.40972,202.614,136.123,8.24249,3.42336,5.9002,8.65744,11,1440,4.20183,15.5926,14.8471,12.7477,12.8512,14.4885,14.5543,13.971,14.6056,329.097,264.799,14.0379,6.14112,8.70596,12.5124,14,1440,9.9684,10.0311
2022-07-08,-0.13989,20.0421,26.8146,30.0299,29.8018,19.1419,24.5673,17.5614,18.9593,11086.4,871.567,14.9979,9.43384,17.3808,24.9014,12,1440,-1.91315,24.4527,28.3032,32.6365,33.1496,21.4367,27.2006,22.4226,22.7492,4447.4,734.67,21.1711,12.0328,16.2703,28.1587,12,1440,19.556,25.2145
2022-07-09,-0.0135227,7.82107,8.08785,6.86378,6.27904,5.07338,7.93324,6.50526,6.4736,320.576,49.6266,4.9819,4.16957,3.91828,7.31307,13,1440,0.245161,8.7998,8.63064,6.73221,6.44129,3.77188,8.75361,7.66687,8.15827,216.383,85.0376,6.77828,4.69596,3.93468,7.35112,14,1440,7.08046,7.26684
2022-07-10,-3.43632,7.95851,7.70819,8.459,8.4228,5.2115,7.38845,5.4728,6.91154,283.733,35.4523,3.85021,5.21277,2.49542,7.39559,12,1440,-4.08042,10.5183,11.174,10.8729,11.1338,7.72256,9.7153,6.15518,9.2215,1523.26,46.8543,5.75789,7.93116,3.24279,9.98108,12,1440,7.92371,8.24043
2022-07-11,-4.40407,8.44991,7.93408,6.51863,6.2046,7.14138,8.08978,6.74785,8.11421,156.026,56.1362,5.74035,5.50058,2.4335,6.99522,13,1440,-6.3569,13.1459,12.5239,11.9162,12.3372,15.0461,13.1166,10.7783,12.301,347.721,159.573,9.38365,8.45316,4.07072,12.1587,12,1440,9.36708,8.97963
2022-07-12,-3.23175,9.80056,8.64449,7.43872,9.8598,8.06964,8.83389,8.11341,9.38179,170.406,87.5929,7.32401,5.29759,3.3469,8.52288,12,1440,-5.41777,15.0583,13.1898,11.5547,15.3589,13.5958,13.5456,12.4034,14.0258,283.692,207.541,11.9048,7.94834,5.24141,13.1348,12,1440,10.7433,9.68652
2022-07-13,4.58137,28.6279,31.9866,36.9367,36.2545,25.8684,28.3034,30.6766,26.5151,12840.7,8560.09,24.4282,19.5135,12.4731,27.4761,12,1440,7.1,42.5959,52.3247,78.5921,74.8231,51.5872,48.8512,47.3305,39.2232,48949.4,24586.5,31.2063,32.6184,19.7063,51.0707,12,1440,31.8372,38.2253
2022-07-14,1.73418,13.7814,12.6025,10.5578,12.7267,17.5328,13.0499,12.7347,13.8308,226.822,269.184,11.958,5.61767,6.98484,12.6519,13,1440,6.79687,22.8584,23.0715,24.485,30.0666,43.2257,25.2264,21.8718,21.2275,1276.89,1116.27,21.1989,8.02609,15.0454,27.3911,12,1440,15.4784,14.6907
2022-07-15,1.1647,11.4272,10.8987,9.73588,11.4132,10.0475,11.4277,10.3747,10.9242,177.706,113.975,10.1092,5.04168,5.85701,10.2533,13,1440,3.12068,24.1681,29.2556,26.7977,35.5966,28.2779,29.4436,28.5408,23.014,1749.2,945.361,25.3908,12.1805,17.0751,29.0882,12,1440,14.3764,15.951
2022-07-16,1.73974,8.60865,9.46957,10.4608,10.2007,10.1483,8.33733,9.38548,8.33054,461.467,194.849,8.107,3.82619,5.64338,8.27659,12,1440,9.63987,41.8314,69.3756,101.453,59.6808,64.0532,52.3622,66.2816,36.9798,104430,58420.7,48.0433,20.8133,48.5623,53.2058,11,1440,15.8703,21.7547
2022-07-17,-1.89291,8.36082,9.22305,9.15443,9.92056,7.62564,9.02871,7.79776,7.90364,161.685,66.5827,7.11185,5.6065,3.61654,9.07029,11,1440,-1.27669,26.8917,32.6611,35.8437,33.5018,20.2134,30.8194,28.0748,24.6652,2615.87,1417.1,25.4067,18.0418,14.6193,32.4358,11,1440,12.8514,15.2696
2022-07-18,7.56498,20.8234,24.613,23.5267,28.6958,35.4254,22.6064,23.7236,20.554,1034.11,1029.09,22.7497,9.88228,14.7307,22.49,11,1440,16.6421,39.373,48.1012,46.8627,51.7279,58.2422,42.5741,45.8639,37.3867,3977.37,2656.81,42.8375,16.0533,32.0479,43.0153,11,1440,24.0508,29.887
2022-07-19,4.20772,33.3018,30.1125,29.5512,22.5918,17.0639,35.2758,29.3336,32.0038,1471.93,1375.97,26.9802,15.4237,14.6888,33.6337,13,1440,-2.47951,51.7222,50.9899,51.6957,32.9037,20.0483,57.3594,53.9155,50.3034,3502.52,4752.77,49.3748,27.8637,23.1262,55.9357,13,1440,36.9233,34.7525
2022-07-20,-0.743548,23.4773,24.5276,24.6355,24.2547,25.1999,24.7049,21.7069,24.2884,2474.52,644.907,18.3368,14.132,10.3956,24.0062,12,1440,-1.35385,40.3458,42.2414,41.97,46.9349,37.4925,43.6514,33.837,42.0378,6929.04,1442.68,27.2852,23.4828,18.7587,42.6376,12,1440,27.3271,29.1713
2022-07-21,-0.306671,16.0326,15.7566,15.1901,15.7306,16.5757,15.4146,15.0255,15.2761,316.186,251.51,15.1378,8.4001,7.35653,13.9045,12,1440,3.47917,30.6235,32.3163,34.1755,34.1877,33.0503,31.6838,33.3935,29.8039,1177.97,1126.5,33.3974,14.837,17.4793,29.2521,11,1440,19.7336,20.3704
2022-07-22,-2.0393,11.8964,13.2695,11.6268,12.4347,11.8757,12.365,9.57932,10.9517,1043.9,145.695,9.51714,8.63805,4.63146,11.3954,13,1440,-2.58347,24.5998,26.5437,26.3377,25.9583,27.5039,26.4707,19.9653,23.533,2178.05,465.923,22.2395,15.3841,11.1596,26.1533,13,1440,14.7705,16.5926
2022-07-23,-1.03581,8.75834,8.76089,8.85087,7.72185,6.67913,8.65595,7.82026,8.07518,134.188,64.3502,7.5577,4.54333,4.21756,8.23381,13,1440,0.869024,19.5786,19.9002,20.9484,19.6151,17.1205,19.9066,18.1256,18.8508,591.966,367.781,17.7758,9.91589,9.98436,19.4446,12,1440,11.5859,11.9862
2022-07-24,0.571211,8.66624,10.2271,10.6137,9.01138,6.97152,9.08551,8.33569,8.15628,292.475,110.872,7.38004,4.77127,5.45579,9.51682,12,1440,3.11686,28.4449,34.6468,41.8253,30.9595,27.2538,33.0763,27.9374,28.6527,5136.96,2991.81,27.8438,15.6886,18.9582,36.0633,11,1440,13.835,17.1808
2022-07-25,-5.78317,11.9913,12.5987,13.2363,13.9707,11.5988,13.0253,9.44912,11.1111,572.218,135.181,9.34797,8.25652,4.34223,13.0296,12,1440,-10.3374,33.3812,34.9359,37.3891,43.2043,31.9471,34.8652,27.4655,31.5246,4192.72,1029.34,22.3773,23.2925,11.6434,36.1022,12,1440,17.6153,19.3374
2022-07-26,-0.264204,9.93345,7.01887,6.15051,5.24835,5.96733,7.94854,7.35802,9.59693,56.5195,76.4089,7.52631,3.77205,3.24681,6.62685,15,1440,0.57649,27.7421,22.0388,22.7784,19.9996,24.5504,24.4818,20.9488,27.7843,821.818,549.935,20.2289,10.2626,11.7762,23.2771,13,1440,14.5221,10.761
2022-07-27,7.6848,14.5466,14.0001,11.6708,16.2937,22.2569,14.6866,9.68968,14.6628,1908.98,256.158,7.93657,3.17295,10.8271,12.4238,12,1440,12.1139,37.2569,33.7788,29.119,39.2795,39.9812,37.6059,24.6827,36.1982,9320.5,1543.82,18.5962,7.40661,26.3722,31.4182,13,1440,20.4444,19.3675
2022-07-28,3.80631,18.6075,17.6368,12.1489,18.1278,19.9948,20.5044,15.6331,18.897,1803.88,467.709,15.5439,6.70011,10.9367,20.5605,12,1440,5.28534,37.8091,36.9963,29.912,44.1477,50.6277,43.1626,35.3064,37.874,4213.53,2829.78,35.4112,14.7178,22.2784,42.9256,12,1440,23.9132,23.3327
2022-07-29,-0.290571,14.998,14.639,16.3317,14.3713,7.95513,14.7339,14.6166,13.4765,345.503,320.252,13.197,7.56979,7.06918,14.3535,11,1440,-0.164819,35.1189,38.1055,42.7845,43.1851,26.238,35.8754,37.2152,33.3774,2717.27,1821.72,34.8237,19.7444,18.3611,36.0731,11,1440,20.4869,21.4046
2022-07-30,-0.549337,10.4011,10.9509,9.37558,10.2219,12.2555,10.3982,8.21431,8.92084,493.899,151.938,7.56035,6.35665,4.59421,10.1001,11,1440,-1.44386,20.3427,23.433,14.449,11.2898,11.8904,21.4838,18.8949,17.5431,2975.5,1468.11,19.7944,12.3246,11.1084,19.1457,13,1440,12.2395,13.3417
2022-07-31,-1.4922,9.01894,11.0514,10.6076,3.89934,3.67053,10.8978,10.0464,7.48894,1062.81,936.898,8.1318,6.43466,4.61671,11.6489,13,1440,-1.11879,16.1284,19.564,17.9557,7.17065,6.72048,18.5425,18.7049,14.2703,1731.46,1337.48,15.794,11.1462,8.41778,19.5697,11,1440,10.3901,13.2311
2022-08-01,-0.108717,7.77001,6.92886,7.37577,7.14298,6.65726,6.76911,5.6807,7.34569,85.6341,38.0519,5.35532,3.5843,3.34456,6.81936,13,1440,-2.89223,15.72,14.539,13.9568,14.1639,11.1672,14.6315,12.6597,15.3646,294.17,163.284,12.4018,8.41848,6.12056,14.8002,13,1440,9.63628,8.93426
2022-08-02,-1.21163,10.842,13.2882,9.75152,9.15799,8.15058,9.59149,13.7493,10.652,947.096,1033.55,14.7433,6.947,6.34116,8.12104,14,1440,0.0386362,29.525,36.3504,30.196,28.5287,25.58,28.983,38.6389,29.8744,5515.57,6427.04,38.4805,16.9865,19.3638,26.4278,13,1440,16.254,20.7897
2022-08-03,-0.739729,7.49817,6.28749,5.54543,5.27042,6.77306,6.23609,5.63329,7.03112,75.8974,38.8932,5.30538,3.46358,2.82391,6.09629,13,1440,-0.784844,15.6733,14.7165,12.4802,9.314,11.2099,13.8684,14.1658,15.426,264.946,266.856,13.8229,7.46282,7.25369,12.3446,14,1440,9.48693,8.40206
2022-08-04,-0.859971,7.29838,7.85473,7.8957,7.514,5.87499,7.59857,5.9761,7.02977,279.913,46.8488,5.45571,4.64393,3.2108,8.01913,12,1440,-0.632341,15.7893,16.061,16.2351,16.3166,12.2222,15.8422,14.6484,15.0591,631.189,289.3,13.9581,8.88575,7.17526,17.1737,12,1440,9.40729,10.1176
2022-08-05,3.00201,7.91659,7.88678,7.88493,8.91864,9.02647,7.68455,7.48516,7.17313,195.046,80.9673,7.08863,3.74109,4.14569,7.40769,13,1440,7.70838,20.4244,20.8469,21.6373,23.4912,25.38,19.9268,17.417,18.7719,1219.4,377.614,16.1968,7.95295,12.894,19.8953,12,1440,10.8108,11.1179
2022-08-06,-1.54849,2.58047,2.75188,1.79694,1.51004,1.41555,2.42511,2.53427,2.28074,29.9494,10.501,2.17585,1.61766,1.13422,2.22735,15,1440,-2.69666,8.03248,8.23967,5.80778,5.22045,3.69176,7.47295,7.58665,7.56679,176.917,77.1166,6.78052,4.89369,3.34597,6.7756,15,1440,3.92396,4.20807
2022-08-07,0.954643,2.76155,2.447,2.56681,2.0685,1.84255,2.38834,2.05246,2.3675,20.6942,5.85724,1.78275,1.06791,1.37909,2.34755,12,1440,0.565651,6.41162,5.68625,6.64539,5.85447,5.09795,5.75054,5.33068,5.90529,76.889,53.1076,4.67572,2.8473,2.83895,5.59859,12,1440,3.3819,3.08261
2022-08-08,2.70579,5.54401,6.11043,6.05371,5.12872,6.02816,5.62006,5.7445,5.38138,64.5716,50.7628,5.17001,2.95755,3.15288,5.63653,11,1440,4.42147,12.6925,14.5899,12.4044,12.9504,14.4095,12.9778,12.9659,11.9588,661.922,332.276,11.9764,6.34724,8.24265,13.0017,12,1440,6.86308,7.75736
2022-08-09,-2.8113,4.49839,4.26936,4.10828,3.87067,3.32907,4.10926,4.40692,4.24658,43.1103,55.6324,4.19734,2.86267,1.40669,4.34185,13,1440,-4.27042,10.4553,10.2839,11.0325,10.8432,9.47523,10.1924,11.1403,10.1958,196.435,291.241,10.6858,6.55935,3.72452,11.0137,12,1440,5.78445,5.89867
2022-08-10,3.41448,12.743,12.0968,16.9928,22.3141,20.6123,13.2604,9.19557,11.1475,1951.34,170.883,9.14354,3.75066,8.34612,13.7307,12,1440,8.4863,29.3565,27.7818,37.6224,54.0355,54.8128,31.8682,17.3707,26.2336,11832.8,757.252,16.4049,5.88608,21.8957,31.8725,12,1440,17.0885,16.9432
2022-08-11,-0.0821075,10.0166,9.12264,9.19909,8.41508,9.81949,9.41668,8.01345,9.49506,126,77.0864,7.76181,4.67997,4.44268,8.93864,12,1440,1.42593,18.055,17.6444,16.1264,13.9963,14.574,17.4958,14.8337,17.1807,767.17,262.162,14.216,8.38587,9.25854,16.9003,12,1440,11.4082,10.591
2022-08-12,1.94176,5.70115,4.85816,4.43564,3.90828,3.54473,5.0456,5.09188,5.24103,38.9593,37.5585,4.67991,2.28296,2.5752,4.44547,13,1440,4.06937,12.1878,9.9068,9.30375,7.84565,8.16753,10.556,10.5523,11.2214,144.208,168.051,9.85819,4.21875,5.68805,9.36758,13,1440,7.48529,6.23833
2022-08-13,0.154366,5.02638,4.90841,3.92355,3.35603,2.95982,4.40798,4.89689,4.76527,36.7332,31.2344,4.38599,2.44577,2.46264,4.10262,13,1440,1.28216,9.34336,9.77229,7.45464,7.7692,5.46035,8.40491,9.5,9.19692,198.683,141.577,8.82338,4.3397,5.43259,7.61292,12,1440,5.88947,6.06707
2022-08-14,-0.558563,5.03934,4.078,4.11634,3.61118,3.41641,4.25116,4.12489,5.03248,22.7212,26.1184,4.08242,2.22708,1.85092,4.26652,13,1440,-2.46206,8.83878,8.68565,10.0384,8.70387,10.1694,8.96297,8.48559,9.38328,134.803,145.783,8.89918,5.52272,3.16293,9.34613,12,1440,5.70386,4.9639
2022-08-15,-0.869509,8.95197,9.83588,11.3812,10.3238,13.6283,9.93901,9.63264,8.97938,163.773,132.103,8.99353,5.26893,4.56695,10.266,11,1440,-1.89085,18.7454,20.2925,22.5647,22.2861,25.4058,19.6076,19.7202,18.8161,807.848,458.933,19.3123,11.2306,9.06197,19.566,11,1440,11.0653,12.0302
2022-08-16,-1.00139,5.64946,5.60247,5.86349,3.59075,2.84807,5.41177,5.27407,5.54999,49.3182,38.7835,5.46764,2.72938,2.8731,5.12271,13,1440,-1.18601,13.1614,13.9012,13.6574,6.92109,5.39722,13.1308,14.186,12.8265,252.652,285.887,14.4932,7.04193,6.85926,12.5535,13,1440,7.71538,8.11251
2022-08-17,-2.17004,9.033,7.15067,6.75592,7.51645,10.7587,7.51113,6.36377,7.37914,194.666,66.411,5.77855,4.41341,2.73725,7.61096,12,1440,-2.28633,18.3243,15.512,15.8299,15.0492,22.6052,16.3036,14.4104,16.0289,627.935,345.825,13.2834,8.88354,6.62847,16.879,12,1440,11.338,9.52062
2022-08-18,-0.650969,3.23476,3.27564,2.76358,2.59882,1.92199,3.31762,3.68064,3.11367,12.1331,24.9114,3.74152,1.6739,1.60174,2.99885,12,1440,0.65967,9.7105,9.56927,8.25977,7.85169,7.14798,9.45411,9.75291,9.22413,138.948,125.938,9.7247,4.41304,5.15623,8.06686,12,1440,4.93397,4.88381
2022-08-19,-10.7168,31.5435,21.6206,18.4578,21.0567,22.3286,23.38,16.8209,31.7193,11567.6,1951.45,11.0997,16.8572,4.76339,19.5363,13,1440,-13.7613,34.079,25.4285,27.368,30.2628,30.8693,27.8533,24.1789,34.219,2131.08,877.108,23.094,17.1303,8.29828,26.6239,12,1440,29.2825,19.2148
2022-08-20,1.45653,7.1603,6.95422,8.9265,7.7175,6.44011,6.71418,6.32182,7.05363,134.547,58.418,6.03116,3.37641,3.57782,6.85114,12,1440,-2.07037,19.2652,21.861,25.2626,25.6736,22.4799,20.0222,17.9079,19.5725,3303.12,433.761,15.6756,13.3516,8.50942,20.576,10,1440,10.3514,10.8485
2022-08-21,1.76084,6.71648,6.64688,6.15119,3.66604,2.35168,6.57484,6.37208,5.88532,118.69,95.7342,6.0866,3.23739,3.40949,6.59792,13,1440,2.63558,18.2419,20.9697,19.3635,13.0853,6.66739,19.8114,20.4727,17.1375,871.875,664.844,21.6158,9.77735,11.1923,21.429,12,1440,9.915,11.0252
2022-08-22,-0.539574,8.05739,6.85111,6.41867,6.4121,6.31039,7.23352,6.91649,7.96198,67.9546,74.9298,6.58471,3.44107,3.41004,6.34098,13,1440,0.40274,24.0785,21.8563,19.4795,19.8092,19.2665,22.6641,23.4494,24.413,565.266,836.074,22.8829,10.3403,11.5161,20.2874,13,1440,12.736,11.2509
2022-08-23,0.602346,7.30975,7.10447,5.73673,6.31868,5.91112,6.70548,6.88643,7.35129,129.771,55.2072,6.40722,3.27075,3.83372,6.48631,13,1440,2.47728,20.6034,20.7492,18.746,17.5285,17.2544,20.2056,18.4372,20.6925,1071.35,385.04,16.2784,8.3571,12.3921,19.4923,13,1440,11.1286,10.8854
2022-08-24,-0.750822,5.96315,5.86768,4.92701,4.3678,3.78963,5.21596,4.82006,5.51848,142.298,38.2441,4.13969,2.92516,2.94253,5.11889,13,1440,-0.532818,14.0958,13.4392,12.4376,12.6799,15.1496,13.4381,12.5958,13.3953,276.249,160.261,11.7825,7.19732,6.24192,12.7285,13,1440,7.95582,7.63316
2022-08-25,0.8897,3.67178,3.62354,3.03966,2.71523,2.67755,3.45958,3.42318,3.5217,21.8454,13.218,3.21672,1.71878,1.90476,3.30479,13,1440,2.30045,9.31277,9.65147,8.21087,5.68083,5.61139,8.8493,8.40396,9.20382,197.024,77.0668,7.67742,4.1505,5.50097,8.17408,13,1440,5.04252,5.22723
2022-08-26,-6.30825,16.4361,16.995,13.2491,16.6772,20.9873,14.6589,16.7886,14.6718,1571.97,1074.19,14.3859,10.8677,6.12733,14.8075,12,1440,-11.6844,32.2289,36.5371,28.8367,35.9739,42.3784,32.3124,39.9766,28.5582,5955.89,5157.86,33.6066,21.6111,14.926,31.9131,12,1440,20.4971,22.7264
2022-08-27,-1.01022,6.33325,4.79328,5.16819,3.07385,2.55035,5.08583,4.70794,6.15996,48.9335,36.3301,4.12483,2.35425,2.43903,4.84428,14,1440,-1.14163,19.2703,16.9777,16.663,11.4415,9.34977,17.1346,15.0994,19.2495,858.087,273.635,13.4791,7.94357,9.03414,16.2491,13,1440,9.95249,8.21584
2022-08-28,-2.43483,4.22012,3.34995,3.76302,4.13111,4.1532,3.81874,3.17761,3.99823,26.3469,16.6442,2.88567,2.00909,1.34086,3.86722,11,1440,-4.40811,12.6035,10.8462,10.4135,11.2487,11.2805,11.5152,10.1737,12.066,167.276,124.118,10.0094,6.24713,4.59907,11.2632,12,1440,6.42442,5.33894
2022-08-29,3.66555,6.49248,5.96793,5.00183,5.31492,3.78371,5.1765,5.8564,6.51614,75.8153,40.2467,5.51676,2.08895,3.87898,5.264,12,1440,8.40094,18.2929,17.8128,17.7977,16.5846,13.2854,16.606,16.3684,17.8139,1601.81,379.554,15.1207,5.37119,12.4416,17.18,11,1440,9.70949,9.14798
2022-08-30,-2.3647,7.84322,8.21426,9.68348,8.71607,8.66477,7.58528,6.62544,7.61715,178.797,59.2448,6.46189,4.65451,3.55975,7.83202,11,1440,-1.769,25.8153,29.6765,33.8787,34.4359,34.9105,28.2497,24.3369,23.9554,3525.77,854.353,21.8568,14.1619,15.5146,30.6397,11,1440,12.5191,14.1145
2022-08-31,1.19595,8.95066,9.05632,7.9935,6.92122,7.29849,8.26907,8.09839,8.73327,134.041,86.428,7.61396,4.64969,4.40663,8.69195,13,1440,1.91711,28.098,29.7791,24.5575,21.515,20.9792,27.3806,25.9108,28.5634,1607.72,814.458,21.7162,14.8767,14.9024,28.6379,13,1440,14.5026,15.1841
2022-09-01,0.405361,8.16901,6.93638,7.18237,7.13085,5.10897,7.33303,6.65876,7.76466,66.5076,60.6583,6.66355,3.30707,3.62931,7.29313,13,1440,2.04194,22.9711,20.4875,21.7536,17.2531,16.9802,21.4771,18.7886,21.8771,717.325,447.643,17.509,10.3062,10.1813,20.7708,13,1440,12.2948,10.7455
2022-09-02,-0.896139,6.68068,6.89471,6.60688,5.97447,6.35067,6.4771,5.72832,6.54727,195.103,56.9251,4.77525,3.34628,3.54844,6.65684,11,1440,-0.683853,19.2608,20.0389,15.1809,13.3599,13.2861,18.9914,17.3745,20.0665,1751.94,732.758,13.5146,9.47694,10.562,18.6012,11,1440,9.96152,10.6991
2022-09-03,-0.603062,2.48807,2.13668,1.78076,1.39678,1.02405,2.19983,1.92228,2.2481,6.43148,4.46419,1.88796,1.1517,0.984974,2.0415,13,1440,-1.14212,7.95086,6.98488,6.7589,5.96266,4.15071,7.67305,6.41295,7.62911,100.739,84.0851,6.52634,3.77361,3.21127,7.32773,12,1440,3.90871,3.38528
2022-09-04,0.845552,2.49766,2.32946,2.65352,2.48253,2.78771,2.57054,2.1393,2.40238,10.3534,7.4257,2.05751,1.02541,1.30405,2.70449,11,1440,1.39128,5.84871,5.81013,4.30581,3.56936,4.42979,6.11477,6.04291,5.86942,85.5442,148.498,5.68388,2.79476,3.01537,5.80692,13,1440,3.27436,3.00521
2022-09-05,-1.02249,2.86276,2.69429,2.64504,2.40392,1.94374,2.59849,2.3755,2.69534,17.2653,6.54538,2.30646,1.59824,1.09606,2.60349,13,1440,2.40982,7.85697,7.25401,7.85671,5.52108,4.71267,7.19914,7.28401,7.76193,76.6054,67.9569,7.26532,3.27707,3.97694,7.02786,14,1440,4.04255,3.84336
2022-09-06,-5.21651,11.2264,10.2173,14.0281,18.9164,19.7179,11.1149,9.83788,9.16748,845.967,332.37,9.28508,7.39106,2.82628,11.9833,11,1440,-3.70162,21.6619,23.2543,24.7947,31.9684,37.5665,22.017,23.4106,22.027,1628.83,1495.8,23.3587,13.278,9.97627,22.9795,11,1440,12.7518,13.0911
2022-09-07,2.63768,5.94095,6.83308,5.06125,5.17234,6.89051,6.03643,6.48963,5.57981,134.042,64.616,6.19791,2.90797,3.92511,6.10352,13,1440,4.4529,21.9248,24.803,30.78,31.3753,29.7929,25.4362,25.2905,20.823,2901.78,1715.9,24.393,9.87428,14.9287,29.0349,12,1440,9.50468,11.1444
2022-09-08,0.139488,6.14048,6.0283,6.14123,3.45959,3.9034,6.04565,5.90994,5.84625,81.1773,61.9102,5.66465,2.99891,3.02939,5.82555,14,1440,0.328906,18.6336,17.4511,17.2384,10.67,9.66964,17.8102,17.671,17.7687,862.368,502.437,15.6434,8.6542,8.7969,16.5274,15,1440,9.51135,9.37676
2022-09-09,10.0396,14.1541,12.5083,11.8538,13.4498,19.1931,13.1286,12.0321,11.4642,495.932,256.76,11.3101,3.54781,8.9605,13.1214,12,1440,4.94256,16.0249,15.0817,12.7328,11.8488,12.5021,14.6526,13.4703,14.6874,682.369,157.261,11.3957,5.95303,9.12867,13.9969,13,1440,12.0732,10.3828
2022-09-10,1.34036,6.47316,7.00471,5.22966,6.02174,6.87059,6.64263,6.47761,5.731,238.241,68.6342,6.2629,2.868,4.13671,6.37887,13,1440,3.20098,10.9262,10.6883,6.64641,7.45725,9.23158,9.41537,9.56247,8.36049,1323.63,383.471,9.02848,3.45079,7.23749,7.84266,14,1440,7.32774,7.62007
2022-09-11,0.8213,5.37991,6.08089,5.03057,3.90032,4.12249,5.53042,5.91518,5.05108,74.535,56.6638,5.49135,3.25763,2.82327,5.48791,11,1440,-0.452514,9.22957,10.2029,8.56524,6.48466,6.53528,10.2542,9.1372,7.87446,396.719,191.058,8.66789,6.09729,4.1056,9.97867,12,1440,5.95891,6.84945
2022-09-12,2.5729,11.3072,11.1984,9.6866,8.38599,11.6514,11.0122,11.8019,11.4237,250.295,458.092,11.4915,4.89084,6.30753,10.9346,13,1440,-2.85678,15.5499,14.8291,14.5638,12.7064,15.4155,14.739,14.91,14.9512,325.026,400.978,15.1943,7.6696,7.15952,14.8166,12,1440,11.5218,11.4193
2022-09-13,-10.4497,26.2307,26.9283,36.0823,48.6937,37.7709,26.624,15.9278,18.851,16279,893.169,13.2823,22.1014,4.82692,27.5449,11,1440,-8.63373,45.1331,41.6391,50.7712,76.7885,61.9622,44.406,29.4671,33.8969,25829.8,1541.87,21.2926,32.5751,9.06403,43.5979,12,1440,30.8523,30.2613
2022-09-14,0.263068,9.77567,10.0483,10.3555,8.31579,8.32987,10.3719,9.50281,9.52882,222.902,147.539,9.36722,5.37099,4.67729,10.7578,12,1440,3.98398,17.901,18.9987,16.888,17.2937,9.68723,17.4157,17.9218,17.3543,609.468,376.157,17.8213,9.33831,9.66043,16.1919,13,1440,11.0686,11.1905
2022-09-15,-2.62899,11.5041,10.3553,9.30829,7.92347,6.66782,11.5929,10.2904,11.3023,162.935,173.557,9.6138,5.91615,4.43917,9.62024,13,1440,-10.6583,48.376,41.1022,39.3016,48.8409,56.6818,45.0435,39.5744,45.7691,4293.54,2961.88,37.3939,28.4424,12.6598,43.5487,12,1440,19.4117,17.4829
2022-09-16,0.513453,7.03816,5.74093,6.83356,5.35532,4.6844,5.86415,5.70939,7.01158,53.6472,48.4511,5.27368,2.79948,2.94144,5.40747,12,1440,-2.67334,22.6609,22.2689,20.9114,17.3877,15.5864,21.3025,22.9671,22.1603,806.191,965.329,22.8797,11.4223,10.8466,18.9206,12,1440,10.8611,9.77899
2022-09-17,1.55486,3.50855,3.58963,3.44458,2.6954,2.49883,3.29477,3.82665,3.33389,30.5218,39.8424,3.56728,1.46616,2.12347,3.53356,11,1440,2.40682,7.92522,7.90058,7.90669,6.96327,7.74989,7.42484,8.13607,7.86776,92.211,124.523,8.06766,3.38737,4.51321,7.75481,11,1440,4.08873,4.19843
2022-09-18,-3.52905,5.70809,6.45344,5.25483,5.58857,5.16703,5.77885,6.21057,5.49083,104.024,81.6072,6.35971,4.05365,2.39979,5.60087,13,1440,-9.5902,19.2992,21.5784,20.9548,22.6559,21.2134,19.1121,20.0409,17.3867,1535.88,850.721,19.231,14.831,6.74737,19.3804,11,1440,9.09134,10.6374
2022-09-19,0.620439,18.0057,21.5735,26.8526,28.2725,31.7118,19.9145,14.7786,15.2138,5706.55,381.119,13.0291,13.8516,7.72193,20.5282,11,1440,3.0602,29.2945,28.8867,26.3046,27.9855,29.9212,27.528,26.3941,27.0204,3366.9,1018.05,24.9817,14.8435,14.0432,25.6664,12,1440,19.0807,20.2126
2022-09-20,-3.44728,11.8686,11.8243,12.6956,12.771,9.37671,12.199,11.7735,11.5131,229.537,186.19,11.5649,7.08643,4.73791,11.763,13,1440,-3.93172,20.6064,20.4264,21.2888,22.3269,17.2731,19.7144,20.1214,19.0306,946.638,597.684,18.4028,12.1142,8.31221,19.8392,12,1440,13.6545,13.3777
2022-09-21,-2.21584,61.2261,44.9698,53.9753,51.8876,31.2906,30.8867,35.9353,59.6388,53960.8,7449.77,29.1798,32.024,12.9458,25.6824,13,1440,-6.00871,69.0784,61.3186,78.4792,83.8299,62.4499,44.3218,47.6705,69.2246,70088.5,8828.74,38.3539,42.5646,18.7539,41.5848,12,1440,59.5312,49.3737
2022-09-22,4.96772,11.6693,12.5909,12.6697,11.4736,10.8356,11.2332,12.6769,11.4195,179.907,206.34,11.5566,5.45409,7.13686,11.9105,12,1440,6.27519,22.0186,24.897,22.0707,19.9062,20.7008,21.2623,25.3995,21.2202,1332.24,1281.48,24.672,10.2956,14.6014,23.0912,12,1440,13.6643,15.1123
2022-09-23,-0.577492,11.136,10.8493,11.4569,12.1913,9.46638,10.5511,10.1051,11.0609,171.087,147.566,10.85,5.39209,5.45718,10.5333,11,1440,0.0595393,30.4952,30.4419,32.9286,35.7965,20.3694,30.1992,27.7578,29.7168,1631.25,1169.69,27.9548,15.6238,14.8181,28.8118,12,1440,15.9249,15.7402
2022-09-24,-1.93362,5.17591,6.12844,4.49025,2.99087,2.8942,5.27178,5.95293,4.75846,79.7213,57.6273,5.21808,3.81975,2.30869,5.06542,14,1440,-0.765401,9.5349,10.1757,7.83151,5.52629,5.44864,9.31085,8.38498,8.84503,319.994,62.7837,8.23466,6.09264,4.08302,8.17567,13,1440,5.92925,6.90431
2022-09-25,-0.599664,4.31245,4.45459,3.59172,3.58273,2.5578,4.23861,3.77532,3.9449,46.0911,29.0699,3.60796,2.46824,1.98635,4.45166,12,1440,-1.72302,10.2692,11.4887,7.88153,7.25957,4.99345,11.474,10.2873,9.60836,498.815,383.97,9.42415,6.78525,4.70341,12.1128,13,1440,5.50876,6.17358
2022-09-26,2.21088,8.25256,8.20062,7.41056,9.0116,10.0869,7.65672,8.08886,7.9374,101.344,81.1876,7.75074,3.44379,4.75683,7.38933,12,1440,3.15824,16.4431,15.0993,14.2664,15.2684,13.5011,14.8106,14.9488,15.0176,301.846,226.834,14.5641,6.54672,8.55259,13.556,13,1440,10.1785,9.86094
2022-09-27,-0.776312,15.9867,17.4746,18.4459,21.2069,28.9658,16.5709,17.6113,15.6993,665.067,632.541,16.6806,9.38148,8.09308,17.2246,11,1440,-0.61182,15.028,14.9735,13.4892,13.4154,16.8369,15.1826,14.3992,13.9825,279.67,277.627,14.4235,7.24903,7.72452,15.3736,12,1440,12.8683,13.8622
2022-09-28,1.73386,16.2659,16.7357,15.3657,15.4123,14.1994,15.0137,16.4518,15.4819,492.676,411.912,15.3254,8.59688,8.1388,15.4243,12,1440,0.688876,24.1524,22.6035,24.8032,20.8136,22.9117,21.1994,21.4202,22.987,832.457,674.653,21.5503,10.991,11.6125,21.3373,12,1440,16.8346,16.8073
2022-09-29,0.916264,12.2072,14.1851,13.6027,11.8072,8.80636,13.5192,14.0009,12.2778,455.632,388.837,12.5383,6.71183,7.47325,14.3176,12,1440,-0.112238,16.5975,17.2554,16.8756,16.1989,10.9648,16.7693,16.1735,16.0162,677.967,404.311,15.6548,8.33421,8.92118,18.1134,12,1440,12.4201,14.1224
2022-09-30,-0.865846,15.1771,12.9995,11.4076,13.9061,12.5996,13.4585,12.2046,14.7938,440.742,371.943,12.7651,6.5221,6.47737,12.0114,13,1440,-0.523943,18.4495,15.0198,11.3117,12.6255,7.77563,15.3899,13.553,17.2643,777.997,445.274,13.8607,7.21177,7.80799,11.9591,15,1440,14.3292,12.4598
2022-10-01,-0.576556,2.1687,1.88743,2.01149,1.83194,0.509016,1.75523,1.8352,2.03302,8.03084,4.94979,1.57137,1.09522,0.792208,1.59401,14,1440,-1.28235,3.52643,3.17831,2.76164,2.49404,1.48345,3.1079,2.9553,3.08476,22.2691,11.2598,2.79915,1.89881,1.2795,3.09205,13,1440,2.16617,1.9664
2022-10-02,-1.32483,3.71208,3.39492,3.53114,3.9574,1.83141,3.44324,3.24199,3.51988,36.3199,29.4891,2.83258,1.84694,1.54798,3.75808,12,1440,-2.70983,7.26223,6.73068,7.01238,6.08977,5.19973,7.04023,5.25343,6.03732,185.021,64.9112,4.46671,3.9284,2.80229,7.48442,13,1440,4.43324,4.21706
2022-10-03,2.95881,5.99674,4.75711,4.00007,4.62071,4.84189,5.17596,4.64423,5.43105,41.4434,30.6852,4.25364,1.68629,3.07083,4.75155,13,1440,3.56756,7.72057,7.0444,5.79132,7.16852,7.27778,7.13722,6.2372,7.15579,103.193,61.5156,5.77238,2.31117,4.73323,6.88345,13,1440,5.89591,4.90324
2022-10-04,3.54701,6.6113,5.73542,5.9066,3.35058,3.89804,5.48921,5.40716,6.36817,69.7737,49.0448,4.80287,2.3405,3.39492,5.27267,13,1440,2.86098,5.93205,5.44227,4.52816,2.54208,3.08376,5.0028,5.14792,5.80081,40.3826,34.4127,5.15606,2.21982,3.22244,5.07146,12,1440,5.27971,4.72953
2022-10-05,-0.886808,5.60393,6.31805,5.75821,4.7896,5.43506,5.76953,6.50141,5.59456,66.8828,61.58,5.62944,3.3576,2.96045,5.70477,12,1440,-0.684679,6.11843,6.54102,5.41318,4.60745,6.02071,6.25764,6.57556,5.97534,115.645,74.5283,5.37737,3.23956,3.30146,6.07258,13,1440,4.93707,5.69052
2022-10-06,-0.985029,6.71108,6.55052,5.92054,5.38482,3.05888,6.38964,6.1753,6.015,59.8449,61.2792,6.3487,3.3848,3.16571,6.05953,13,1440,-0.010354,8.67913,9.42557,7.68618,6.77818,5.86972,9.09819,8.73663,7.67282,168.905,137.005,9.4876,4.56903,4.85654,9.12436,12,1440,6.64025,7.06752
2022-10-07,-2.18075,5.71028,4.49278,5.05045,6.81922,5.62416,4.80816,3.59443,4.74165,124.812,24.6906,3.00921,3.1507,1.34208,4.96029,13,1440,-1.56237,6.40379,5.28555,5.31207,6.01214,4.72355,5.58862,3.91368,4.59125,147.578,25.185,3.4964,3.46729,1.81826,5.35249,14,1440,5.39819,4.38468
2022-10-08,-0.575794,1.29855,1.32,1.20082,1.13264,1.21958,1.36009,1.1804,1.22876,6.14417,4.67754,1.16256,0.768623,0.551378,1.3492,13,1440,-1.18041,1.94818,1.84466,1.87122,2.60864,2.72987,1.92653,1.74307,1.53278,22.1787,4.55788,1.99308,1.24437,0.60029,2.04877,11,1440,1.29348,1.35277
2022-10-09,0.108398,1.75969,1.79683,1.45614,1.14742,0.746575,1.62706,1.69519,1.68291,14.6641,4.1128,1.53968,0.904676,0.892156,1.56079,12,1440,0.579852,2.2741,2.4189,2.24172,1.59077,1.26285,2.20488,2.14883,2.05003,30.7668,7.18432,1.92629,1.17765,1.24125,2.21428,12,1440,1.77116,1.91011
2022-10-10,-1.59269,3.34205,3.64193,3.37884,3.89966,4.00926,3.545,3.4244,3.51891,29.1473,18.8003,3.06625,2.18392,1.45801,3.82621,12,1440,-2.53347,4.76208,5.12226,4.87771,5.10031,5.1815,5.07403,5.04945,4.55698,63.8857,52.6504,4.3239,3.02402,2.09825,5.37552,11,1440,3.52633,3.83924
2022-10-11,-0.376363,4.09439,3.51681,2.93755,2.36249,2.24915,4.03173,3.6884,4.16703,25.1804,46.811,3.66217,1.90557,1.61123,3.82956,14,1440,-0.771946,6.64386,5.37093,5.69727,4.63601,4.89697,5.82817,5.46521,6.38411,47.1579,64.4808,5.09432,2.8449,2.52602,5.63595,13,1440,4.62261,3.87282
2022-10-12,0.499955,2.51906,1.94001,1.01772,0.822995,0.602189,2.00225,1.79912,2.29831,16.3787,10.1669,1.7659,0.929216,1.0108,1.51793,16,1440,1.11322,4.60213,4.24222,2.54443,2.35021,1.94454,4.24468,3.54148,3.98256,67.949,28.0434,3.71411,1.81702,2.4252,3.47344,14,1440,3.0791,2.6403
2022-10-13,1.13988,18.9354,14.6116,16.1055,15.2987,17.9948,15.127,10.6945,10.529,3698.67,559.721,7.57322,8.97194,5.63969,14.3786,13,1440,-0.570208,33.1026,26.0794,28.9122,24.8784,21.2252,26.303,20.0208,19.0813,13634.3,2552.33,13.2204,18.4744,7.605,24.8386,13,1440,23.4364,18.1584
2022-10-14,-1.02823,6.84174,7.58605,7.90033,8.97081,10.253,7.41001,6.75859,6.54681,150.989,98.2913,6.20627,4.09261,3.49344,7.60294,12,1440,0.711482,8.56301,10.0435,11.2785,11.0051,13.2135,9.2303,10.0314,8.47136,410.736,195.105,9.17062,4.30242,5.74105,9.84995,11,1440,6.71358,7.73984
2022-10-15,-0.562356,1.1297,1.12895,0.894617,0.862549,0.498267,1.10904,0.935481,0.994723,5.09759,1.18606,0.823948,0.535361,0.593591,0.978342,14,1440,-1.66075,2.70689,3.02501,2.53559,2.49225,2.19462,3.17082,2.64902,2.42749,20.1305,9.82938,2.33724,1.55313,1.47188,3.11462,12,1440,1.41142,1.57862
2022-10-16,1.01007,1.77105,2.09474,2.73491,3.10007,3.46355,1.9862,1.97791,1.68002,24.0866,19.742,1.93548,0.733868,1.36087,2.00818,11,1440,2.40473,3.65806,4.3152,5.25297,6.2266,7.7702,4.28145,3.70555,3.29201,79.8097,41.8504,3.97463,1.64556,2.66963,4.48478,11,1440,2.21409,2.71399
2022-10-17,1.4783,2.88398,3.12359,2.41998,1.56217,1.43001,2.80787,2.91507,3.03436,23.3304,12.2457,2.76987,1.33755,1.78604,2.67926,12,1440,1.93003,4.29405,4.67102,3.45805,2.45019,2.89318,4.23938,4.29143,4.45124,34.8873,23.9752,3.70125,2.18084,2.49018,4.06305,12,1440,2.96899,3.1921
2022-10-18,-1.14423,3.84559,3.24029,3.22224,3.12073,3.52066,3.4665,3.02034,3.76207,16.5789,13.8322,2.9936,1.7672,1.47309,3.4318,13,1440,-1.5662,5.7207,5.20838,5.60659,5.64296,6.7025,5.58107,4.74035,5.47295,45.4686,26.5395,4.65839,3.00097,2.2074,5.69743,13,1440,4.00675,3.45737
2022-10-19,-1.05833,2.32977,2.08349,1.73517,1.6339,1.63852,2.14217,2.06174,2.40064,6.75776,8.28445,2.3045,1.122,0.96149,1.98223,12,1440,-1.97402,4.53032,3.8854,3.58448,3.45581,3.14578,4.28185,3.91788,4.43792,25.6506,21.1981,3.84179,2.09813,1.78726,3.8566,13,1440,2.78659,2.38546
2022-10-20,-0.429966,2.99127,3.02719,2.78984,3.10236,3.03115,2.73499,3.00166,2.72464,18.457,12.3114,2.85179,1.53953,1.48767,2.77759,13,1440,-0.196288,4.48262,4.82914,4.01106,3.96033,3.63707,4.55876,4.75199,4.00649,42.82,27.8197,4.32495,2.4092,2.41994,4.49322,13,1440,3.13536,3.35449
2022-10-21,0.640996,4.11004,3.86971,3.31385,2.93303,2.86529,3.96508,3.33508,4.10168,78.4459,27.3323,3.282,2.04146,1.82825,4.12107,13,1440,1.33061,6.09929,5.97252,4.93007,4.51484,5.18466,5.88096,5.21692,5.82799,165.756,66.2081,5.04187,2.97593,2.9966,6.18174,12,1440,4.50873,4.38751
2022-10-22,0.208399,0.444227,0.351147,0.330238,0.374089,0.27381,0.364265,0.310809,0.391898,0.223145,0.138146,0.285582,0.168594,0.182553,0.34652,13,1440,1.06071,1.4497,1.70945,1.48606,1.50038,0.836273,1.44608,1.49674,1.33168,6.20517,3.55812,1.45601,0.776377,0.933076,1.45468,12,1440,0.576267,0.603079
2022-10-23,1.88814,1.985,1.90269,2.4638,2.821,2.73137,1.89585,1.9067,1.71056,40.3749,23.1663,1.56993,0.52323,1.37946,1.99804,11,1440,3.77891,4.08152,4.20937,4.72908,5.80979,6.96673,4.25129,3.55908,3.19479,162.678,67.5721,3.1073,1.0177,3.19167,4.6284,12,1440,2.18695,2.01047
2022-10-24,-1.23744,2.66727,2.5058,2.04192,1.93526,1.01724,2.44803,2.27794,2.31937,11.9791,10.3508,2.28226,1.56116,0.944635,2.21276,13,1440,-1.52082,6.26139,6.40794,5.16589,5.4451,3.52473,6.13479,6.59167,5.18972,76.4578,90.7493,6.56539,3.85553,2.55241,5.65117,14,1440,3.44982,3.40293
2022-10-25,3.8084,6.02248,8.11767,7.71301,6.69017,6.43342,6.78997,7.18996,5.68369,303.208,274.557,7.48313,2.90484,5.21283,7.04663,12,1440,8.28983,30.3069,35.4494,25.6696,27.5328,29.4471,32.1063,26.0297,19.7901,18388.4,2458.54,19.7342,8.72597,26.7234,35.3293,13,1440,9.99259,13.615
2022-10-26,3.38584,8.32422,10.8482,8.74009,7.85489,6.55455,9.61692,9.09486,7.96377,1205.22,210.951,7.52512,3.20727,7.64088,9.96432,11,1440,7.03301,21.7292,25.7775,22.8259,22.8164,20.4471,22.175,25.8863,20.6387,2141.63,2029.97,21.3142,7.86482,17.9127,22.3206,11,1440,11.4902,14.7813
2022-10-27,-2.32062,6.01821,5.29991,5.56118,6.49941,3.88482,5.36775,4.71208,5.69998,77.0897,24.6947,5.31519,2.82365,2.47627,5.16123,13,1440,-3.38003,17.6883,14.6691,17.3982,21.0233,12.9678,15.2782,14.3697,16.3447,534.843,443.211,14.0707,8.0006,6.66849,15.7184,12,1440,9.13533,7.87563
2022-10-28,1.45149,4.54275,4.04674,4.47195,3.34002,4.61208,4.47729,3.33358,4.51403,55.0606,18.035,3.15561,1.44464,2.6021,4.06556,13,1440,2.63079,13.0453,12.4368,11.9806,10.4319,14.5907,12.8269,11.1835,11.9186,368.851,167.65,9.95927,4.7987,7.63812,11.4088,13,1440,6.71359,6.10872
2022-10-29,1.05229,3.92766,3.73827,2.77153,2.48563,2.97215,4.20232,3.38642,3.94762,29.3918,13.9284,2.98206,1.87625,1.86202,3.99516,13,1440,4.10523,16.7807,14.472,11.6288,11.983,11.2072,17.0873,13.819,16.9218,496.134,288.634,12.6646,6.04133,8.4307,15.9958,13,1440,6.95672,6.57173
2022-10-30,-0.879362,2.15322,2.21564,2.20484,2.3611,2.16747,2.13181,2.20812,2.00742,8.5339,6.12575,2.08781,1.21318,1.00246,2.11242,12,1440,-1.81376,7.28881,7.28875,7.04618,7.30335,6.51246,7.20126,7.59566,6.91268,74.0135,70.61,7.52564,4.01126,3.27749,6.89842,12,1440,3.44309,3.56061
2022-10-31,-0.665109,4.08309,5.20221,5.20027,5.10079,5.3148,4.28751,4.61341,4.08692,179.95,86.3857,4.35468,3.02646,2.17575,4.48089,10,1440,-1.12232,14.7437,19.9347,22.0195,23.2323,22.6237,14.9301,18.2998,14.4292,3895.73,2280.18,15.0922,12.2757,7.65891,15.3679,10,1440,6.92657,9.42543
2022-11-01,-0.0347534,2.09103,1.81448,1.82626,1.5046,1.42713,2.18893,1.97043,2.04325,4.66255,7.36061,2.02029,0.968102,0.846377,2.15009,13,1440,0.367483,7.95941,7.20386,7.53831,5.94401,6.88123,8.40407,7.47672,8.00625,73.3962,82.7725,7.19231,3.72719,3.47666,8.24604,12,1440,3.59719,3.12524
2022-11-02,-1.63299,6.83952,5.6685,5.53676,6.69476,2.25835,6.7527,4.68915,6.70626,201.983,84.7803,4.66372,3.23749,2.43101,6.457,14,1440,-3.88447,24.8842,23.9454,26.2599,34.3534,11.9373,26.64,20.9239,25.2665,3197.39,1633.01,18.1834,14.8182,9.12721,28.5511,12,1440,11.3901,10.4795
2022-11-03,0.277406,2.29847,2.26915,2.11892,2.1588,2.58905,2.27292,2.50792,2.18945,10.4515,12.1555,2.27427,1.04322,1.22593,2.14903,12,1440,0.831002,6.84257,7.71337,6.83107,7.21881,7.23107,7.20007,7.55156,6.62524,103.328,84.9676,7.26486,3.37743,4.33594,7.18181,12,1440,3.51926,3.7743
2022-11-04,4.55003,7.53708,7.82702,7.3626,10.0306,11.8814,7.31383,6.57417,7.7451,251.194,89.1448,6.72171,2.74808,5.07894,7.27785,12,1440,7.1679,16.1386,15.7336,13.9756,19.6631,22.8244,15.4593,14.7092,16.1193,885.913,617.48,13.8601,5.11373,10.6198,15.0459,13,1440,9.77022,10.0168
2022-11-05,0.710757,2.21926,2.19225,2.88225,3.24972,2.86334,2.50187,2.24992,1.85003,16.3908,11.6109,2.33045,0.871222,1.32103,2.68081,12,1440,-1.08811,4.09463,4.38145,4.42935,3.61309,2.65016,4.30828,4.19899,3.85082,48.0522,23.5256,3.93617,2.32983,2.05161,4.12252,13,1440,2.37581,2.47413
2022-11-06,-1.86614,1.73763,1.9748,1.97878,1.50527,2.07608,1.67471,2.08289,1.65819,10.8372,10.7219,1.91727,1.2792,0.6956,1.64816,11,1440,-3.67397,6.13894,8.14506,7.91948,5.01119,6.98284,6.73032,8.98034,5.96173,215.824,308.531,8.95949,5.10566,3.0394,6.77836,11,1440,2.77637,3.57953
2022-11-07,-1.51557,3.95678,3.51565,4.30866,4.31291,4.93511,3.75743,3.80798,3.96861,18.0153,27.4668,3.52768,1.97478,1.54087,3.81803,12,1440,-0.0121158,9.5889,8.92288,10.9062,13.9924,14.1193,9.75453,8.8963,9.40757,108.009,114.977,8.22532,4.62049,4.30239,10.2529,11,1440,5.09025,4.82044
2022-11-08,-10.454,89.2859,73.8724,75.5321,86.4393,86.8919,79.6907,68.648,98.9426,20416.6,22557,67.0257,42.3282,31.5442,81.3183,14,1440,-16.1106,133.522,122.512,134.418,145.175,163.121,131.025,113.697,149.177,51000.2,32107.8,110.994,74.0626,48.4497,136.592,12,1440,99.2601,88.1132
2022-11-09,-15.2568,74.2172,81.6557,60.207,53.8153,48.2679,72.7749,80.6343,73.936,14696.4,11872.7,68.1595,47.0457,34.61,66.7609,13,1440,-19.097,148.022,160.751,130.203,123.842,106.616,147.579,157.227,148.713,44816.5,52506.7,143.338,84.4786,76.2729,141.903,12,1440,94.2428,104.98
2022-11-10,10.0212,80.3884,90.9572,72.8964,81.2801,80.1226,85.3593,69.1533,62.7671,62700.3,10192.9,62.1091,30.2168,60.7404,81.2412,12,1440,16.4021,134.054,163.57,131.152,139.565,128.951,134.802,124.074,89.4416,366691,46828.3,95.5008,49.4883,114.081,130.42,12,1440,90.8558,112.389
2022-11-11,-3.06235,41.1046,37.2031,36.5974,54.9807,17.2307,39.4482,36.6659,40.235,5646.47,4142.06,32.5412,20.1989,17.0041,37.0417,13,1440,-0.772634,76.2293,76.8071,68.0138,104.018,36.3557,78.0585,68.1726,69.8189,31595.3,11854.3,54.654,36.8181,39.989,76.5615,12,1440,50.9153,49.5235
2022-11-12,-1.5243,6.6338,5.31638,3.85615,3.49888,2.6546,5.56353,4.51622,6.48169,42.6367,23.5215,5.14243,2.77446,2.54192,4.05181,17,1440,-2.51571,17.9186,16.75,13.1618,12.5578,7.07345,16.0132,15.707,16.0905,494.722,308.391,14.7678,8.62284,8.12713,13.983,15,1440,9.42453,8.13669
2022-11-13,-2.9103,8.07105,8.36214,5.50447,4.55522,4.29603,7.50343,7.06506,7.52979,459.198,127.039,5.94504,5.21899,3.14315,6.2744,13,1440,-2.88554,15.8824,15.5563,12.2742,8.49692,8.3486,15.3601,14.8693,15.9298,932.522,528.106,13.2544,8.22842,7.32786,14.0692,13,1440,9.81244,10.0069
2022-11-14,1.75796,34.6962,34.8998,32.3963,40.1115,36.2604,34.1423,28.19,29.8616,6615.02,1843.06,25.8751,14.7091,20.1907,31.2122,11,1440,1.76816,41.8458,41.9867,36.1796,43.9071,42.194,38.8124,36.7812,36.8485,8673.77,2436.99,31.8675,20.494,21.4926,35.7439,12,1440,34.9068,35.4499
2022-11-15,1.67731,10.3593,9.87419,7.4375,5.91495,8.41558,10.9602,10.6577,9.82588,167.978,174.004,10.2078,4.90521,4.96898,10.6954,12,1440,0.797117,15.4506,13.8589,11.4646,9.43924,13.0099,14.976,15.0759,14.4455,255.46,288.151,14.8615,7.0446,6.81431,14.4688,13,1440,10.9897,10.2737
2022-11-16,-1.41711,7.31391,5.91503,4.42936,4.70514,3.35846,6.27927,5.7885,7.43528,73.0625,45.123,5.13436,3.6173,2.29772,5.40638,15,1440,-3.00176,14.6077,11.3474,9.57151,8.7662,8.12599,12.5862,10.5647,14.753,277.944,124.12,9.85907,7.32948,4.01791,10.9497,15,1440,8.90663,6.89204
2022-11-17,0.178682,3.98237,3.89774,3.84185,3.5461,2.5918,3.78577,3.80673,3.9131,36.8643,21.5211,3.50585,2.01265,1.88509,3.72,13,1440,-1.30268,12.2393,12.0294,12.6412,13.981,9.37274,12.0451,11.4021,11.6533,394.034,172.58,11.1681,6.47948,5.54989,12.1855,12,1440,5.83838,5.80279
2022-11-18,0.0472554,3.79567,3.30985,3.33184,2.90359,3.45158,3.78537,2.31792,3.49542,44.8347,6.48756,1.99072,1.66692,1.64293,3.32538,12,1440,1.00705,5.68942,4.9703,4.96232,4.29423,3.99603,5.62366,4.71104,5.61419,45.5376,40.8508,4.31849,2.46997,2.50033,5.20158,12,1440,3.86138,3.45147
2022-11-19,0.0013772,1.12054,1.06253,0.866359,1.0355,0.630038,1.037,0.946172,1.00261,4.28776,1.93259,0.882082,0.547465,0.51507,1.02445,12,1440,0.418888,2.87362,2.40741,2.37004,3.1219,1.89782,2.48037,2.28587,2.57564,14.8867,10.3139,2.25421,1.19855,1.20886,2.4105,12,1440,1.44915,1.35447
2022-11-20,-2.54979,3.20815,3.48773,2.90243,3.41166,3.71252,3.17329,2.7463,2.94399,75.4392,13.3328,2.55948,2.5126,0.975128,3.16109,13,1440,-6.39742,11.4184,14.0778,14.9715,15.7764,18.9573,11.9752,8.62823,9.95627,1993.78,87.7403,6.50213,11.1222,2.9556,12.8124,12,1440,5.21463,6.16537
2022-11-21,-3.11264,12.5843,12.4708,11.2329,10.5232,7.92045,11.7784,9.96224,10.8781,713.026,143.858,10.0417,8.44808,4.02268,12.3794,11,1440,-3.10042,23.7708,22.9642,23.5516,20.9418,10.6992,23.6915,18.9403,22.1605,1327.09,476.12,18.519,12.8142,10.1501,24.1668,12,1440,14.785,14.7337
2022-11-22,2.78478,7.95292,6.57321,5.91187,6.39636,8.52234,7.32644,5.09435,7.8455,147.597,43.9772,4.48273,2.08543,4.48778,6.80455,13,1440,2.87166,15.242,13.7773,13.694,14.6073,21.2132,15.0904,12.7782,15.7738,484.208,232.044,12.1136,5.69971,8.07758,15.2256,11,1440,9.42418,8.05187
2022-11-23,2.29172,5.83638,6.08947,7.33592,6.30696,8.16716,5.85564,4.88541,5.86244,168.948,51.0265,4.55993,2.18145,3.90802,5.69703,12,1440,3.86603,12.3317,12.772,14.6374,13.5545,15.4173,11.5951,11.3568,11.7024,797.195,504.379,10.4556,4.30473,8.46729,11.6818,13,1440,6.8972,7.10461
2022-11-24,-0.0250587,3.24778,3.1397,3.20244,3.03018,2.55143,3.11832,3.21689,3.25541,23.6239,26.8195,3.10439,1.53711,1.60259,3.14461,13,1440,1.60874,7.15275,6.87129,6.98697,6.86008,6.58038,7.04487,6.58514,6.58655,113.45,58.5138,6.17892,2.91815,3.95314,7.25977,12,1440,4.01723,3.795
2022-11-25,-0.463814,2.17684,2.16763,1.81648,1.98325,1.22984,1.99736,1.9163,2.09169,9.57194,4.27239,1.78632,1.23339,0.934238,1.78404,13,1440,-0.368702,6.60661,6.20228,4.86746,5.35868,3.894,5.46034,4.82846,6.34126,129.128,25.1184,4.50564,3.67715,2.52513,5.06036,13,1440,3.15127,3.16967
2022-11-26,-0.385499,1.67245,1.44016,1.24021,1.2134,1.00716,1.58098,1.37836,1.57559,4.11664,2.53349,1.24602,0.775148,0.665011,1.54191,14,1440,0.523932,4.97318,4.23454,3.53201,4.46138,3.49234,4.71845,3.99511,4.80695,49.7072,27.2853,3.81118,1.9003,2.33423,4.78448,13,1440,2.29326,1.99829
2022-11-27,-0.181164,1.22653,1.25123,0.954277,0.870917,1.1669,1.19352,1.11058,1.26602,13.3337,2.41589,1.01996,0.826614,0.424617,1.04926,14,1440,-0.976886,3.34104,3.61331,3.52798,3.19825,4.62194,3.31794,2.87982,3.07108,94.2196,11.2779,2.36564,2.47163,1.14167,3.28926,12,1440,1.63536,1.80486
2022-11-28,-1.32268,4.88506,4.38161,4.15538,5.2466,6.07935,4.63959,4.04821,4.37049,66.7659,44.4374,3.71964,2.46554,1.91607,4.63861,11,1440,-2.21126,7.79987,7.50674,6.72498,8.70313,10.4363,7.5309,6.16572,7.4612,216.239,71.0166,6.09853,4.7236,2.78315,7.40031,11,1440,5.15033,4.85603
2022-11-29,1.40634,2.64911,2.35216,2.19412,2.06334,2.0367,2.36073,2.05019,2.42084,13.7568,8.38622,1.84032,1.00339,1.34877,2.29009,12,1440,4.08737,7.28809,5.96443,5.66624,4.81898,5.21188,6.44838,5.13895,6.76363,72.965,36.6154,5.01236,2.20925,3.75518,6.26805,12,1440,3.72258,3.23269
2022-11-30,4.29219,7.56783,7.95738,10.2048,11.3573,8.76841,7.14843,7.35902,7.17418,617.723,156.39,6.37538,1.99921,5.95816,7.3533,12,1440,6.2124,17.8752,20.1118,28.0247,29.6473,25.7073,20.316,15.3772,15.831,10779,1237.02,10.9488,3.65997,16.4519,22.2832,11,1440,10.2015,11.2113
2022-12-01,-1.09119,2.67446,2.5174,1.53793,1.88391,1.14487,2.42382,2.59146,2.53705,35.8304,34.5,2.38012,1.50924,1.00816,2.32193,13,1440,-1.40422,5.02284,5.3668,3.61451,3.39892,2.25937,5.08295,5.4222,4.90176,155.114,122.442,4.67625,3.2454,2.1214,4.93311,12,1440,3.03357,3.28383
2022-12-02,0.677253,2.21103,2.35864,2.15459,1.49922,1.75359,2.37826,1.78639,1.9355,82.2706,9.97294,1.59194,1.56145,0.797188,2.42063,12,1440,1.49147,4.77552,4.94861,4.36242,3.07772,3.15221,5.04315,4.20055,3.56985,158.435,45.6856,3.57499,2.89149,2.05712,5.09779,13,1440,2.70595,3.00816
2022-12-03,-1.22163,1.10742,0.838758,0.741832,0.416771,0.3734,0.783906,0.722807,0.88329,2.01725,1.15357,0.609558,0.501812,0.336945,0.703358,15,1440,-4.34436,4.86679,4.50426,4.36556,3.6265,3.97344,3.82162,3.51336,3.50448,157.776,44.6641,3.23895,3.12605,1.37821,3.73198,14,1440,1.82888,1.57782
2022-12-04,1.29742,1.53067,1.74097,1.40483,1.39019,0.597178,1.74915,1.60061,1.45434,10.0587,6.56861,1.35609,0.726312,1.01465,1.75228,14,1440,3.08764,3.84181,3.70314,3.84921,3.58764,2.56544,4.04224,3.51104,3.78942,38.8992,37.9436,3.18986,1.16875,2.53439,4.13933,13,1440,1.86791,1.94089
2022-12-05,-0.817977,3.14484,2.90637,3.31403,3.34238,2.97909,2.93755,2.61717,2.74275,20.6053,12.7381,2.72598,1.63117,1.2752,3.23831,12,1440,-1.57557,4.97404,4.59324,5.63518,5.99687,5.14495,4.56097,4.39774,4.7615,67.1099,40.1563,4.02642,2.72481,1.86843,4.82732,11,1440,3.24733,3.106
2022-12-06,0.720067,1.54281,1.48412,1.07578,0.982801,1.0019,1.44105,1.40783,1.48367,3.23179,2.63488,1.48365,0.706789,0.777328,1.36469,14,1440,0.941237,3.94592,3.63414,3.23047,3.69886,3.85009,3.8997,3.50895,3.89846,19.8701,17.0717,3.54135,1.53128,2.10286,3.90078,12,1440,2.00785,1.94655
2022-12-07,-1.48752,1.77344,1.88169,1.90162,1.47651,1.88702,1.84213,1.18524,1.43459,66.2139,2.13364,1.0613,1.37449,0.507202,1.77523,12,1440,-3.20827,5.81419,5.04933,5.43811,4.85184,6.24551,5.12426,3.63075,4.19544,369.359,18.3393,3.18852,3.63293,1.4164,4.81176,12,1440,2.73846,2.75916
2022-12-08,2.27521,2.1939,2.06321,2.41134,2.49507,3.16674,2.18901,1.92573,1.95216,23.4118,12.321,1.90179,0.619829,1.44338,2.29911,11,1440,3.90276,5.3846,5.17146,6.60434,8.44572,8.6018,5.25375,4.071,4.84651,139.721,30.6344,3.82159,1.39846,3.77299,5.66321,11,1440,2.77341,2.69387
2022-12-09,-0.556232,1.76993,1.1277,0.934222,0.83597,0.66445,1.24134,1.04089,1.35635,6.09983,2.56565,0.921816,0.696874,0.430822,1.0102,17,1440,-1.34317,5.18652,3.92227,3.18619,2.84525,2.11591,4.02117,3.89381,3.80989,63.8908,33.371,3.37051,2.4411,1.48117,3.20456,16,1440,2.67511,1.82198
2022-12-10,-0.00624707,0.42874,0.414129,0.375911,0.302265,0.247821,0.396173,0.442941,0.412134,0.222551,0.263623,0.435787,0.204142,0.209987,0.37821,13,1440,0.256973,1.31951,1.48052,1.40842,1.26497,1.25454,1.43784,1.46246,1.20949,3.51238,3.58111,1.31534,0.755008,0.725515,1.42291,12,1440,0.515754,0.561546
2022-12-11,-0.248096,0.642904,0.688686,0.649101,0.505023,0.327485,0.723341,0.532427,0.552634,3.65929,0.513785,0.532746,0.416854,0.271832,0.809585,12,1440,-0.264099,1.57392,1.93339,1.5633,1.57324,1.19401,1.91253,1.40824,1.4142,20.2492,2.85725,1.1432,1.16832,0.765073,2.03826,12,1440,0.738415,0.89924
2022-12-12,0.727692,1.27256,1.32821,1.02796,1.03058,1.34134,1.13937,1.07364,1.2006,6.01497,2.12974,1.107,0.688167,0.640047,1.17087,12,1440,0.976209,3.18624,3.89087,3.70007,3.60529,3.71213,3.53451,3.24425,3.18462,118.431,25.0467,2.881,2.0296,1.86127,3.9988,11,1440,1.5569,1.87118
2022-12-13,3.22954,7.35323,7.19094,6.72778,6.88655,10.8872,7.19418,4.48341,6.17599,1069.32,67.3712,3.16632,1.19279,5.99814,7.09658,12,1440,3.48945,15.1856,15.802,11.7226,12.6567,17.2844,15.4213,9.81518,9.85127,9743.4,580.184,6.27962,2.74416,13.0578,15.8952,12,1440,9.54487,9.45305
2022-12-14,0.159931,8.49626,6.3187,6.11072,5.65025,7.46308,6.5579,5.98251,8.3448,392.246,174.302,4.34051,4.3802,1.93851,7.02072,13,1440,-1.00833,10.6393,6.98203,5.6623,4.91678,5.5567,7.46733,6.86241,10.0164,292.282,219.617,6.36237,4.7566,2.22543,7.41496,14,1440,8.85931,6.06402
2022-12-15,-2.54176,2.74997,2.68171,2.20849,2.71453,2.90388,2.47236,2.61132,2.60449,14.0282,10.8822,2.80723,1.614,1.06771,2.39235,12,1440,-3.17823,4.86628,4.40813,4.20504,4.75804,4.30917,4.1857,3.11889,3.66873,158.783,25.7045,3.15914,3.0631,1.34502,3.92273,13,1440,2.93758,2.81521
2022-12-16,-4.26221,5.96289,5.54399,5.98798,6.66218,6.83549,5.15279,4.20806,5.64393,237.837,39.6761,4.2378,4.10432,1.43967,5.33485,12,1440,-8.19981,16.7835,17.457,19.6999,20.8234,21.5699,17.1708,10.7318,13.8733,4551.92,947.118,13.947,14.2713,3.18573,19.3364,11,1440,8.93721,8.75579
2022-12-17,0.864452,1.51048,1.64286,0.959565,1.21313,0.747829,1.55646,1.6041,1.42182,3.71251,2.95719,1.54445,0.703152,0.939711,1.31815,13,1440,1.72732,4.03913,4.18934,3.42914,3.68695,2.25939,4.11126,3.72164,3.72291,31.5058,15.6031,3.61918,1.6921,2.49725,3.68384,13,1440,2.08187,2.18264
2022-12-18,-0.228616,0.936372,1.01291,0.849215,0.702659,0.372523,0.976071,0.851561,0.845731,3.35143,2.24636,0.774516,0.500327,0.512581,0.9253,12,1440,-0.34596,3.16535,3.50882,2.79936,2.79754,2.02082,3.39814,2.96407,2.56725,50.7848,15.7222,2.84194,1.69452,1.81429,3.25114,12,1440,1.37128,1.64915
2022-12-19,-1.80449,3.07168,3.14081,2.30769,1.96039,2.04388,3.42971,2.24814,3.16851,172.603,11.761,1.67967,2.2552,0.885614,3.24154,13,1440,-1.29655,5.18314,5.56901,3.68057,3.86489,3.88024,5.94083,4.60385,5.2173,192.885,37.8776,3.70403,3.2747,2.2943,6.0945,12,1440,3.36714,3.76142
2022-12-20,2.74016,3.2564,3.65511,3.76645,3.18866,2.59033,3.86533,2.71919,3.08115,119.605,12.0662,2.33305,0.956752,2.69836,3.86163,13,1440,4.12007,6.45303,6.91032,5.5017,5.46823,4.94803,7.45439,5.66898,5.7181,196.015,53.2606,5.29775,2.01483,4.89549,7.13225,13,1440,3.80601,4.16153
2022-12-21,-0.42046,1.34819,1.31665,0.949283,0.993356,1.20705,1.29654,1.22607,1.32917,3.65659,2.46355,1.20731,0.706635,0.610014,1.16674,14,1440,-0.260005,2.53915,2.60257,1.69221,1.6146,1.84542,2.59728,2.30851,2.3526,15.0887,8.66961,2.29944,1.29221,1.31035,2.20461,14,1440,1.62692,1.67098
2022-12-22,-0.0192593,1.48801,1.98171,1.43051,1.36987,1.54392,1.82427,1.34945,1.4772,66.3495,5.85803,0.90991,0.775944,1.20577,1.7032,14,1440,0.323259,5.66585,7.223,6.23579,7.03558,7.05907,7.41282,3.70043,5.29859,1743.83,60.8337,2.41397,2.07632,5.14668,7.04263,13,1440,2.3441,3.49411
2022-12-23,-0.255536,1.80687,1.05192,0.78321,0.494218,0.505094,1.39699,0.933466,1.90136,4.05082,1.95431,0.875374,0.491577,0.560345,0.989836,15,1440,0.187062,3.23122,2.24715,1.76302,1.28265,1.31632,2.57493,1.7391,3.3075,15.7549,3.98024,1.83796,1.01324,1.23391,1.94126,14,1440,2.15143,1.36118
2022-12-24,0.342827,0.317251,0.263974,0.155183,0.144892,0.124532,0.264341,0.255185,0.273546,0.125938,0.113155,0.238637,0.130562,0.133412,0.225316,16,1440,0.0344206,0.691077,0.508357,0.398761,0.417448,0.434883,0.549306,0.411407,0.497629,0.536939,0.215916,0.408521,0.278668,0.229689,0.436204,15,1440,0.297763,0.238878
2022-12-25,-0.0238207,0.626536,0.68069,0.281017,0.336108,0.301674,0.614688,0.50962,0.511959,3.78347,1.26144,0.582756,0.348009,0.332682,0.572863,12,1440,-0.155807,4.40721,4.56376,1.3649,1.43551,1.49283,3.37801,2.53892,2.92791,516.469,82.5018,2.723,2.92878,1.63498,3.05802,12,1440,1.31089,1.53909
2022-12-26,0.517193,0.397732,0.399499,0.328156,0.342415,0.44093,0.368878,0.358993,0.341082,0.585754,0.230224,0.276443,0.167172,0.232327,0.369067,12,1440,0.78476,1.08644,1.0987,0.794579,0.809083,1.00532,0.960633,1.03087,0.842877,3.13946,1.87836,0.824436,0.463996,0.634703,0.946062,12,1440,0.483252,0.554067
2022-12-27,-1.26708,1.13149,0.997079,0.996215,0.831916,0.957328,0.993341,0.773655,0.815221,6.86384,0.801294,0.602783,0.677903,0.319176,0.990661,13,1440,-1.35759,1.94666,1.43299,1.44751,1.4335,1.2659,1.62602,1.24199,1.67966,3.9549,2.0728,1.12572,0.823403,0.609589,1.69381,14,1440,1.2258,0.957693
2022-12-28,-0.956593,1.81614,1.64254,1.72604,1.43159,1.79356,1.77031,1.50296,1.40481,10.0076,4.85404,1.32555,1.00477,0.637771,1.55928,12,1440,-1.78212,4.42986,4.23849,4.18348,3.41696,4.09608,4.26493,3.66456,3.27601,107.597,38.7267,3.20551,2.51428,1.72421,3.74409,13,1440,2.51534,2.42112
2022-12-29,0.519338,0.805028,0.694221,0.566088,0.521214,0.381445,0.738707,0.674309,0.76865,0.688969,0.501059,0.624949,0.281966,0.412254,0.612864,14,1440,0.865046,2.11468,1.88006,1.46078,1.3201,0.974468,1.82417,1.63387,1.80868,10.1311,4.84167,1.40665,0.680483,1.19958,1.57422,13,1440,1.1018,0.972202
2022-12-30,-0.156373,1.15667,1.28738,1.11819,1.30092,1.48362,1.25881,1.01885,0.9808,11.8845,2.13222,0.773084,0.7286,0.55878,1.27491,12,1440,-0.0416583,1.95388,1.79622,1.11595,1.11046,0.995477,1.64328,1.51152,1.63555,13.9452,3.55094,1.20616,0.890158,0.906063,1.50383,14,1440,1.27216,1.31484
2022-12-31,-0.392641,0.536995,0.386951,0.366286,0.28199,0.213331,0.429771,0.327313,0.466898,0.340117,0.17488,0.329821,0.21807,0.168881,0.365491,14,1440,-0.322188,0.876114,0.792672,0.672758,0.704772,0.568232,0.820535,0.730292,0.686075,1.50911,0.961601,0.631554,0.374402,0.41827,0.69643,14,1440,0.504452,0.432428
2023-01-01,0.448444,0.324986,0.293792,0.260294,0.215737,0.128551,0.291995,0.26851,0.285066,0.120061,0.0753067,0.262128,0.13783,0.155962,0.263002,13,1440,0.35135,0.728817,0.654625,0.554488,0.474672,0.34322,0.661183,0.569452,0.481692,0.707802,0.348155,0.551092,0.331203,0.323422,0.547255,13,1440,0.360231,0.35329
2023-01-02,0.337162,0.964879,0.89983,0.715072,0.913501,0.832496,0.897917,0.822945,0.800492,6.34659,1.38709,0.705651,0.294416,0.605413,0.830441,12,1440,1.13158,2.00369,1.51758,1.23456,1.47036,1.58614,2.06524,1.32918,1.73082,15.5022,5.75442,1.48852,0.449571,1.06801,1.86298,12,1440,1.08618,0.955643
2023-01-03,0.0138539,0.683156,0.672001,0.730421,0.61123,0.44549,0.640185,0.693303,0.632165,1.0452,1.33987,0.657804,0.36596,0.306041,0.597345,12,1440,0.0452945,1.10489,0.98932,1.04191,0.929759,0.724832,1.01087,0.914719,0.954597,1.67722,1.82082,0.927971,0.510414,0.478905,0.926245,13,1440,0.717908,0.728549
2023-01-04,1.04506,1.52013,1.31526,1.55244,1.40999,1.37296,1.3629,1.37853,1.43892,4.18725,4.46141,1.28771,0.581209,0.734054,1.36867,13,1440,3.42747,4.52805,4.80716,4.80589,4.37285,4.70334,4.80095,3.46651,3.78585,324.751,25.8502,2.84277,1.12772,3.67944,4.92628,11,1440,2.18147,2.01934
2023-01-05,-0.10991,0.462943,0.494749,0.431223,0.341599,0.309771,0.464206,0.512157,0.4314,0.449976,0.546335,0.50882,0.233535,0.261214,0.460892,13,1440,-0.451331,1.20837,1.20175,1.11068,0.896286,0.738343,1.17108,1.25274,1.05012,1.80689,1.89353,1.24076,0.633797,0.567952,1.07455,14,1440,0.591147,0.636559
2023-01-06,0.703326,1.12584,1.28008,1.19252,1.15516,0.991881,1.00603,1.27452,1.08161,8.51503,4.3617,1.18351,0.506877,0.773205,0.939101,13,1440,1.42044,2.62092,2.66586,2.52406,3.24714,2.79079,2.24941,2.53322,2.3577,22.0634,20.0323,2.38767,0.885429,1.78043,2.0825,13,1440,1.35005,1.52563
2023-01-07,-0.041777,0.145436,0.164841,0.120373,0.127291,0.119118,0.148554,0.158454,0.126717,0.0489693,0.0490643,0.149136,0.0809309,0.0839104,0.13406,12,1440,-0.400283,0.528975,0.427361,0.341645,0.369651,0.30371,0.432218,0.398037,0.355665,0.233303,0.247164,0.398375,0.229163,0.198199,0.370285,13,1440,0.189066,0.20527
2023-01-08,1.08162,0.495484,0.570966,0.711033,0.830494,1.26399,0.472289,0.382314,0.478039,3.34467,0.563729,0.283858,0.143057,0.427909,0.5324,10,1440,2.04296,1.82621,2.5433,2.497,2.94727,4.02919,1.97366,1.89734,1.54433,142.572,34.6598,1.27469,0.567356,1.97595,2.08124,9,1440,0.762461,1.04565
2023-01-09,0.294,1.49249,1.54718,1.29818,1.08894,0.889106,1.41649,1.55555,1.47635,3.69457,3.04174,1.43063,0.846961,0.700223,1.38769,14,1440,2.31609,4.55228,4.43867,4.08684,3.96896,3.57733,4.35494,4.93241,4.52862,22.0818,33.2685,4.79197,1.91413,2.52453,4.27456,13,1440,2.14233,2.19926
2023-01-10,1.51596,1.10607,1.16108,1.03366,0.662346,0.950312,1.22379,1.15327,1.05057,2.20532,2.12487,1.05993,0.477425,0.683656,1.22115,12,1440,1.14685,2.71244,2.8597,2.80989,1.55996,1.93528,2.86695,2.93746,2.69589,11.4972,13.0856,2.74111,1.36285,1.49685,2.98265,12,1440,1.41342,1.55713
2023-01-11,2.84103,3.23526,5.27133,3.70678,3.98133,5.77371,3.78538,4.17993,3.17318,1282.73,187.282,2.34444,0.754042,4.51729,4.16003,11,1440,3.94692,6.30835,8.45954,6.7222,6.68733,10.6619,6.49787,8.41872,4.98231,1510.57,745.31,6.44001,1.86514,6.59441,6.88708,11,1440,3.93307,6.10441
2023-01-12,4.9119,13.7234,18.4112,16.8962,20.9772,23.9173,14.1964,15.0611,13.2447,7316.65,1287.81,10.8328,5.1597,13.2515,14.4534,10,1440,1.89147,14.8594,14.8792,15.6744,18.7297,18.2368,13.4989,12.228,13.8263,2345.47,480.128,11.9123,5.52833,9.35087,11.9941,11,1440,12.165,14.4194
2023-01-13,5.5893,8.41393,7.21317,7.85843,10.1964,8.71273,7.27056,5.81274,8.65743,411.665,58.1542,5.33976,2.20384,5.00934,7.39287,12,1440,2.46113,6.51129,5.72734,5.78563,6.8822,7.29384,6.04037,5.11706,6.63954,117.91,40.4003,4.91389,2.34951,3.37783,6.03511,12,1440,6.36253,5.66831
2023-01-14,5.01468,21.9571,25.3474,27.493,23.9758,31.2998,26.0584,18.3956,22.1178,5614.25,1115.67,15.0204,11.1574,14.1899,27.4222,11,1440,6.57996,29.7302,38.6882,39.7585,32.5825,46.51,38.6164,16.0203,31.5505,59060.5,786.119,12.1791,8.39598,30.2922,40.6302,10,1440,20.3298,26.2304
2023-01-15,-0.398887,5.60976,6.61362,4.82189,3.30166,2.91394,5.24231,4.87391,5.68538,389.649,39.5167,3.69953,4.4706,2.14302,4.71478,14,1440,0.1689,7.36983,8.77427,6.71159,6.06187,5.35324,7.38258,6.3086,7.66542,783.626,75.3507,4.75878,5.98957,2.7847,6.98849,13,1440,5.7699,7.1016
2023-01-16,1.49395,10.0571,11.7112,10.7026,7.4869,7.15568,9.61639,8.99161,10.0563,1673.38,197.416,7.31474,7.15569,4.55551,8.91914,13,1440,1.56068,12.2009,16.1829,14.6896,9.19488,7.7893,11.9647,11.8654,12.0325,4580.42,385.541,9.75176,10.1237,6.05922,11.4225,14,1440,9.89457,12.8179
2023-01-17,-0.240262,6.68617,6.68353,5.28603,2.68565,2.32183,5.74394,7.24656,6.73813,207.837,254.613,6.4158,3.69562,2.98791,5.64995,13,1440,-0.723629,8.65233,8.35652,7.6599,5.80587,4.97612,7.90498,8.5271,8.98879,216.393,233.654,7.95557,4.61678,3.73975,8.0987,12,1440,6.88035,6.95591
2023-01-18,-2.18767,10.8936,11.977,12.4768,10.0015,6.4078,10.4893,10.7337,11.1304,1086.41,796.901,9.75029,6.90939,5.06757,10.5398,12,1440,-3.51938,15.2051,17.3657,21.6349,23.0371,14.111,14.7857,17.9735,15.8826,2299.15,1725.49,14.6842,10.5129,6.85276,16.3467,11,1440,11.5253,13.4957
2023-01-19,1.8881,2.9393,2.46631,2.31922,2.34276,2.31626,2.48359,2.55207,2.81446,7.39194,9.3998,2.40111,0.990279,1.47603,2.25278,12,1440,2.59017,5.53508,5.05356,4.07839,3.72919,3.20101,4.73853,4.85733,5.17686,46.9725,32.1495,4.75232,1.93177,3.1218,4.26145,12,1440,3.48731,3.12273
2023-01-20,7.29937,8.33278,8.54129,7.54168,10.0565,16.6832,8.10833,8.36361,6.98952,540.262,244.707,6.44009,1.96891,6.57238,8.17629,12,1440,6.69677,8.80433,8.3609,6.9278,7.84717,11.1223,7.89729,8.38138,7.67646,310.697,205.851,7.50361,2.23223,6.12867,7.5265,12,1440,7.21679,7.24176
2023-01-21,0.51194,13.4052,13.9925,15.6488,9.6912,10.0879,11.6657,11.361,13.1709,2042,394.865,9.28708,9.24825,4.74427,11.6599,12,1440,-1.93968,12.6028,13.5402,15.1699,9.98793,9.29108,12.3515,8.42757,12.0463,2981.74,120.088,7.69512,9.85588,3.68435,12.029,12,1440,11.4917,12.663
2023-01-22,-0.332678,6.35569,6.54866,5.90642,4.53944,4.43611,6.23583,5.24577,6.38667,280.348,47.6383,4.96775,4.40464,2.14401,6.08001,13,1440,0.0479395,7.56802,7.33618,6.30031,5.19062,6.75088,7.22279,5.81521,7.53301,325.425,62.8644,5.26592,4.66861,2.66757,6.92435,12,1440,6.02734,6.26312
2023-01-23,0.914299,6.76696,8.92463,5.16823,5.37211,5.26926,7.57239,8.17305,7.09623,1221.69,394.334,5.95892,5.65742,3.26721,7.08703,14,1440,-0.0706881,9.0909,12.7874,7.27109,7.17238,7.29849,9.78457,10.6338,9.36497,4482.67,1058.55,7.43856,9.20442,3.583,9.02785,13,1440,6.84482,9.81614
2023-01-24,-1.24508,5.31905,5.4061,4.5283,3.42825,2.78817,4.89187,4.59755,5.31115,96.73,41.3506,4.3693,3.2095,2.1966,4.41767,14,1440,-4.42022,11.5359,15.9722,15.5219,16.0375,9.28787,12.8559,10.1304,11.7566,8531.69,114.284,7.56506,12.9996,2.97264,11.1464,13,1440,6.11144,7.51402
2023-01-25,1.87361,11.4914,10.4588,13.414,16.5633,19.8151,11.2316,9.55121,10.7791,656.049,381.3,8.20881,5.68623,4.77258,12.3779,11,1440,3.53393,13.4061,10.2384,13.4976,15.2101,18.4349,12.4502,10.1259,14.4545,378.352,244.214,9.1225,4.5804,5.65805,14.2486,12,1440,10.6539,8.62808
2023-01-26,-0.222658,5.44208,3.84679,3.48098,3.51846,2.14218,4.14112,3.50778,5.43304,28.6082,13.8054,3.33713,2.09109,1.7557,3.71922,15,1440,-0.675378,6.95446,6.32956,6.60695,7.27878,5.07692,6.49302,5.65112,6.66208,79.0621,48.503,5.29171,3.49581,2.83375,6.39529,12,1440,5.44478,4.42159
2023-01-27,0.279968,4.97081,5.68123,5.1265,5.78453,5.02143,5.26008,4.70076,4.4216,149.569,46.8002,4.30355,3.46184,2.21938,5.17475,11,1440,-0.216963,7.15995,9.3045,9.10609,7.86296,8.33879,8.12579,7.62842,6.26772,365.348,118.259,6.46997,5.3544,3.9501,8.57835,11,1440,5.23896,6.62523
2023-01-28,-0.223703,1.16299,1.0432,0.937327,0.640425,0.616109,0.982523,1.02699,1.12628,1.38127,1.03301,0.967681,0.541511,0.501693,0.843773,14,1440,-1.61027,3.24,3.55563,3.52315,3.45541,3.34476,3.17933,3.4347,2.78336,22.7211,16.8516,3.16858,2.17904,1.37658,3.20271,11,1440,1.55753,1.62918
2023-01-29,3.07819,5.88736,5.39164,4.3746,4.67443,3.47004,5.3146,5.05231,5.99965,86.2334,68.9582,4.70313,2.37244,3.0192,4.90128,12,1440,4.51579,9.77033,9.65431,8.82414,9.30528,7.82132,8.71862,9.20145,9.41199,344.487,198.59,8.36371,4.83172,4.82259,8.63235,11,1440,6.51711,6.33599
2023-01-30,-3.93515,6.95928,5.50901,6.96958,6.58704,7.37619,6.30947,4.93882,7.13463,107.018,49.0158,4.7418,3.90359,1.60542,6.17073,13,1440,-4.89179,9.41769,7.51749,10.492,9.1832,9.49679,9.14542,6.93942,9.90903,261.803,166.939,5.86714,5.18274,2.33475,9.06761,13,1440,7.26376,5.70133
2023-01-31,1.30131,3.82654,3.61813,3.44381,4.02533,3.66225,3.76262,3.56616,3.46394,43.8368,26.5571,3.15412,1.42428,2.19385,3.90081,12,1440,1.21403,6.30597,5.69189,4.99883,5.46665,4.6195,6.03373,5.60305,5.51171,79.236,69.0259,5.22711,2.43271,3.25919,5.94545,12,1440,4.44083,4.11545
2023-02-01,2.59323,5.54274,5.38563,4.32681,5.35149,3.49697,5.86163,5.07324,5.67991,159.104,169.517,5.58259,1.50278,3.88285,6.19124,13,1440,3.49275,8.95032,9.97158,9.65073,11.9864,7.81038,10.8962,10.5323,8.72408,624.733,823.001,11.4042,2.68904,7.28254,12.1662,12,1440,6.35392,6.68691
2023-02-02,-1.03225,7.04779,7.88268,9.01079,10.7647,11.6199,6.20212,6.64832,6.77735,421.379,104.263,5.75713,3.46673,4.41595,6.22107,11,1440,0.0876766,14.2303,16.774,18.926,22.6171,26.6223,13.9827,13.1409,12.904,2642.62,386.751,10.5907,6.86305,9.91099,14.0782,11,1440,8.76293,10.7399
2023-02-03,-0.243133,4.4631,3.71964,3.07979,3.00735,2.35228,4.00786,3.45062,3.75676,31.0588,26.5258,3.35225,2.05172,1.66791,4.02215,14,1440,1.2339,7.48364,6.64552,5.35743,5.8276,4.45554,6.89073,6.54086,7.05086,76.2888,95.085,6.44536,3.44411,3.20141,6.84793,13,1440,5.19519,4.49639
2023-02-04,-0.449371,1.20942,1.25166,1.03906,0.887352,0.560181,1.18364,1.15566,1.14043,3.53176,1.74393,1.11165,0.601352,0.650309,1.14603,12,1440,0.171777,3.65069,3.96881,3.69517,3.90054,2.55101,3.86178,4.03463,3.36002,40.3749,35.0947,4.38866,1.73284,2.23597,3.94768,10,1440,1.73153,1.92694
2023-02-05,-1.70316,2.97919,2.06783,2.17983,2.16417,2.08897,2.46338,1.99113,2.65893,9.42923,8.31777,1.92628,1.21592,0.851913,2.20857,14,1440,-2.2675,5.61841,4.46666,4.21611,4.08337,3.99978,4.60793,4.18702,5.33169,44.5765,25.1125,3.6689,2.64841,1.81824,4.31473,14,1440,3.56595,2.53212
2023-02-06,-0.745767,3.22377,3.34149,3.98418,4.18049,2.34371,3.38753,3.13474,2.86657,32.5779,12.405,3.05292,1.76949,1.57201,3.63728,10,1440,-0.908338,5.28954,5.58925,6.90103,8.03801,4.84962,5.64071,5.029,4.57368,106.003,24.4529,4.842,2.76091,2.82834,6.16033,10,1440,3.6789,3.95328
2023-02-07,2.07794,4.42868,4.67393,6.50541,9.32461,5.6167,4.66582,4.48712,4.37923,143.52,91.1658,3.7104,2.05419,2.61974,5.26208,11,1440,3.4545,6.89319,8.23049,12.243,15.9411,11.0579,8.12792,7.52836,6.98317,489.106,205.789,6.85564,3.28674,4.94375,9.31273,10,1440,5.09538,5.90927
2023-02-08,-1.20105,2.60243,2.73471,2.22904,1.84908,1.81556,2.23311,2.80152,2.62911,12.7492,19.8353,2.82458,1.3051,1.42961,2.03621,13,1440,-1.24043,5.52294,6.79655,5.20076,4.13588,3.77447,5.37546,7.14134,5.37117,129.207,150.055,6.46418,3.01484,3.78172,4.90779,12,1440,3.33689,3.89655
2023-02-09,-5.21417,7.10721,6.59042,6.01955,6.87442,8.21786,7.85304,6.24365,6.86781,134.602,115.126,6.27629,4.52282,2.06761,8.06119,11,1440,-6.57854,13.9641,13.3063,10.7853,12.334,15.8179,16.3438,12.6659,12.0822,735.866,545.902,11.4101,9.54234,3.76396,16.2343,12,1440,8.72232,8.22811
2023-02-10,-0.788369,3.8841,2.77132,2.84079,2.81033,3.01461,3.37345,2.67,3.56388,11.4864,9.68563,2.63158,1.37858,1.39274,3.22799,14,1440,-2.11163,9.27901,7.50974,8.1633,5.79237,6.31591,8.5448,7.22,8.45131,110.795,84.6582,7.43982,3.87289,3.63685,8.18889,15,1440,5.46281,4.18496
2023-02-11,1.09163,1.03407,1.1233,0.947899,0.73249,0.745501,0.991416,0.921454,0.986951,7.58244,1.25931,0.841717,0.346295,0.77701,1.02057,13,1440,1.66803,2.87554,2.74418,2.24734,1.7223,1.5664,2.65709,2.54053,2.60257,21.2392,6.88184,2.51072,1.0655,1.67868,2.41254,14,1440,1.39843,1.48405
2023-02-12,-0.362049,1.69654,1.63889,1.62832,1.54299,1.94665,1.86615,1.73272,1.62583,5.19028,7.24423,1.74522,0.774763,0.86413,1.85991,12,1440,-1.55112,3.75829,3.05238,2.97885,2.84332,4.23002,3.63904,3.12411,3.69711,19.4469,25.8955,3.00448,1.76085,1.29154,3.61443,12,1440,2.14152,1.91023
2023-02-13,-0.0439419,3.79623,3.99123,3.2361,3.83554,3.23308,3.77082,4.0118,3.8333,30.0484,22.3006,3.86585,2.03641,1.95482,3.73705,12,1440,-0.635087,8.3904,9.83282,8.01408,9.21165,8.68479,8.6852,8.82408,8.39434,525.488,164.401,7.61597,5.63097,4.20185,8.83113,11,1440,5.06828,5.78535
2023-02-14,1.93699,6.06161,5.66393,8.75615,10.2742,8.02119,5.90088,6.17767,5.04997,171.091,290.403,6.43577,2.02962,3.63431,6.29963,10,1440,3.29797,10.8596,9.47684,12.6091,15.3041,9.50426,10.6517,8.50853,9.43409,608.513,392.234,8.04955,3.29555,6.18129,10.7713,11,1440,7.18531,6.40675
2023-02-15,9.13805,7.78546,9.48753,8.95579,12.6382,19.2764,8.03465,7.6468,7.83632,931.36,135.774,7.14599,2.01546,7.47207,8.36644,11,1440,7.38334,9.36963,10.3029,6.92818,9.11551,14.2406,9.12238,8.88694,9.32644,1145.84,170.904,7.30594,2.79409,7.5088,8.59593,13,1440,7.15487,8.72272
2023-02-16,-3.37114,11.8205,15.235,14.3345,19.2564,20.2865,13.6801,12.6713,10.5636,1943.99,484.03,12.2119,9.61265,5.62234,14.398,10,1440,-2.23871,13.7008,19.298,14.2579,16.3247,16.6498,17.142,16.9905,12.8936,4295.73,702.992,15.4891,11.9953,7.30275,17.301,11,1440,11.0548,15.9345
2023-02-17,4.37708,12.5885,14.9724,18.858,10.4715,9.09933,14.4018,13.7267,12.9937,728.38,393.001,13.1232,5.85316,9.11925,15.1318,11,1440,3.36376,10.0467,11.1069,13.5214,7.62446,5.58755,10.9163,9.96693,9.77809,428.066,256.92,8.80221,4.7153,6.39163,11.5058,12,1440,9.80815,11.5887
2023-02-18,0.251942,2.48864,2.5993,2.23743,1.83334,1.46415,2.42413,2.61659,2.47637,11.9395,9.39613,2.30477,1.1992,1.4001,1.98053,14,1440,-0.13292,2.9455,3.03956,2.61265,1.61285,1.38849,2.79034,2.86735,2.82459,35.6142,17.5608,2.46691,1.45152,1.58804,2.07525,15,1440,2.25721,2.41051
2023-02-19,-1.47308,5.21931,5.32691,6.44007,6.51574,5.52976,5.22497,4.96853,5.47874,102.034,53.5891,5.06747,2.84278,2.48413,4.97268,12,1440,-0.704168,5.23179,4.03083,4.32492,4.89014,2.65793,4.66389,3.91977,5.0561,35.8468,31.1332,3.71428,2.08166,1.94917,4.06313,14,1440,4.3817,3.90019
2023-02-20,2.32303,7.73609,8.01976,7.69604,6.24935,4.46261,7.46514,7.31661,7.83474,193.167,120.626,6.69622,3.42252,4.59723,7.36834,12,1440,1.3905,6.00601,5.91008,6.11475,5.05311,4.03113,5.93274,5.21295,5.74272,243.814,47.8208,4.42684,3.32026,2.58982,5.88647,12,1440,5.7977,5.9618
2023-02-21,-1.58253,7.01393,7.06242,6.15635,7.43492,6.75073,7.34335,6.43526,6.94757,88.1201,69.1306,6.71066,4.01274,3.04968,7.32555,12,1440,-2.58769,7.40891,8.22977,7.88979,9.92951,9.37977,8.1108,6.93692,7.33469,232.98,97.2735,6.91573,5.0677,3.16207,8.08336,12,1440,6.25389,6.76325
2023-02-22,-1.11013,8.88145,7.87139,5.52067,5.56255,5.78823,8.47894,8.13182,9.14758,84.4918,106.249,7.85481,4.07589,3.7955,7.4365,14,1440,-1.0064,8.88043,9.35067,5.8859,5.87204,6.60266,9.04378,9.81611,9.13101,122.258,185.386,9.8735,5.06835,4.28232,8.30659,13,1440,7.80724,7.65307
2023-02-23,-1.00582,7.45167,7.95882,8.06947,7.61457,8.43587,8.30416,8.06838,7.74473,119.422,93.3888,8.75448,4.41318,3.54564,8.21235,10,1440,0.44874,7.79192,8.62803,8.09564,7.39775,8.26294,8.82342,8.40095,8.02769,192.145,99.4583,9.04134,4.66512,3.96292,8.9594,10,1440,6.6993,7.5881
2023-02-24,-3.2041,7.91273,8.32631,6.1741,4.69794,5.68849,7.11941,8.11954,7.55675,552.238,222.475,6.74036,5.42566,2.90065,6.63051,12,1440,-2.62297,8.50421,9.501,6.52132,5.72315,6.73627,8.01899,9.09338,7.67528,912.634,274.117,7.92799,6.04429,3.45671,7.53054,12,1440,7.26082,8.02829
2023-02-25,-0.121789,2.40194,2.39345,2.00469,1.61792,1.69869,2.22449,2.34273,2.30725,9.32348,8.26581,2.28215,1.06856,1.32489,1.94788,14,1440,-0.825641,3.55694,3.35585,3.08557,2.69034,3.22731,3.2139,3.12671,3.46998,26.0095,12.2803,2.966,1.80739,1.54846,2.81115,13,1440,2.38934,2.35659
2023-02-26,1.70316,2.88418,3.03218,3.369,3.59537,3.03968,2.98382,3.10369,2.81269,20.3303,18.4882,3.21677,1.31269,1.71949,3.1511,12,1440,2.89148,3.32911,3.84587,4.26846,4.59547,3.90691,3.54718,4.24769,3.04198,33.6439,38.6467,3.90784,1.41747,2.42839,3.71877,11,1440,2.63406,3.08943
2023-02-27,-0.266798,4.82986,5.20457,5.03561,4.89658,4.31005,5.37089,4.20656,4.75248,160.29,37.7951,3.7495,3.09647,2.1081,5.62041,12,1440,-0.483082,5.02684,4.82031,3.75623,3.87147,3.48904,5.1951,4.54596,4.90946,50.9375,33.9564,4.30993,2.77469,2.04562,4.91668,13,1440,4.24223,4.30027
2023-02-28,-1.50332,3.77457,4.02123,3.34422,2.66488,2.51669,3.9093,4.10781,3.63115,44.2945,34.0839,3.61293,2.07369,1.94754,3.46838,15,1440,-1.74273,5.09625,4.79264,4.47031,3.6361,4.64908,5.13404,4.40039,4.66661,77.399,39.0796,3.95742,2.75693,2.03571,4.66783,14,1440,3.79597,3.97779
2023-03-01,2.08429,5.75955,6.54593,5.62086,5.94869,6.60903,6.19526,5.89153,5.52695,191.439,69.0835,5.08188,2.46047,4.08546,6.36824,12,1440,3.66902,5.65293,6.34998,5.61553,6.34325,7.13908,6.2391,6.3799,5.68155,106.483,77.0027,6.15268,2.59251,3.75748,6.50112,12,1440,4.97491,5.87203
2023-03-02,-0.694992,3.32223,2.90227,2.16527,1.77319,1.46536,3.04292,2.60824,3.31486,16.5997,10.2045,2.4735,1.39695,1.50532,2.59481,14,1440,-1.04798,4.63103,4.45493,3.29434,3.48743,2.78845,4.61949,4.03683,4.39644,37.7274,22.5214,3.86441,2.06561,2.38933,4.05354,13,1440,3.50063,3.33136
2023-03-03,-4.85031,9.57741,8.91246,13.8279,17.9781,32.8448,10.6786,8.5608,8.31798,1298.87,1105.94,7.11301,7.36217,1.55029,11.391,9,1440,-4.87522,9.63827,9.78375,16.6399,18.8559,34.5863,11.9266,8.98907,8.62148,1261.87,1183.55,8.44526,7.59504,2.18872,13.01,9,1440,8.33598,8.48592
2023-03-04,-0.0347644,1.03491,0.842144,0.726338,0.513484,0.473655,0.826396,0.765135,0.924787,2.8963,1.30304,0.678847,0.338037,0.504107,0.723974,14,1440,-0.173459,2.17424,1.97195,1.57149,0.926005,0.799728,1.81582,2.06228,1.71547,12.233,11.3268,1.8478,0.869451,1.1025,1.57031,15,1440,1.26728,1.15884
2023-03-05,0.373721,2.63954,3.58132,2.74652,1.93914,2.42329,3.20637,3.14036,2.34721,167.128,53.8997,2.69509,1.50195,2.07937,3.18886,10,1440,-0.137323,3.30246,3.78458,2.87493,2.19335,2.23974,3.77796,3.64216,2.83296,77.0065,60.8013,3.34807,1.87777,1.90681,3.5466,10,1440,2.51079,3.36589
2023-03-06,-0.0902761,1.75851,1.62183,1.16818,1.07327,0.883536,1.53363,1.38635,1.36422,9.88214,3.79079,1.24385,0.781799,0.840031,1.33136,14,1440,0.0805004,3.00795,2.7969,1.54723,1.58449,1.35198,2.60398,2.47381,2.14616,30.2031,20.3157,2.08053,1.24943,1.54747,2.00678,15,1440,2.01832,1.93447
2023-03-07,-0.95069,4.378,4.508,4.09496,1.7463,1.24226,4.08714,4.78984,3.77413,123.673,118.408,4.34694,2.36476,2.14325,4.07559,13,1440,-0.248098,6.48484,5.25601,4.68198,1.81594,1.71591,5.36265,5.01015,5.05319,210.628,81.4646,3.91216,2.67251,2.5835,5.00667,14,1440,4.81565,4.49983
2023-03-08,-2.24375,3.55049,3.90443,3.38156,3.06854,3.68948,3.59238,3.34817,3.41279,51.2171,19.2375,3.44597,1.99752,1.90691,3.25838,13,1440,-1.91194,4.17326,4.44609,3.0228,2.78487,3.26489,3.75384,3.9152,4.18633,81.7757,26.665,3.72277,2.29919,2.14691,3.08398,14,1440,3.23907,3.71854
2023-03-09,-6.38817,8.25792,10.8122,11.1297,14.2602,20.0591,9.49155,9.21524,8.03844,991.276,196.567,8.20931,8.15037,2.66187,9.97993,10,1440,-6.40418,9.94347,14.0145,15.7051,25.9382,32.2204,11.7954,12.354,8.04493,1747.76,409.147,12.1717,10.5317,3.4828,12.4877,9,1440,7.97179,11.2036
2023-03-10,-1.04427,14.4544,14.2383,14.502,11.1336,13.4165,14.241,14.4745,13.5206,386.517,433.528,13.5305,7.1716,7.06673,14.2138,12,1440,-0.759844,21.3909,18.7,20.2461,14.1046,16.4103,19.376,17.878,19.9956,619.536,533.657,17.6095,9.35924,9.3408,18.873,13,1440,15.8715,14.8453
2023-03-11,1.50245,9.44701,10.1735,10.4245,9.36843,11.9276,9.35612,10.4703,8.83248,279.343,230.292,9.66721,4.31303,5.86043,8.78711,13,1440,3.14198,15.5569,17.0697,17.3207,17.0688,19.0423,13.8753,17.1972,14.4147,1377.84,881.818,14.3779,7.29209,9.77766,12.7639,13,1440,10.5697,11.9249
2023-03-12,7.2648,14.2774,16.06,21.1284,15.3934,19.0489,15.351,14.2825,12.9253,2209.99,944.776,13.8598,4.18874,11.8712,16.7456,12,1440,7.1032,18.6194,22.9489,24.9627,22.8391,23.2213,21.8442,13.8054,18.8886,9359.91,1566.18,11.2728,4.0442,18.9047,23.1802,12,1440,13.7908,16.2164
2023-03-13,9.18599,28.8872,31.8515,28.8412,42.5809,35.836,28.8045,28.585,25.1718,3807.76,3232.77,27.1302,9.31494,22.5365,29.8395,11,1440,5.72537,23.3772,23.3118,21.0445,24.7778,20.6159,22.0223,19.1777,20.7358,2116.87,962.472,17.4003,7.09136,16.2204,22.0233,12,1440,23.1012,25.2355
2023-03-14,2.28335,38.7184,42.7897,43.3318,44.6783,34.0554,39.5315,38.3691,36.4671,7024.81,4232.42,35.4169,20.6331,22.1565,37.9634,13,1440,1.53879,28.813,28.661,28.5015,25.2564,18.162,28.6052,27.0966,27.1413,2536.79,1822.13,24.2417,13.5286,15.1324,25.3332,13,1440,30.04,32.4742
2023-03-15,-1.57185,21.4523,20.1395,18.3707,15.4806,7.9015,22.2099,19.5031,22.6216,748.877,804.054,18.7701,9.53046,10.609,21.155,13,1440,-2.95242,18.9342,18.2902,16.4503,12.5048,7.3236,19.0989,17.8747,19.601,598.473,558.39,16.8764,9.89129,8.39886,17.9383,13,1440,18.0304,17.201
2023-03-16,2.8941,10.9324,12.7424,9.7973,6.56191,6.31674,9.97023,11.9078,10.5731,456.21,212.555,10.9733,5.14781,7.59462,8.65279,13,1440,1.43036,9.59582,12.131,9.49152,7.79976,6.38482,9.43667,11.6748,9.0981,418.181,247.921,10.0411,5.22973,6.90123,8.30399,13,1440,9.13094,11.5185
2023-03-17,9.15382,21.2581,21.5434,19.7363,18.4657,23.9211,18.634,18.0255,21.0221,832.646,558.815,18.5021,8.13379,13.4096,16.6294,12,1440,6.6753,17.1774,17.8393,16.0266,14.5748,16.9156,15.6603,16.0165,16.6784,524.576,479.641,17.3534,7.51858,10.3207,13.2757,13,1440,16.8425,17.8976
2023-03-18,-1.79606,12.6447,13.3139,9.00032,9.5288,6.86064,13.6589,11.7606,12.5656,761.631,565.901,11.1232,7.05704,6.25686,14.0196,12,1440,-1.71532,14.8125,16.123,14.8958,17.5825,8.61765,16.0608,14.9039,14.765,830.407,623.134,14.3956,8.43858,7.68442,17.2512,11,1440,11.935,12.7876
2023-03-19,3.88304,10.016,9.60552,8.03515,7.86844,8.44253,9.77443,8.84061,10.2235,208.262,111.945,8.22618,3.99739,5.60813,9.17539,13,1440,1.23408,10.6379,12.341,8.9746,8.47072,9.24418,10.996,10.1878,10.751,561.273,169.955,8.97708,6.77364,5.56734,10.5288,13,1440,9.06711,9.85203
2023-03-20,-0.918881,14.79,13.519,12.9678,10.7569,15.0945,13.9328,11.794,14.6564,370.836,156.551,10.8276,7.48517,6.03382,13.1236,13,1440,-2.72683,13.1717,10.9223,10.5445,9.03764,10.5094,12.3515,9.49312,13.1409,232.11,112.999,9.67818,6.59884,4.32346,11.4539,14,1440,12.4563,10.85
2023-03-21,1.39179,9.19418,8.0134,7.34061,6.29806,6.99902,8.95899,6.82804,9.32613,194.933,56.398,6.32165,3.82903,4.18436,7.26277,15,1440,3.87427,13.4952,9.91727,10.0535,10.6007,11.7625,11.52,10.0311,13.2053,165.197,155.056,9.23126,4.2945,5.62277,10.6452,14,1440,9.55557,7.17492
2023-03-22,-3.08751,20.1479,18.9629,17.7182,23.1668,36.2493,19.4765,20.7957,19.6294,1773.61,2137.17,18.0785,12.2337,6.72918,20.0267,12,1440,-3.78486,17.4711,13.7788,10.1139,11.109,15.0466,16.7014,14.3638,18.0757,949.937,1044.77,13.6593,8.77029,5.00851,15.694,14,1440,16.7364,14.0541
2023-03-23,3.76105,13.124,11.976,12.8536,17.8459,18.2025,13.046,9.76781,12.2836,899.667,243.129,9.67377,3.98287,7.9931,13.0205,11,1440,4.47974,12.1806,10.6536,14.7995,17.902,18.5246,12.2904,8.00777,11.572,1238.03,262.697,9.00031,2.48199,8.17165,12.9484,10,1440,11.235,10.1435
2023-03-24,-3.01706,7.98142,7.90468,4.78248,6.2181,4.80337,7.28463,6.91446,7.99102,166.929,119.948,7.67529,4.68079,3.22389,6.45225,14,1360,-3.60485,10.673,10.6522,5.78995,7.42094,8.74395,9.58438,7.6063,9.24728,961.149,165.168,7.1357,7.33638,3.31586,8.36294,16,1360,7.7703,7.81544
2023-03-25,0.0308827,3.66131,3.35777,3.17107,2.76108,2.53773,3.35186,3.11313,3.44384,19.3351,11.2509,2.95424,1.82921,1.52855,3.02642,14,1440,-0.440505,4.30242,3.86753,4.01536,3.57745,4.0535,3.7133,3.2947,4.12719,45.1243,12.4468,3.22953,2.22225,1.64528,3.59678,13,1440,3.4178,3.22443
2023-03-26,1.8225,4.24847,4.13487,3.23642,3.63474,4.38141,4.17739,3.03585,3.76717,63.7027,11.0829,2.60825,1.70426,2.43061,3.94839,12,1440,1.82042,6.03458,5.68684,5.60392,6.79851,7.95745,6.11357,4.08159,5.69193,218.053,22.0567,3.26245,2.21432,3.47252,5.98304,12,1440,4.48125,4.42225
2023-03-27,-3.06103,7.50968,8.67597,8.29104,6.83392,10.6795,9.41587,7.87942,7.44637,562.839,130.004,8.37208,6.16359,2.51239,9.78975,12,1440,-3.36279,7.16242,8.16401,7.23803,5.36081,7.58809,8.59647,8.58805,7.00332,338.821,649.878,9.06404,5.66832,2.49569,9.41425,13,1440,6.41401,7.68883
2023-03-28,0.500718,6.33977,6.80506,5.35256,6.44058,6.99187,6.54024,6.68973,5.85696,124.107,112.937,5.82339,2.8156,3.98946,6.421,12,1440,3.3126,7.59713,8.2122,7.53232,8.98746,10.8216,8.27204,7.10525,6.22796,572.858,159.267,5.58624,2.27209,5.94012,8.40137,11,1440,6.07724,6.73274
2023-03-29,3.9118,6.71777,7.34165,6.73173,7.91597,8.95828,7.3785,6.0463,6.1078,303.407,110.25,5.28349,2.28627,5.05539,7.70264,11,1440,1.12618,5.53191,5.25611,4.49659,4.9004,4.56417,5.47035,4.38932,5.18172,104.791,39.8478,4.29195,2.42146,2.83465,5.42281,12,1440,5.4571,5.50269
2023-03-30,-1.13547,9.14309,9.85908,11.8,10.9676,11.7454,10.6847,7.85916,9.27001,725.67,154.289,6.28253,6.34791,3.51118,11.5055,11,1440,0.0301114,7.4012,7.39141,9.20391,8.39464,8.06959,8.23398,6.00201,6.69764,558.553,84.8493,4.63803,4.63183,2.75958,8.9139,11,1440,7.27584,7.80291
2023-03-31,1.5465,6.51172,6.74242,4.77947,4.04942,5.1004,6.05242,5.42001,5.73595,134.785,33.6505,4.77902,2.87044,3.87198,5.82213,12,1440,1.5441,5.495,5.49414,4.5369,3.81395,3.80388,4.98443,4.29328,5.14284,102.372,28.098,3.91675,1.98615,3.50799,4.80738,12,1440,5.28323,5.38854
2023-04-01,-0.0443796,2.24584,2.23555,1.46352,1.41661,1.16348,2.11518,2.26757,1.88687,17.8867,13.4992,2.08468,0.988417,1.24714,1.9514,13,1440,-0.0400845,1.86554,1.76576,1.24169,1.46228,0.974797,1.76951,1.64383,1.78326,5.88772,5.64213,1.60494,0.874297,0.891467,1.65778,12,1440,1.72147,1.6894
2023-04-02,-0.992015,2.49639,2.06292,2.5904,2.51758,1.82708,2.30359,2.05419,2.44868,8.61827,6.25224,1.87132,1.17677,0.886146,2.27491,12,1440,-1.45385,2.51535,2.2286,2.8699,2.6707,2.62617,2.57305,2.18778,2.3821,17.3174,9.94208,2.09351,1.37413,0.854472,2.58725,11,1440,2.09709,1.85513
2023-04-03,-1.32879,9.39483,8.78556,8.58466,8.94518,9.87241,9.52323,7.09959,8.42189,277.369,65.0701,6.12482,4.7431,4.04246,9.18874,12,1440,0.887657,8.51884,8.83116,9.42706,9.5655,13.1147,8.73879,6.86924,7.84938,371.482,103.94,5.73124,4.64488,4.18628,8.94115,11,1440,7.65012,7.73854
2023-04-04,1.30607,4.27553,4.51581,3.06334,2.75888,1.93995,4.33809,4.3481,4.00794,30.9927,24.1431,4.06415,2.10356,2.41224,3.53388,13,1440,3.25277,8.78601,8.21234,5.73282,5.95484,4.92673,8.07148,6.42614,6.42661,685.659,73.1688,5.7267,2.63675,5.57559,7.06352,12,1440,4.88829,5.03036
2023-04-05,0.0161177,5.15908,5.80011,4.5224,4.91022,5.68337,5.44773,5.25706,4.77284,112.692,65.6017,4.3613,2.96969,2.83042,5.17875,12,1440,2.02809,9.56516,9.05379,6.10071,5.97608,6.9265,8.46484,7.96062,7.94707,687.973,265.538,6.0577,3.17002,5.88377,7.1131,14,1440,5.87905,6.38462
2023-04-06,-0.48463,3.01302,2.5512,2.12634,2.09218,1.5903,2.7163,2.42595,2.70225,10.3593,7.11228,2.26521,1.46799,1.08321,2.37611,14,1440,-1.91908,4.24706,3.44053,3.66157,3.13134,2.64976,3.54002,2.76717,4.09297,25.0104,10.4681,2.45549,2.25102,1.18951,3.44215,13,1440,3.05066,2.54055
2023-04-07,-0.455809,1.57905,1.52678,0.961355,1.08987,0.753223,1.35899,1.37325,1.38792,4.6338,2.22673,1.35038,0.812128,0.714651,1.08573,14,1440,-0.465188,3.1825,2.88504,2.27177,2.60881,2.45738,2.67172,2.56811,2.83296,21.8831,9.01729,2.43637,1.57276,1.31228,2.27597,14,1440,1.89896,1.82046
2023-04-08,0.114783,0.697402,0.672258,0.710121,0.708354,0.619866,0.666851,0.591021,0.477906,1.96287,0.527396,0.500178,0.275715,0.396543,0.631151,12,1440,-0.802689,1.28028,1.29506,1.36361,1.51298,1.47816,1.17781,1.14887,0.967264,3.15355,1.56371,1.02244,0.694633,0.600422,1.15954,12,1440,0.707224,0.763666
2023-04-09,1.36997,1.95435,1.93315,1.44091,1.71778,2.1804,1.75961,1.57626,1.69204,19.3563,3.247,1.38239,0.685394,1.24775,1.85801,13,1440,0.544808,4.16892,3.71145,2.41937,2.468,2.33003,3.63585,2.43114,2.88589,173.067,10.6476,1.90712,2.11207,1.59938,3.24418,15,1440,2.08664,2.02039
2023-04-10,4.5334,5.06984,5.69077,5.98595,7.47472,7.12946,5.38244,4.72006,4.305,377.105,93.2847,4.18813,1.26181,4.42895,5.55092,11,1440,2.72123,3.82795,4.082,3.77004,4.30935,3.49854,3.69929,3.68361,3.48054,80.9562,39.9338,3.13632,1.37161,2.71039,3.81844,12,1440,3.56119,4.17047
2023-04-11,1.88208,5.37293,5.50416,5.47574,6.52932,4.04763,4.85439,4.77665,4.52239,104.967,34.3233,3.95117,2.37023,3.13393,4.47445,12,1440,-1.07052,4.02028,3.99297,3.50412,3.57941,2.02366,3.79484,2.98714,3.46138,61.6139,12.6461,2.54828,2.15801,1.83496,3.45636,13,1440,3.90589,4.00941
2023-04-12,-1.03964,5.28177,5.16266,3.76946,3.10741,2.17514,4.59498,3.85286,4.29973,375.61,30.5845,3.22494,2.04374,3.11893,4.3516,13,1440,1.44621,8.08359,7.70941,6.74306,7.97969,5.18026,7.7575,6.62112,7.19759,288.078,91.3945,5.30151,3.0452,4.66421,7.73155,12,1440,5.59496,5.34028
2023-04-13,1.61223,2.59988,2.49274,1.78124,1.58023,2.07839,2.37048,2.43037,2.53372,17.3386,8.42418,2.28612,0.968323,1.52441,2.12107,13,1440,4.81693,6.34845,5.96608,5.89968,7.49141,8.25422,5.4557,5.20304,5.91406,274.578,71.5465,4.43574,1.70001,4.26607,5.3875,12,1440,3.14014,2.79278
2023-04-14,0.306012,4.98731,5.74249,4.12442,4.96592,5.29608,4.88955,4.28064,4.85944,260.109,32.2641,3.38285,2.64496,3.09753,4.50179,12,1440,4.27984,19.6143,25.0482,24.9422,21.7515,26.0612,21.1619,10.4014,13.5688,24942.7,178.153,8.36542,5.09144,19.9568,22.5953,10,1440,7.87074,10.1277
2023-04-15,-0.565618,1.03869,0.990188,0.944425,0.937572,0.675864,0.94865,0.998879,0.865224,1.41066,1.92841,0.961773,0.589801,0.400386,0.813,15,1440,-0.448148,3.35959,2.96955,3.12686,3.14568,2.9565,2.74754,2.7423,3.13695,13.019,10.7244,2.82589,1.71915,1.2504,2.48271,14,1440,1.49194,1.432
2023-04-16,0.0315513,1.34428,1.40856,1.10705,1.10444,0.959001,1.27421,1.1206,1.02634,13.3392,3.6567,1.03852,0.673451,0.735108,1.25793,12,1440,1.33374,4.65506,4.55405,3.71468,3.70562,3.65515,4.16862,3.68727,3.87821,143.74,41.6024,3.37391,2.00768,2.54637,4.13543,13,1440,2.10335,2.25599
2023-04-17,-2.92774,4.11689,4.04077,2.71893,2.87973,4.52125,3.37764,3.32479,2.59752,203.062,45.6627,2.59264,3.06826,0.972513,3.25061,12,1440,-2.13094,4.81901,3.6482,3.55918,4.29626,5.5368,3.95041,3.40737,4.72145,38.5708,20.0196,3.16795,2.27174,1.37646,3.83641,12,1440,3.38585,2.96276
2023-04-18,3.17611,3.18945,3.72732,4.43449,4.63316,5.11085,3.38523,3.73387,3.02754,28.4061,22.4693,3.67891,1.49065,2.23667,3.64443,11,1440,1.41235,3.7125,3.25671,3.77633,3.5549,3.78651,3.34064,3.0533,3.50042,19.2865,8.88488,2.92058,1.50159,1.75512,3.36342,12,1440,2.8294,2.94735
2023-04-19,-5.35101,8.34035,7.19257,8.8772,10.8503,12.1594,8.92565,6.23016,7.89965,302.689,119.271,5.81512,5.14504,2.04753,8.34635,11,1440,-8.41518,13.5116,10.9391,14.369,22.7575,23.3159,12.9266,7.92686,10.6204,1137.91,583.708,7.58659,8.66077,2.27829,12.6785,11,1440,9.03795,7.74301
2023-04-20,-1.9406,6.60733,5.77867,4.49684,4.60847,4.49157,5.91254,5.8988,6.55419,50.8108,51.2077,5.90206,2.87785,2.90082,5.7674,13,1440,0.47721,8.04881,7.86782,5.97467,6.32705,6.54083,7.35527,7.61012,7.92246,143.745,147.451,7.67935,3.60425,4.26356,7.37371,14,1440,6.27979,6.14319
2023-04-21,-3.53441,5.87962,5.90299,6.75663,6.90258,6.30464,6.28522,5.71491,5.56423,88.7419,45.2766,5.91559,3.48423,2.41877,6.7585,12,1440,-4.96969,9.09811,9.36014,10.7689,9.65918,8.81097,9.67661,7.85228,8.86776,428.089,72.8869,7.55358,6.00702,3.35312,10.4688,12,1440,6.46574,6.71715
2023-04-22,2.01173,2.22466,1.97466,2.2291,1.73108,1.96648,2.24851,1.97657,2.02833,6.10714,6.01741,1.78253,0.817874,1.15678,2.08,13,1440,1.36346,2.7639,2.51485,2.71507,2.07786,2.15771,2.71045,2.40605,2.51085,10.6895,6.98344,2.35824,1.09036,1.4245,2.50303,13,1440,2.03758,1.87201
2023-04-23,-0.816682,3.18546,4.2066,3.55803,2.37081,2.23559,3.24358,3.32747,3.09133,108.478,20.0959,2.77562,2.61568,1.59093,3.22456,11,1440,-0.650938,4.13706,5.30196,4.42886,2.80596,2.46837,4.31042,4.38985,3.97629,214.821,28.6785,3.43647,3.22186,2.0801,4.22993,12,1440,3.14627,4.35112
2023-04-24,-0.289175,5.27871,5.5704,8.04453,7.20587,5.60065,5.63855,6.17896,5.3024,72.519,61.8513,6.23058,2.60057,2.96983,6.30556,10,1440,-1.08861,6.50116,6.99208,9.55183,8.92582,7.49804,6.86781,7.64574,6.21083,82.5066,88.9406,8.51652,3.5248,3.46728,7.6869,10,1440,4.96633,5.58607
2023-04-25,2.83063,4.09623,4.4036,3.95077,4.47872,4.55383,4.1379,4.14836,3.92352,45.7638,23.5872,3.69394,1.4099,2.9937,3.79899,12,1440,1.30856,5.90584,5.47431,5.14143,4.90334,4.60309,5.41661,5.24724,5.76603,47.4988,35.5337,5.19497,2.22097,3.25335,4.98623,13,1440,4.29385,4.41444
2023-04-26,0.403766,21.9648,27.2825,31.6311,47.8877,62.6341,24.1714,27.2811,21.8871,3993.32,3464.58,24.1617,15.2201,12.0624,26.3605,10,1440,-0.00482301,18.8357,21.6666,25.7593,36.1171,53.2435,19.9398,20.3867,18.442,3348.09,1837.41,17.0324,12.9655,8.70109,22.412,10,1440,18.0725,22.4883
2023-04-27,3.65394,15.8968,20.0613,21.5621,20.2931,18.2282,17.6379,17.7408,14.5331,1574.17,800.015,16.0293,9.37674,10.6846,18.3882,12,1440,2.26094,16.3193,16.3918,18.8503,18.5725,16.8537,15.5248,14.5326,13.8873,1175.68,832.588,13.0132,7.43818,8.95358,16.9797,13,1440,14.5881,17.3077
2023-04-28,-0.548003,4.62008,5.1293,4.85741,3.89461,1.95551,4.61157,3.41319,4.37529,224.754,14.5071,3.37504,3.14171,1.98759,4.30593,13,1440,-0.933784,4.60597,4.21657,4.33871,3.14485,1.43215,4.05844,3.07956,4.12218,73.6517,11.2522,2.92405,2.61771,1.59885,3.71447,14,1440,4.11436,4.27498
2023-04-29,-0.277578,1.43907,0.999202,0.724841,0.700783,0.756379,1.13621,0.919333,1.06197,2.99525,1.86504,0.840126,0.583892,0.41531,0.945406,14,1440,0.887669,2.1574,1.51153,1.34597,1.19599,1.62735,1.82584,1.33848,1.55708,8.16213,3.01523,1.13485,0.747729,0.763801,1.66975,13,1440,1.50758,1.02276
2023-04-30,0.00944176,3.99913,5.44455,3.82742,4.37516,2.25678,4.28081,3.89303,3.63004,197.239,53.9462,2.91237,2.77916,2.66538,4.0922,11,1440,-1.99642,3.99166,5.69304,5.23929,5.13611,3.41027,4.75624,3.52642,3.63217,194.903,34.569,3.06469,3.62936,2.06368,5.11786,10,1440,3.46814,5.07345
2023-05-01,-4.0666,7.71072,9.11611,9.74934,12.483,13.4247,8.52243,6.76723,6.90877,713.675,104.495,5.7127,6.50089,2.61522,9.12123,11,1440,-2.12718,6.85969,8.76259,8.7635,10.5385,10.9271,8.47175,6.05916,6.40631,1223.49,129.236,4.74971,6.25455,2.50804,9.16671,11,1440,6.43754,8.23399
2023-05-02,2.1207,5.0461,5.33272,6.35816,5.05521,3.35519,5.51279,5.8139,4.83261,84.645,149.968,5.11724,1.91137,3.42135,5.6736,13,1440,2.12664,4.35336,3.82746,3.71332,3.35108,2.8529,3.95749,3.93609,4.00934,29.455,37.1293,3.73718,1.43782,2.38964,3.70815,14,1440,4.17879,4.07506
2023-05-03,1.23511,7.17952,6.04541,6.01807,5.13728,5.72554,6.41944,6.04002,7.36321,70.396,76.046,5.38542,2.60682,3.4386,5.86977,13,1440,1.85638,6.57109,5.65228,5.30666,3.83338,4.73431,5.87223,5.94486,6.52193,55.22,71.7964,5.62165,2.44749,3.2048,5.235,13,1440,6.09594,5.10635
2023-05-04,-0.649798,3.93605,4.00721,3.06237,2.3868,2.28488,3.56805,3.51364,3.62595,43.4901,18.7317,3.40152,2.28684,1.72037,3.12793,13,1440,-1.48329,3.35003,2.91931,2.34426,1.52832,1.54824,2.83906,2.87128,3.29635,15.9572,10.3048,2.77787,1.68974,1.22957,2.51792,14,1440,3.20672,3.09872
2023-05-05,2.28809,5.57757,5.7511,5.19926,4.47645,4.83208,5.79421,4.26571,4.73333,147.297,27.7756,3.69972,2.20332,3.54778,5.78813,13,1440,6.00795,8.3003,9.92948,9.11294,7.31892,8.55239,9.63742,6.27233,6.34092,1808.06,78.649,4.47126,2.15887,7.77061,9.91641,12,1440,5.47957,6.21586
2023-05-06,-2.25328,4.42746,4.59766,3.32518,2.81739,3.36031,3.98149,3.92848,4.04151,164.542,24.5973,3.09422,3.01389,1.58376,3.65659,13,1440,-4.98711,7.98597,8.20594,6.67361,6.2971,7.1087,7.24776,6.45481,5.78217,678.203,61.3747,4.98004,5.97346,2.23248,7.01065,13,1440,4.83086,5.31187
2023-05-07,-1.45992,3.09249,2.96114,3.12074,3.22,2.2266,3.12467,3.20402,2.91543,16.4491,26.2487,3.20889,1.679,1.28214,3.22465,12,1440,-1.37681,5.15643,5.22964,6.5773,7.81878,6.06957,5.77054,5.78748,4.93738,62.3538,140.771,5.45893,3.01685,2.21279,6.1534,10,1440,3.50767,3.54668
2023-05-08,-2.71434,7.68984,9.03476,6.79103,6.75675,7.49049,8.19723,6.74167,7.18706,664.211,74.3748,5.75301,6.16569,2.86907,8.43064,13,1440,-1.22865,9.26912,11.9117,8.86165,9.56695,8.95716,10.9477,8.76508,8.86314,1633.18,110.321,7.1715,8.39754,3.51412,11.3342,12,1440,7.55293,9.638
2023-05-09,-0.146554,3.45164,3.32507,3.32174,3.31022,3.28253,3.32411,3.10065,3.23081,20.5366,13.1433,2.90416,1.57361,1.75145,3.02755,13,1440,-0.0563063,3.95885,3.27041,2.73745,2.30842,2.14528,3.60424,3.1638,3.74821,17.0967,10.6727,3.08598,1.50033,1.77008,2.90534,14,1440,3.29539,2.96516
2023-05-10,-0.106904,15.8247,16.2558,13.862,22.2436,13.1159,16.7705,14.5948,14.3159,3834.37,2144.99,9.43269,10.6383,5.61749,19.3318,11,1440,-0.30808,11.9251,15.7742,10.3785,15.6316,9.82765,14.3158,14.8936,10.572,2806.56,2714.05,11.239,9.32142,6.45278,16.2817,11,1440,12.333,15.2855
2023-05-11,-2.30965,5.01979,5.05453,4.98174,2.78126,2.45857,4.37639,5.41339,4.66977,46.9258,48.4582,4.75158,2.8316,2.22293,4.08925,14,1440,-2.5607,6.21207,6.56965,5.61898,4.4324,3.93204,5.43062,6.60473,5.5426,160.575,108.85,5.81483,3.98059,2.58907,5.01165,14,1440,5.03947,5.23967
2023-05-12,-0.645829,8.25594,7.46754,8.66743,11.856,5.79979,8.85661,6.03957,7.22176,296.07,52.8957,5.32257,4.32729,3.14025,7.68785,12,1440,0.730204,8.60404,6.85854,7.41154,10.0814,6.12991,8.58704,5.61765,7.17104,182.498,48.6766,4.72862,3.52291,3.33563,7.0463,13,1440,7.69549,6.56318
2023-05-13,-0.0736602,2.2883,2.53565,1.70061,1.4668,0.53573,2.0897,2.58522,2.08894,25.5791,28.9892,2.38706,1.30078,1.23487,1.90694,13,1440,-0.685071,2.82689,2.54589,1.69676,1.63207,1.11861,2.27285,2.55709,2.67804,17.1972,20.6426,2.31993,1.3888,1.15709,1.92053,14,1440,2.18995,2.2961
2023-05-14,0.530202,1.8389,1.73464,1.29527,1.1699,0.818518,1.65883,1.85416,1.6664,7.58952,8.40204,1.57571,0.796832,0.937806,1.54109,14,1440,0.228138,2.33597,2.1161,1.53378,1.66751,1.37925,2.00312,2.18602,1.95789,6.64214,6.73358,1.93264,0.985131,1.13097,1.79273,14,1440,1.72652,1.67836
2023-05-15,0.9043,3.47737,3.56801,3.28049,3.17531,3.7505,3.41464,3.42196,3.17355,30.8039,16.7123,3.48551,1.47793,2.09007,3.21133,12,1440,0.939873,3.76574,3.54826,3.31741,3.04995,4.32414,3.452,3.22129,3.33381,40.3123,15.9988,3.27338,1.42046,2.1278,3.26681,11,1440,3.15367,3.20255
2023-05-16,-0.473468,2.85097,3.0403,3.0189,3.27226,1.79717,2.96345,3.18008,2.76933,19.2694,18.4183,3.19326,1.59668,1.44363,2.71728,13,1440,0.440061,2.58438,2.5177,2.15659,2.45268,1.36915,2.42806,2.64053,2.44067,10.4164,9.70184,2.50241,1.1027,1.415,2.08053,14,1440,2.32225,2.48143
2023-05-17,1.36583,3.7284,3.44629,3.26109,3.32559,3.64611,3.62944,3.65917,3.5006,25.6006,22.4274,3.35907,1.52006,1.92623,3.6665,12,1440,-0.114636,3.17737,2.99534,2.46958,3.0244,2.76008,2.94505,3.20918,2.88526,16.8028,13.3802,2.89379,1.49045,1.50489,2.90854,12,1440,2.93202,2.81381
2023-05-18,-2.15521,4.64303,4.93848,4.89849,6.12833,7.17116,4.66048,4.09401,4.59173,95.6147,59.6295,3.80944,2.88799,2.05049,4.55006,12,1440,-1.19029,3.48673,3.59635,3.83145,4.58257,5.6576,3.45926,2.97848,3.17301,66.8887,20.5429,2.48268,1.78005,1.8163,3.58253,11,1440,3.47801,3.8348
2023-05-19,0.219659,3.02902,3.20738,1.26007,0.890979,0.670041,2.99532,3.9076,2.82498,65.471,156.683,3.82541,1.74413,1.46325,3.23173,14,1440,0.651006,2.67574,2.47132,1.13606,0.946259,0.760675,2.46618,2.78543,2.30333,33.5734,58.1171,2.46534,1.26593,1.20539,2.4746,15,1440,2.55944,2.62616
2023-05-20,0.82312,0.761736,0.687482,0.616685,0.899093,1.05384,0.674519,0.694525,0.62599,1.92787,1.54881,0.617246,0.284476,0.403006,0.633481,11,1440,0.390998,0.875097,0.771875,0.655911,0.982848,0.893947,0.779632,0.785774,0.742917,1.10695,1.72421,0.798464,0.392168,0.379707,0.759458,12,1440,0.606429,0.599625
2023-05-21,-1.31719,1.65649,1.8793,1.34108,1.3468,1.19565,1.43535,1.8491,1.31235,14.7482,11.1841,1.67668,1.03793,0.841365,1.08673,14,1440,-0.800704,1.18518,1.41527,0.980562,0.897019,0.844207,1.107,1.47016,0.985725,11.7436,10.7596,1.32678,0.840656,0.574613,0.85353,14,1440,1.10115,1.37613
2023-05-22,0.378715,2.20663,2.29409,2.4452,2.13909,1.79979,1.91596,2.28016,1.99776,15.6425,16.4658,2.11595,1.09476,1.19933,1.9967,12,1440,0.686867,1.78627,1.86312,1.88116,1.7266,1.22741,1.66031,1.90184,1.51086,8.02508,8.9282,1.81167,0.791037,1.07208,1.68889,13,1440,1.69101,1.80821
2023-05-23,1.3699,2.21146,1.99585,1.83821,1.82718,2.05284,2.12297,1.96865,2.0185,10.755,7.81232,1.89235,0.720336,1.27551,2.10368,12,1440,1.9993,3.49949,2.77152,2.94118,2.99864,3.91977,3.45651,2.71142,3.00073,37.8001,18.724,2.63447,0.834954,1.93656,3.39476,12,1440,2.41297,2.03257
2023-05-24,-3.32663,3.87412,4.15976,4.11601,3.44048,4.21944,4.3532,4.12913,3.63125,59.576,56.7494,3.65292,2.66914,1.49062,4.55105,11,1440,-2.96469,3.56572,3.93104,3.45357,3.45634,4.37662,3.79786,3.89028,3.17865,54.9307,61.1723,3.34279,2.54506,1.38598,3.90973,11,1440,3.22763,3.66139
2023-05-25,0.548381,3.22215,3.31795,3.23962,2.90679,1.66564,3.38039,3.19792,2.89239,53.7798,13.5757,3.30204,1.80447,1.51348,2.97727,14,1440,0.316739,3.56996,3.96461,3.83289,3.59543,2.28567,4.0157,3.2048,3.0659,120.292,12.6769,2.98333,2.34781,1.6168,3.66067,13,1440,2.98318,3.27564
2023-05-26,0.873008,1.63378,2.12017,1.54992,1.50122,1.3567,1.63774,2.37781,1.31914,13.0472,23.4856,2.05267,0.900076,1.22009,1.72021,11,1440,1.22146,1.57177,1.84512,1.45481,1.34035,1.29643,1.52603,1.8098,1.31908,9.25886,9.66423,1.83283,0.876843,0.968279,1.55906,12,1440,1.33686,1.70744
2023-05-27,0.553958,0.831322,0.720858,0.825082,0.841252,0.548217,0.736349,0.570105,0.62858,1.70184,0.512704,0.497664,0.330015,0.390843,0.70994,12,1440,0.114827,1.01077,0.821206,0.881618,0.883671,0.52171,0.850787,0.67654,0.763486,3.04965,0.685684,0.579293,0.432797,0.388409,0.787378,12,1440,0.751746,0.631704
2023-05-28,4.40984,3.79447,3.90886,3.1729,3.72729,3.8565,3.76342,2.77289,3.02498,141.615,21.341,1.92649,0.776263,3.1326,3.72882,12,1440,4.21351,4.55147,5.6492,6.29947,6.57859,6.38476,5.58535,3.90086,4.44477,688.707,47.0088,3.06868,0.95473,4.69447,6.20974,10,1440,3.27329,3.88418
2023-05-29,-1.17776,2.82329,3.048,2.6409,2.80696,1.56806,2.66132,2.93352,2.5722,21.6351,14.6507,2.63535,1.58662,1.46138,2.74255,12,1440,-0.84394,2.51816,2.4211,1.84334,1.63261,1.24515,2.14719,2.62212,2.30354,8.39522,10.7194,2.49183,1.3118,1.1093,1.9924,14,1440,2.22767,2.37078
2023-05-30,-0.15154,2.66141,3.04613,1.9874,1.88258,1.60441,2.38472,2.91638,2.48369,18.8436,11.1984,2.66239,1.66846,1.37767,2.17282,12,1440,0.421282,2.50036,2.8282,1.8553,1.53111,1.05049,2.26568,2.52506,2.33264,18.914,7.52074,2.56793,1.39261,1.4356,2.04594,12,1440,2.26019,2.67919
2023-05-31,-1.76328,3.44784,3.13593,3.62551,4.20151,3.65023,3.08596,2.67556,2.76985,49.4896,14.2139,2.36889,2.08298,1.05296,3.22625,12,1440,-1.42866,2.92486,2.44134,2.661,2.90013,2.64791,2.33324,2.13483,2.47059,22.8995,9.63098,1.94984,1.63895,0.802389,2.2955,12,1440,2.78545,2.45937
2023-06-01,-1.45267,3.73745,3.91932,4.56451,4.20301,3.49988,4.374,3.53757,3.25801,93.9338,30.3603,2.74993,2.27901,1.64031,4.80679,11,1440,-0.634471,3.50483,3.4025,3.73131,3.65319,2.41856,3.72014,2.61258,2.8178,64.9289,12.925,2.12053,1.95996,1.44254,3.99313,12,1440,3.22461,3.29736
2023-06-02,1.57109,3.08686,2.7732,2.36084,2.20644,2.10329,2.81932,2.58185,2.95696,20.1444,13.4333,2.8543,1.25721,1.51599,2.22301,12,1440,2.38305,2.56416,2.54665,2.18531,2.25608,2.33588,2.48995,2.27337,2.4642,18.9058,11.2098,2.38196,0.927824,1.61882,2.05622,12,1440,2.4335,2.35347
2023-06-03,-0.638427,0.907971,0.866386,0.806586,0.568285,0.701735,0.859536,0.827117,0.739321,1.84884,1.45874,0.739694,0.478679,0.387707,0.762553,12,1440,-0.769733,0.976384,0.701199,0.630156,0.525498,0.513114,0.729641,0.672726,0.797735,0.750818,0.717964,0.639344,0.394561,0.306638,0.602136,13,1440,0.765112,0.637774
2023-06-04,0.169754,1.25663,1.4898,1.08609,0.669568,0.629411,1.36753,1.26352,0.904397,9.49553,4.60843,1.50339,0.785872,0.703932,1.3044,12,1440,-0.108406,1.30938,1.62621,1.55922,1.30015,0.972559,1.51103,1.5205,1.01853,10.412,13.5861,1.60159,0.939404,0.68681,1.50206,13,1440,1.01262,1.35585
2023-06-05,-5.25072,7.31914,9.65982,6.39632,8.05295,11.1957,8.785,11.6027,7.42042,1180.57,1991.21,9.33108,6.88191,2.7779,9.27829,13,1440,-4.29791,6.64337,11.0957,5.91855,5.9531,7.97332,10.567,13.5074,7.40883,2424.59,4116.87,11.1331,7.87156,3.22412,11.4627,12,1440,6.01618,9.58668
2023-06-06,5.67346,7.15793,8.57181,6.47096,6.40832,8.02972,7.27519,8.05803,7.05867,301.539,196.425,7.33263,2.44084,6.13097,6.41194,13,1440,4.01338,4.88732,6.60645,4.7132,5.00951,5.82292,5.26416,5.89072,4.54562,294.489,98.9005,4.81366,1.61005,4.9964,4.65153,12,1440,5.15438,6.91773
2023-06-07,-3.32586,7.44744,8.32175,5.97697,6.27171,7.34488,7.45811,8.4225,7.05438,133.038,148.925,8.20641,4.57686,3.74489,6.50686,12,1440,-2.82576,4.98783,5.41592,4.1628,4.37723,5.32951,4.69666,5.47195,4.87528,69.6915,86.0599,5.39069,3.17013,2.24579,3.93547,13,1440,5.41825,6.11771
2023-06-08,0.602864,2.9981,3.23699,2.44894,2.53747,2.4897,2.72788,3.02808,2.67692,19.5379,11.273,2.99057,1.43206,1.80493,2.4468,13,1440,0.734688,1.82146,1.94261,1.46222,1.16656,1.09293,1.64102,1.80472,1.62181,6.83828,4.61677,1.89865,0.835215,1.1074,1.40518,13,1440,2.03937,2.27638
2023-06-09,-0.0785255,2.03549,2.57883,1.58557,1.27394,0.826995,2.04944,2.42371,1.82588,20.0694,6.52668,2.1505,1.42618,1.15265,1.71849,13,1440,-0.285946,1.67526,2.11723,1.30034,1.10822,0.940542,1.64625,1.83552,1.50144,17.1485,3.79388,1.90344,1.16244,0.95479,1.45485,12,1440,1.50961,2.06923
2023-06-10,-2.43365,7.67738,10.1774,10.1265,9.74036,13.2412,8.56426,8.48016,7.41534,806.525,179.239,7.43494,6.80472,3.37268,8.21239,12,1440,-4.94769,8.35051,11.2768,12.311,11.8822,16.1892,10.3447,10.7004,7.98981,462.474,199.632,9.93176,7.31476,3.96205,10.5214,11,1440,6.83334,9.38787
2023-06-11,0.325846,2.59041,2.67184,2.45268,1.45487,1.56334,2.38364,2.53108,2.41785,20.6446,14.8839,2.30036,1.10903,1.56281,2.16574,13,1440,0.0701997,2.72337,2.98111,3.31387,1.9174,1.86345,2.83747,2.92035,2.31232,23.5962,27.8026,2.50759,1.36415,1.61696,2.78218,13,1440,2.33957,2.54553
2023-06-12,-0.0785634,3.32744,3.00677,2.22679,2.17353,1.36524,2.92502,2.38488,3.18173,38.2781,12.6736,2.27412,1.43942,1.56735,2.32009,17,1440,-0.583065,4.22936,4.68886,3.96829,3.86844,2.03851,4.47543,3.76567,3.99421,108.81,43.22,3.5082,2.45752,2.23134,4.23613,15,1440,3.40109,3.49278
2023-06-13,0.112115,4.16115,3.35789,2.85069,2.77443,2.23539,3.71113,3.02733,3.90529,45.538,18.8526,2.75481,1.86326,1.49463,3.1537,13,1440,-0.140696,4.38447,4.06199,3.50459,3.30153,2.62613,4.4872,3.64196,4.31747,62.992,24.6807,3.15442,2.26206,1.79993,4.11517,12,1440,3.87137,3.39659
2023-06-14,-3.15578,6.12936,7.27805,5.99732,8.95078,15.3502,6.65542,5.63219,6.00823,728.041,114.732,4.47944,5.84853,1.42953,6.06053,11,1440,-5.26032,10.5403,9.87035,11.5676,15.9815,30.4131,12.1275,7.39323,8.83813,1410.64,142.736,6.28193,8.22029,1.65006,11.5572,11,1440,7.03174,7.36785
2023-06-15,1.85267,3.78206,3.96978,4.28415,5.18533,2.73674,3.58405,3.29968,3.9105,63.8616,14.4973,3.00139,1.54458,2.4252,3.68445,12,1440,0.965073,3.71675,3.93001,3.91836,4.77555,2.87327,3.94585,3.51097,3.55839,38.8772,16.944,3.09226,1.61281,2.3172,3.98928,12,1440,3.20224,3.45252
2023-06-16,2.87451,4.39628,4.72153,4.1172,3.42135,4.10307,4.69771,3.43491,3.87838,166.176,37.1255,3.05279,1.37637,3.34516,4.71638,13,1440,3.01126,4.27281,5.56528,5.34883,3.6308,3.53167,5.26781,3.55586,3.97534,318.832,28.1918,2.80771,1.24861,4.31667,5.4618,11,1440,3.46773,4.16023
2023-06-17,0.650716,3.13203,2.87996,2.71225,2.42499,2.73033,2.96159,1.88283,1.66323,221.864,9.26117,1.38318,0.786575,2.09338,2.58531,13,1440,0.571152,4.53099,4.32336,4.30297,4.86904,4.9756,4.39145,1.68929,1.96054,836.629,9.51416,1.2331,0.864043,3.45932,4.21738,12,1440,3.36768,3.19042
2023-06-18,-0.66981,1.68232,1.66149,1.37955,1.21695,1.02655,1.48387,1.47481,1.53311,7.98343,3.69805,1.71362,0.961851,0.699639,1.29211,13,1440,-0.394931,1.84442,1.94045,1.64005,1.81857,1.34135,1.74489,1.64743,1.70605,12.6705,6.01635,1.77069,1.10099,0.839461,1.59425,12,1440,1.48335,1.58932
2023-06-19,1.89678,2.99195,4.00675,5.07101,4.28354,2.02232,3.39966,3.28377,2.69896,138.74,38.1291,2.69164,1.90684,2.09992,3.69151,10,1440,0.934635,3.25983,4.19409,4.85123,4.74071,2.82234,3.56067,3.51587,2.50555,183.75,47.0929,3.15756,2.38436,1.80974,3.70881,10,1440,2.68154,3.79304
2023-06-20,5.30887,6.45057,7.63134,6.29444,6.78701,7.56445,6.66162,7.03836,6.4081,297.585,107.211,6.07932,2.56581,5.06553,6.68575,12,1440,3.11039,4.31526,4.73093,4.30132,4.15164,4.91064,4.21251,4.78307,4.32131,72.848,58.5757,4.23845,1.75603,2.9749,4.23831,12,1440,4.52932,5.36803
2023-06-21,5.78496,12.7993,12.9867,18.2353,19.3849,9.02491,12.375,12.6045,11.6917,419.438,433.756,12.1464,4.95878,8.02791,12.2761,12,1440,5.27791,8.23553,8.92447,10.9388,12.8471,6.11518,7.9818,9.67152,7.48371,126.587,214.619,9.32149,3.71517,5.2093,7.96003,11,1440,8.93451,9.50316
2023-06-22,-0.363969,5.98013,6.68842,7.24465,7.32661,6.96696,6.03012,6.67809,5.45208,83.1424,73.9036,6.01603,3.59979,3.08863,6.12011,11,1440,-0.90931,5.23357,6.67471,6.46693,6.28677,7.78555,5.76356,6.83019,4.92781,123.538,76.3319,6.06671,3.54687,3.12785,5.86163,11,1440,4.68652,5.8656
2023-06-23,2.6534,9.57357,8.7607,8.50198,9.82436,12.9308,9.09475,7.26137,8.78518,334.617,137.256,6.65757,4.04206,4.71863,8.37599,12,1440,1.09547,6.99721,6.88916,6.80875,6.09701,6.4562,6.81565,5.14687,6.48618,177.093,40.7106,4.87827,3.81658,3.07258,6.41557,12,1440,7.1835,6.87083
2023-06-24,-0.526237,2.70257,2.69556,2.21821,1.91311,2.56768,2.41154,2.69489,2.56539,15.2479,12.0467,2.43976,1.47601,1.21955,2.02465,14,1440,-0.938007,2.65833,2.51596,2.2326,2.01873,2.63861,2.26166,2.51362,2.42537,12.1425,8.27768,2.35062,1.49262,1.02334,1.94981,13,1440,2.25468,2.14351
2023-06-25,-0.212395,2.92115,2.75193,2.31062,2.30506,1.3339,2.80132,2.62058,2.64539,10.7266,9.40384,2.41799,1.50772,1.24421,2.46499,13,1440,1.26348,4.27929,4.32161,4.02183,4.3602,2.57148,4.28417,4.33338,4.00862,21.0263,20.4436,4.49745,2.24555,2.07606,4.04924,13,1440,2.92793,2.92999
2023-06-26,-0.641095,4.59331,5.19654,4.6668,3.3473,4.76382,4.78996,5.06165,4.35925,61.802,42.0209,4.87914,2.89495,2.30159,4.55229,12,1440,-2.11995,5.82674,6.51688,7.83138,6.93699,8.93963,6.12337,5.88695,5.13196,137.467,69.4492,5.70754,3.96831,2.54858,5.96529,11,1440,4.52896,5.32821
2023-06-27,1.39257,3.73792,4.42414,3.80802,3.32944,3.76471,4.21622,3.9834,3.57877,83.0453,85.2425,4.185,2.01432,2.40982,3.94297,12,1440,1.6332,4.16234,4.65324,4.06715,4.85157,5.83819,4.23801,4.52653,3.99928,55.5479,50.7028,4.1779,1.99605,2.65719,3.89149,12,1440,3.26124,3.77717
2023-06-28,-2.0242,4.0191,4.15787,4.10962,2.82712,2.22967,4.06906,3.19801,3.81654,54.6301,15.9176,3.04821,2.60436,1.5535,3.89471,13,1440,-3.31212,4.90015,4.82257,5.13678,3.72402,2.73644,5.06907,3.8084,4.61668,92.7493,20.3483,3.51967,3.19642,1.62614,5.13637,12,1440,3.86456,3.97745
2023-06-29,1.22233,2.98883,3.38027,2.62648,3.34098,1.76857,2.91954,3.22153,2.95559,37.4695,28.4881,3.0814,1.7289,1.65136,2.55184,13,1440,1.30273,3.12286,3.64039,2.41661,2.61581,1.82506,2.94161,3.77627,2.9726,24.3364,27.469,3.80577,1.79915,1.84124,2.52021,13,1440,2.52365,3.08971
2023-06-30,0.081058,15.2001,17.319,12.9993,12.6538,11.5086,15.244,9.60076,14.4953,5711.83,791.522,10.5279,12.9533,4.36573,16.6915,14,1440,4.32211,15.823,15.2983,15.7869,16.6717,20.5989,14.7252,12.2501,15.9245,1613.03,574.99,12.3283,8.77607,6.52221,16.1918,13,1440,13.7141,14.1398
2023-07-01,0.373089,0.957191,0.837315,0.543795,0.424992,0.15956,0.808983,0.842681,0.757773,1.09037,1.25871,0.800403,0.415119,0.422196,0.655443,15,1440,-0.481561,1.97502,1.65473,1.54435,1.1762,0.682685,1.72718,1.6703,1.88605,4.3099,4.14739,1.52243,0.840439,0.814293,1.47721,14,1440,1.02699,0.901995
2023-07-02,0.101727,2.70683,2.76982,1.15096,0.951098,0.655502,2.16172,2.57064,1.94557,89.125,24.7463,2.67018,1.61008,1.15974,1.47611,17,1440,0.672197,4.94359,6.24556,3.94609,3.85514,2.37283,4.76537,5.29455,3.94294,503.834,98.6609,5.22877,3.73759,2.50796,4.35388,14,1440,3.16479,3.83989
2023-07-03,1.74569,2.61549,2.50634,2.27123,2.09121,2.20766,2.55782,2.18582,2.28603,20.1165,12.2439,2.143,0.959032,1.54731,2.25395,13,1440,0.927821,3.39854,3.35692,2.7607,2.13746,2.24449,3.06501,2.99793,3.13152,29.6239,12.4131,2.88144,1.35521,2.00171,2.6157,14,1440,2.35829,2.26677
2023-07-04,-1.25865,2.02673,1.75663,1.40341,1.48174,1.50564,1.67188,1.70626,1.7912,4.54527,3.91776,1.61106,0.958225,0.798404,1.57178,13,1440,-0.993908,1.99862,1.41163,1.35104,1.34527,1.58286,1.50269,1.48657,1.70507,2.74265,2.82976,1.36784,0.81537,0.596261,1.38601,12,1440,1.585,1.17702
2023-07-05,-0.854238,1.89279,1.9112,1.54705,1.7919,1.2877,1.78533,1.86952,1.62514,6.01596,4.82221,1.86739,1.04785,0.863348,1.47593,13,1440,-1.34356,2.61055,2.4472,2.17477,2.30395,1.58542,2.29306,2.38879,2.34801,10.4252,7.58416,2.48512,1.39884,1.04836,2.13372,11,1440,1.76212,1.80704
2023-07-06,-2.01788,6.84598,6.66369,6.85745,9.28017,8.97746,6.51071,5.76617,6.66639,143.93,64.7418,5.36751,3.33759,3.32611,6.31003,11,1440,-3.41785,6.17677,5.98001,6.2417,7.56759,7.78489,5.67587,5.94549,5.92571,81.384,79.4227,5.13753,3.77169,2.20832,5.5033,12,1440,5.57251,5.55745
2023-07-07,1.49162,3.29915,3.08501,1.66547,1.45392,1.6166,3.01895,2.24947,2.89039,43.9815,11.3709,2.25826,1.02773,2.05727,2.79243,14,1440,1.33117,3.67312,2.94313,1.5325,1.31286,1.11902,2.95853,2.05105,3.30161,40.0348,8.85814,2.05905,1.14711,1.79602,2.46109,16,1440,2.97625,2.69294
2023-07-08,-0.198155,0.728683,0.758877,0.543574,0.483285,0.555573,0.66933,0.70905,0.486559,1.57257,0.79852,0.633182,0.417124,0.341753,0.595062,14,1440,-0.303521,1.24961,1.06027,0.973283,0.924591,1.27034,1.02559,0.968018,1.10619,3.38809,1.18815,0.856802,0.61944,0.440827,0.954335,13,1440,0.698781,0.710414
2023-07-09,-0.410024,1.00063,0.803189,0.704498,0.465932,0.332816,0.948337,0.739574,0.831066,1.3852,1.26387,0.671975,0.399199,0.403989,0.83941,13,1440,-0.1309,1.52279,1.50555,1.30857,0.813603,0.643602,1.50765,1.30513,1.37389,5.75207,3.27876,1.33428,0.701038,0.804509,1.52813,12,1440,0.954648,0.905908
2023-07-10,0.828304,3.8458,3.45686,4.29215,3.92761,4.96704,3.67875,3.43861,3.35023,78.5835,55.1852,2.80565,1.89537,1.56149,4.17932,12,1440,0.940379,3.00355,2.97775,3.08921,2.96137,3.52684,2.93702,3.21362,2.58857,29.6835,38.7448,3.00013,1.50406,1.47369,3.31102,12,1440,2.84628,2.81674
2023-07-11,0.689884,2.06888,2.11821,1.46654,1.32415,1.39033,2.14875,2.22707,1.96083,9.52489,15.6126,2.23386,1.01475,1.10346,2.08146,11,1440,-0.111741,1.74105,1.44154,1.04808,0.906418,0.854984,1.65607,1.46049,1.6757,4.84611,5.78825,1.31791,0.782362,0.65918,1.46705,13,1440,1.53986,1.47495
2023-07-12,-0.793747,3.18671,2.50389,2.21557,1.27163,1.72038,2.52445,2.0875,2.8688,19.6617,10.1401,2.14172,1.51152,0.992367,2.39228,12,1440,-0.345589,2.65909,2.21044,2.06468,1.48969,1.59616,2.31116,1.71649,2.3583,11.4931,4.59145,1.84359,1.22861,0.981837,2.38328,12,1440,2.43162,1.92272
2023-07-13,3.4749,6.26246,5.80719,6.10426,5.12871,5.25718,5.93435,5.61426,5.61208,94.998,68.9867,4.57193,2.31784,3.48935,5.82486,13,1440,6.84784,7.76957,7.44593,11.1838,9.35048,13.5019,7.56438,7.53742,7.07452,233.037,248.037,7.84427,2.13571,5.31022,8.19935,11,1440,5.59627,5.1947
2023-07-14,-3.69895,5.65189,5.28065,4.71343,5.13908,7.99193,5.01767,5.53587,6.01262,117.622,144.888,4.7159,3.468,1.81265,5.04193,12,1440,-3.38209,7.33449,6.64284,7.20567,7.69677,11.0413,6.58459,7.54821,7.3852,128.98,245.317,7.82819,4.02422,2.61862,6.93144,12,1440,5.51342,5.07768
2023-07-15,-0.0742226,0.445249,0.480847,0.380402,0.220674,0.144064,0.443736,0.49002,0.373318,0.333786,0.373967,0.473391,0.262065,0.218782,0.37897,13,1440,-0.331848,1.05151,1.03681,0.994675,0.581112,0.613984,1.03652,1.129,0.913826,1.07917,1.47132,1.08304,0.575008,0.461806,0.967625,12,1440,0.468054,0.532466
2023-07-16,-0.190114,1.11948,0.91671,1.27785,0.982929,0.526614,1.05768,0.997124,0.961267,2.44709,2.9011,1.01256,0.458411,0.458299,1.09164,14,1440,-0.482677,1.55254,1.3822,1.9286,1.64747,1.12223,1.67389,1.40825,1.33772,4.5199,4.57382,1.31204,0.73278,0.64942,1.70643,14,1440,1.06224,0.942808
2023-07-17,-0.31138,3.11045,3.72251,2.28393,2.31847,2.55171,2.89183,3.27417,2.83687,67.9614,38.4153,3.22464,1.8537,1.86881,2.57574,13,1440,-0.569222,3.71546,4.81026,3.54855,3.7813,3.54983,4.07996,4.25695,3.51748,88.1382,40.3244,4.2744,2.44689,2.36337,3.97861,12,1440,2.98048,3.92778
2023-07-18,-0.929618,3.2446,2.49536,1.89911,1.98735,1.94862,2.5968,2.70937,3.10641,13.5996,17.1904,2.614,1.36634,1.12902,2.0073,15,1440,-0.734693,2.90551,2.59348,2.19563,2.56568,2.11022,2.67577,2.6433,2.89652,12.3218,12.1286,2.64374,1.32352,1.26996,2.38243,13,1440,2.61362,2.27968
2023-07-19,0.16758,2.06534,1.6676,1.27208,1.27971,1.63346,1.83776,1.57755,1.9794,4.06508,3.47955,1.51413,0.724438,0.943158,1.56612,14,1440,-0.453269,2.64403,2.22395,1.93308,1.71018,2.03897,2.36677,2.30037,2.50705,9.54195,7.93103,2.29935,1.1342,1.08975,2.23587,12,1440,2.0001,1.66853
2023-07-20,-0.365807,2.63296,2.43825,3.14047,2.81459,3.31607,2.19898,2.51957,2.29902,18.9062,10.2441,2.70786,1.40767,1.03058,2.29454,14,1440,0.156605,2.76333,2.15397,2.80758,2.89443,3.35083,2.07986,2.20983,2.57395,12.5059,6.85231,2.23702,1.23328,0.920685,2.14757,14,1440,2.33015,2.03864
2023-07-21,0.340761,1.27561,1.3176,1.13761,0.844802,0.759942,1.22007,1.31595,1.1015,3.35009,2.81818,1.23419,0.616343,0.701257,1.03652,14,1440,0.00740091,1.46868,1.29498,1.22481,0.951563,0.928112,1.29563,1.39628,1.2945,3.22885,4.24402,1.31168,0.58692,0.70806,1.14451,14,1440,1.20689,1.18213
2023-07-22,-0.360897,0.631373,0.57803,0.538298,0.502483,0.288666,0.609757,0.499019,0.439757,1.61214,0.839314,0.463653,0.333397,0.244633,0.594052,12,1440,-1.3416,2.00131,2.27708,2.67659,2.86492,1.23358,2.41449,0.605958,1.08721,265.565,0.548315,0.543516,1.92872,0.348359,2.54643,11,1440,0.788645,0.83065
2023-07-23,0.967813,1.09643,1.02466,1.18644,1.15658,1.48462,1.11965,0.852299,0.89424,4.97787,1.84506,0.680307,0.484549,0.540106,1.16507,12,1440,1.18289,1.48482,1.43321,1.56771,1.63435,2.23509,1.50843,1.25,1.1855,7.34311,2.27227,1.03181,0.54944,0.883768,1.54097,12,1440,1.01565,0.994189
2023-07-24,-3.06216,5.57234,3.9507,4.629,5.05682,5.13951,5.12078,2.65182,2.81669,411.152,17.0466,2.31465,3.08694,0.863761,4.5706,13,1440,-2.0719,3.72586,2.80036,3.33153,3.23117,3.31924,3.38247,2.3249,1.84016,115.206,17.9774,1.81465,1.99597,0.804395,3.08886,12,1440,4.20253,2.94527
2023-07-25,0.17947,0.991119,1.14303,1.05109,0.654556,0.71255,0.922475,1.09266,0.819718,4.12246,2.54927,1.05986,0.518485,0.624543,0.873337,11,1440,0.413199,1.18295,1.40317,1.45483,1.02106,1.08997,1.19758,1.31286,1.00971,5.71935,3.6291,1.21182,0.662548,0.740624,1.18064,11,1440,0.891362,1.14653
2023-07-26,0.420104,2.25753,2.0064,1.65221,0.922825,1.50439,1.87601,1.97847,1.92935,10.3868,7.313,1.81749,0.988131,1.01827,1.59789,13,1440,0.768975,2.04817,2.0852,1.99957,0.847873,1.43819,1.9522,1.73522,1.76695,15.9957,5.40551,1.74292,0.939634,1.14556,1.8273,12,1440,1.85926,1.80262
2023-07-27,-0.441078,0.954451,0.955435,0.790608,0.580891,0.699272,0.941268,0.92446,0.849028,1.08527,1.09883,0.897391,0.490399,0.465036,0.815914,12,1440,-0.574295,1.14023,0.997327,0.934322,0.797159,0.912749,1.08514,0.964812,0.981712,1.44801,1.34175,0.92435,0.512045,0.485282,0.994092,12,1440,0.811076,0.796944
2023-07-28,0.312145,0.876772,0.839179,0.951075,0.831809,1.04096,0.862874,0.838958,0.816919,1.1561,1.08056,0.780675,0.400754,0.438426,0.80345,13,1440,0.691214,0.800682,0.81902,0.806684,0.724802,0.7436,0.802443,0.794274,0.745674,1.3105,0.815102,0.743849,0.38669,0.43233,0.713023,14,1440,0.65557,0.687998
2023-07-29,0.132136,0.181054,0.199554,0.216194,0.190642,0.118893,0.207155,0.173858,0.129051,0.0839662,0.0366284,0.174284,0.0988266,0.100728,0.214455,12,1440,0.333986,0.293796,0.372231,0.43001,0.483995,0.261589,0.363581,0.302998,0.18882,0.398007,0.10892,0.280845,0.149193,0.223038,0.402322,11,1440,0.136879,0.181744
2023-07-30,-0.244943,0.828098,0.828298,0.810463,0.971579,0.824039,0.996587,0.651557,0.646288,3.79618,0.701832,0.661705,0.437489,0.390809,0.983456,12,1440,-0.997804,0.939884,1.11019,1.60803,1.85406,1.22284,1.24658,1.0126,0.726926,6.30849,4.71493,1.10672,0.697368,0.412827,1.3886,10,1440,0.695817,0.823434
2023-07-31,-0.166936,1.17599,1.27238,1.11391,0.848106,0.804103,1.13858,1.00123,1.02627,11.0125,1.85914,0.984933,0.551462,0.72092,1.04255,14,1440,-0.303933,1.12154,1.06763,0.946382,1.04065,1.02926,1.09466,1.09392,0.903708,3.74258,3.81557,1.02596,0.516225,0.551404,1.12896,13,1440,0.922317,0.948899
2023-08-01,1.60762,3.11557,2.75803,3.10443,3.43908,5.0643,3.04024,2.50972,3.06797,36.0503,25.3249,2.30601,1.13255,1.62548,2.85054,12,1440,0.929326,3.93067,3.60528,4.26997,4.00274,4.65886,3.99102,2.8361,3.21651,255.858,35.5664,2.21239,2.3836,1.22169,3.91402,12,1440,2.83399,2.54726
2023-08-02,-1.76592,3.05127,3.28306,2.82049,2.78692,2.42895,3.02855,2.73883,2.98812,82.7827,14.7535,2.18194,2.06177,1.22128,3.0481,11,1440,-1.80811,2.39276,2.46759,1.80166,1.57349,1.4546,2.27361,1.60415,2.61748,79.0179,3.99258,1.44459,1.74178,0.725812,2.21079,12,1440,2.30578,2.52129
2023-08-03,0.0261392,1.19015,1.35576,1.15861,1.43595,1.27626,1.23509,1.24741,1.12259,2.68436,2.12967,1.24154,0.683304,0.672461,1.15473,12,1440,-0.222542,1.50417,1.60605,1.56616,1.80657,0.964196,1.51143,1.4219,1.40139,6.23442,2.94279,1.34557,0.787186,0.818866,1.37093,12,1440,1.09451,1.25339
2023-08-04,-0.273206,1.01833,1.11659,0.78117,0.644251,0.648963,1.09604,1.01557,0.942423,2.99584,1.8063,1.04794,0.576639,0.539955,1.0686,14,1440,-0.304416,1.54581,1.76305,1.11826,1.21005,1.11536,1.71931,1.53957,1.40492,9.20823,4.95378,1.39491,0.927773,0.835279,1.6532,13,1440,1.05886,1.27583
2023-08-05,-0.143883,0.176419,0.216255,0.257157,0.186045,0.17387,0.212801,0.203668,0.117798,0.0879678,0.0743673,0.191034,0.101671,0.114584,0.232885,11,1440,0.340905,0.313878,0.339288,0.340972,0.36094,0.394503,0.342457,0.272215,0.226225,0.179553,0.0929783,0.286099,0.131678,0.20761,0.34307,11,1440,0.155674,0.207598
2023-08-06,0.0560174,0.325833,0.324915,0.29578,0.359617,0.237621,0.355652,0.231498,0.280735,0.523764,0.153023,0.252871,0.14075,0.184165,0.328019,11,1440,-0.338174,0.450358,0.475125,0.457257,0.522815,0.321816,0.466233,0.40339,0.336666,0.587469,0.352328,0.409788,0.244702,0.230423,0.459159,11,1440,0.263874,0.316922
2023-08-07,0.420725,1.56548,1.65309,1.61801,1.44553,1.05262,1.56705,1.35301,1.38077,9.26403,4.77757,1.43517,0.657696,0.995391,1.58836,12,1440,-0.0644918,1.80914,1.9053,2.10363,2.19076,1.55703,1.81961,1.58008,1.60927,11.4562,5.96965,1.40225,0.923372,0.98193,1.92492,11,1440,1.38715,1.51527
2023-08-08,1.89679,2.46514,3.02378,1.77402,1.7698,2.44056,2.64124,2.98313,2.37951,35.7473,15.1221,2.6317,1.67824,1.34553,2.65486,12,1440,1.47612,1.70872,2.20268,1.57001,2.03234,1.56917,1.87718,2.11344,1.53985,18.5993,8.67567,1.82552,1.04596,1.15671,2.02365,11,1440,1.67285,2.31213
2023-08-09,-0.634955,1.68874,2.20024,2.12742,2.24752,2.57417,1.76419,2.22176,1.66099,10.1687,10.4791,2.10823,1.26742,0.932821,1.73287,11,1440,-0.0511902,1.07771,1.26375,1.08887,1.05389,1.01668,1.05404,1.28063,0.98375,2.58753,2.5918,1.27722,0.622249,0.641499,0.96256,13,1440,1.08441,1.41589
2023-08-10,-0.427659,0.92893,1.08393,1.02585,0.687563,0.781416,1.04367,1.08241,0.799932,2.48312,2.38081,1.09288,0.624182,0.459749,1.11187,12,1440,-0.155347,0.788206,0.878789,0.868379,0.731734,0.789651,0.861281,0.940398,0.635786,2.31104,2.1212,0.981158,0.440519,0.43827,0.88496,12,1440,0.70951,0.841527
2023-08-11,-0.100948,0.57068,0.650183,0.641484,0.395747,0.395837,0.569587,0.549932,0.483926,1.84139,0.809349,0.536675,0.370215,0.279968,0.55359,13,1440,-0.196147,0.492804,0.5256,0.564025,0.479315,0.538451,0.510305,0.397573,0.404924,0.971705,0.378238,0.444583,0.309267,0.216332,0.534642,12,1440,0.389746,0.477497
2023-08-12,0.0140682,0.0643102,0.0829288,0.102956,0.113268,0.108784,0.0818581,0.0665729,0.0219899,0.0111686,0.00668498,0.0722457,0.0388112,0.0441176,0.0897086,10,1440,0.0589385,0.0923719,0.130797,0.14308,0.171562,0.21081,0.132074,0.0848722,0.0469551,0.0531867,0.0112633,0.0801402,0.0533033,0.0774936,0.143157,9,1440,0.0358473,0.0666365
2023-08-13,-0.430177,0.152968,0.173182,0.191049,0.15144,0.146248,0.180781,0.154977,0.0761073,0.118895,0.0941736,0.146311,0.111031,0.0621509,0.193215,12,1440,-0.498557,0.323398,0.41191,0.371363,0.39958,0.579456,0.441821,0.356589,0.246236,2.21195,0.483997,0.300673,0.270123,0.141787,0.466715,11,1440,0.13209,0.175834
2023-08-14,0.43276,1.14885,1.16286,1.60168,1.18837,1.15319,1.18475,1.19986,1.10485,3.80897,2.94173,1.07518,0.573413,0.589451,1.27128,12,1440,0.258801,0.624947,0.69269,0.850384,0.376702,0.382922,0.701703,0.691279,0.530467,1.14021,0.890092,0.688431,0.366291,0.326399,0.731719,13,1440,0.643412,0.722897
2023-08-15,-0.787745,0.733277,1.04008,0.702052,0.680291,0.654648,0.907652,0.676727,0.616714,22.3629,1.61347,0.565889,0.755463,0.284621,0.8665,13,1440,-0.899181,1.21792,1.99562,1.59386,1.20642,0.670534,1.67457,0.738329,0.875239,211.376,9.49718,0.558995,1.67701,0.318612,1.65088,13,1440,0.692095,1.23263
2023-08-16,-1.62091,1.29599,1.34433,1.34849,1.31122,1.05742,1.15927,1.2224,1.2538,6.378,3.43988,1.1405,0.818411,0.525916,1.16733,11,1440,-1.16423,1.45028,1.639,1.67365,1.34885,0.837576,1.37825,1.08529,1.3988,39.9509,2.77357,0.96243,1.08987,0.54914,1.39132,10,1440,1.12547,1.26787
2023-08-17,-7.61687,46.6322,101.963,115.983,34.5706,36.7869,57.4648,63.9152,56.0545,659369,63368.9,36.6992,86.8202,15.1424,54.1136,14,1440,-7.24359,47.4811,110.102,130.162,51.1689,63.3504,66.0138,62.1737,52.858,642359,75136.2,29.0298,88.0536,22.048,69.1289,12,1440,42.4206,102.78
2023-08-18,-2.16196,7.6254,8.50943,8.29916,4.89272,4.0743,7.58746,7.03988,7.80999,173.831,66.0244,7.90969,4.1057,4.40373,7.48063,12,1440,-1.19053,8.68343,9.46742,8.2618,5.50872,4.17939,7.97561,8.4934,8.64443,194.145,139.642,8.89013,4.82802,4.6394,7.92482,12,1440,7.24758,8.05168
2023-08-19,0.176439,1.70935,1.89205,1.97818,2.17893,1.95094,1.85885,1.89259,1.58166,5.81646,5.40126,1.81881,0.822554,1.0695,1.77975,11,1440,0.485103,1.85658,2.36921,2.42014,2.98529,3.18513,2.31541,2.17874,1.65581,17.0648,9.82108,2.19379,0.997748,1.37146,2.43395,10,1440,1.41203,1.75472
2023-08-20,0.344158,1.0415,1.21878,0.897628,0.733741,0.821386,1.06823,1.19718,0.838393,4.31976,6.05863,1.16395,0.593886,0.624894,1.00564,12,1440,0.928198,1.51852,1.62026,1.46085,1.19963,1.39263,1.59858,1.52096,1.25984,4.82392,5.31025,1.48689,0.716548,0.903716,1.51808,12,1440,0.980345,1.20018
2023-08-21,-0.241108,1.90369,1.73946,1.74157,2.058,1.46551,1.74834,1.75947,1.73846,5.28894,6.10593,1.60309,0.818149,0.921316,1.53491,14,1440,-1.05525,2.30195,2.56455,2.89496,3.44515,2.17419,2.3368,2.93834,2.08251,13.6398,28.9629,3.01384,1.34849,1.21606,2.10056,14,1440,1.77068,1.89146
2023-08-22,-0.271813,3.93071,3.301,3.34343,2.66566,3.05748,3.95767,2.87245,2.96217,70.9136,24.685,2.34291,1.76805,1.53295,3.42588,12,1440,-1.97188,5.80114,6.81082,7.44478,7.44035,7.95984,7.1019,6.11483,5.54288,250.942,125.222,5.36879,3.71801,3.09281,7.00878,10,1440,4.18039,4.42277
2023-08-23,1.43546,4.09384,4.4561,3.52268,3.06214,3.97888,4.47192,4.61953,3.81496,58.5988,63.578,4.09036,1.8158,2.6403,4.84752,12,1440,2.69249,5.14932,6.01185,4.67969,4.45538,5.26098,5.75158,6.18317,5.37416,147.244,112.153,5.50889,2.16846,3.84339,5.9228,12,1440,3.91654,4.66764
2023-08-24,-0.960497,2.05408,2.03652,2.20581,1.77437,2.19176,2.03052,2.23112,1.92536,6.03157,8.8127,2.20152,1.13408,0.902437,1.87217,13,1440,-1.10455,2.32391,2.25594,2.13761,1.96944,2.54467,2.30403,2.38633,2.19242,7.11701,8.10794,2.45993,1.21735,1.03858,2.18139,13,1440,1.81459,1.83943
2023-08-25,-0.459571,2.44193,1.73899,2.09045,2.86876,2.02859,2.09509,1.80592,2.11401,5.86061,5.73599,1.7485,0.919157,0.819832,2.04587,13,1440,-0.444048,3.7289,2.57617,3.14837,3.7477,2.1705,3.38049,2.69734,3.49082,13.3516,14.0363,2.42602,1.30733,1.26884,3.20359,13,1440,2.69845,1.82496
2023-08-26,-0.163756,0.287565,0.304278,0.24207,0.203837,0.0957339,0.295563,0.255683,0.152299,0.241959,0.0809185,0.276073,0.162382,0.141896,0.252016,14,1440,-0.409593,0.413957,0.48565,0.456183,0.415486,0.178898,0.44134,0.390502,0.270979,1.00448,0.186214,0.380074,0.285097,0.200552,0.439509,13,1440,0.222217,0.303378
2023-08-27,0.323874,0.435017,0.346407,0.3216,0.31377,0.34895,0.380848,0.310632,0.317175,0.242636,0.136666,0.277414,0.159881,0.186526,0.35907,13,1440,0.683133,0.625741,0.715248,0.643458,0.63122,0.747307,0.649242,0.603724,0.49552,0.825712,0.39512,0.562611,0.304138,0.41111,0.656526,12,1440,0.378134,0.407855
2023-08-28,0.0698176,1.72489,1.42183,1.19733,1.31098,1.08807,1.58953,1.3883,1.74176,9.90679,5.71997,1.15855,0.796461,0.625364,1.50635,14,1440,-0.317086,2.83305,2.56163,1.74832,2.13468,1.89001,2.55871,2.47499,2.63864,24.4069,16.5556,2.13816,1.48724,1.07439,2.41496,13,1440,1.88157,1.64253
2023-08-29,5.93208,13.9052,12.2736,16.8923,20.9017,35.1209,13.4942,9.24155,11.895,2408.54,1229.95,10.4252,1.94468,10.3289,14.4072,10,1440,4.51459,8.96165,8.91857,13.4711,14.7526,22.4819,9.31488,7.85999,6.2043,972.641,992.745,8.9038,1.84104,7.07753,9.99445,9,1440,9.85058,9.8108
2023-08-30,-1.51358,3.46313,2.81962,2.62984,2.89425,2.37861,2.87938,2.50274,3.25504,13.0307,11.6003,2.62398,1.56862,1.251,2.41321,14,1440,-1.40861,2.75689,2.16564,1.74564,1.64473,1.4669,2.09073,2.1274,2.53192,8.01587,9.70764,2.12471,1.24324,0.922401,1.65627,15,1440,2.76976,2.22157
2023-08-31,-5.10701,7.18754,5.00754,5.89324,6.53261,8.948,5.22095,5.03827,6.30041,94.8597,80.3344,4.24491,3.44943,1.55811,4.78941,14,1440,-3.54977,5.3677,4.0189,4.68869,5.36379,7.26073,4.17978,3.67167,5.23126,77.2557,38.1153,2.84422,2.81327,1.20564,3.82655,14,1440,5.49014,3.97395
2023-09-01,-0.524604,4.31842,4.57416,3.63126,5.21005,4.13131,4.10393,3.8095,4.59007,135.042,37.3039,3.37408,2.61937,1.95479,4.14423,13,1440,-1.01623,4.053,3.79843,3.16544,4.02506,4.10612,3.62524,2.93165,4.17722,64.7371,14.9181,3.01931,2.25011,1.54832,3.60452,14,1440,3.64622,3.74935
2023-09-02,0.249485,0.703622,0.642326,0.577461,0.522862,0.20217,0.608797,0.612944,0.541876,0.581719,0.598418,0.590385,0.301297,0.34103,0.530523,13,1440,0.484363,1.00003,0.950553,0.721021,0.715307,0.228873,0.863418,0.952643,0.852711,1.18202,1.82312,1.01016,0.450183,0.50037,0.715956,13,1440,0.630821,0.634995
2023-09-03,0.392356,1.24349,1.09599,0.95467,0.543454,0.526536,1.19422,0.965747,1.01988,5.3514,3.34183,0.876425,0.593475,0.50251,1.15148,13,1440,-0.0727191,1.17643,1.1567,0.851821,0.600185,0.653449,1.25921,0.951577,0.948458,5.08381,2.44806,0.874235,0.631749,0.524953,1.14547,13,1440,1.00137,0.969368
2023-09-04,-0.560611,1.74511,1.31879,0.959735,0.798214,0.994288,1.55525,1.31271,1.58425,3.57345,3.59991,1.26646,0.689151,0.629635,1.38249,13,1440,-0.326358,1.58068,1.27601,1.02034,0.884417,0.845204,1.57105,1.07595,1.39578,4.4462,1.79203,0.999974,0.625935,0.650071,1.42943,14,1440,1.41838,1.11852
2023-09-05,-0.131427,1.49153,1.41628,1.45328,0.819275,0.562524,1.62006,1.37424,1.32475,4.07574,4.69539,1.3205,0.780101,0.636183,1.57067,12,1440,0.241351,1.811,1.96779,2.15237,1.19438,1.08716,2.23063,2.11372,1.58503,8.76756,21.4398,2.02313,1.01908,0.948708,2.30014,11,1440,1.37325,1.45354
2023-09-06,-0.124728,2.66996,2.23308,1.9349,2.1558,2.45056,2.7754,2.1858,2.39182,15.1517,17.1319,2.20023,1.22442,1.00866,2.60997,14,1440,-0.0795691,4.07817,3.2594,3.54631,4.06033,3.8857,5.00163,3.16303,3.95108,62.8955,40.5401,3.05801,1.63042,1.62898,5.01793,13,1440,2.94089,2.47138
2023-09-07,1.90355,2.58036,2.8427,1.98189,1.93626,1.70405,2.49528,2.38251,2.59417,80.8599,37.0952,2.15803,0.937614,1.90509,2.45842,11,1440,0.911851,2.07422,2.18385,1.65466,1.01568,0.881868,2.03334,2.00226,1.9997,36.7085,15.1172,1.77806,0.860431,1.32342,1.9841,11,1440,2.00585,2.25113
2023-09-08,-1.32082,2.54567,2.48051,2.95256,2.06393,2.01264,2.62039,2.5935,2.28793,25.9005,22.7502,2.77555,1.61143,0.869081,2.68878,12,1440,-0.710603,2.06216,1.85533,1.9764,1.51881,1.64559,2.00369,1.95471,1.98877,11.514,16.7173,1.83457,1.08248,0.772857,2.03064,12,1440,1.93905,1.9088
2023-09-09,-0.0343163,0.322346,0.292823,0.190222,0.133814,0.170062,0.311682,0.264411,0.165428,0.169769,0.0804319,0.249816,0.135274,0.15755,0.241557,14,1440,-0.0550126,0.249245,0.227378,0.177066,0.16351,0.172872,0.243183,0.187421,0.14493,0.132577,0.0405465,0.180087,0.101496,0.125882,0.212204,13,1440,0.192261,0.185269
2023-09-10,-0.231915,1.33462,1.08937,0.676851,0.707801,0.468342,1.07179,0.946769,1.12776,4.09632,2.60712,0.98918,0.515656,0.573712,0.826128,15,1440,-1.11407,2.00764,2.01355,1.46318,1.58518,0.928082,1.86915,1.71306,1.73678,17.9802,10.2453,1.64979,1.15516,0.858389,1.646,13,1440,1.35269,1.29728
2023-09-11,-2.66304,4.90256,3.79979,3.556,3.74081,5.21912,4.26828,3.59476,4.20742,50.0155,30.5981,2.98969,2.5456,1.25419,3.52113,14,1440,-4.13845,8.48832,8.51519,4.84605,5.63777,7.03834,6.67853,6.24048,8.31819,696.433,88.8392,4.94414,6.5188,1.99639,5.56722,14,1440,5.35528,4.74846
2023-09-12,2.6572,7.92414,7.47093,9.71321,12.9389,9.40291,7.94286,6.73901,7.11036,391.966,194.636,6.70502,2.26038,5.21055,9.00476,12,1440,2.61524,6.7168,7.13957,8.20352,10.7863,8.26029,7.50162,5.77672,6.08224,522.74,162.977,5.13026,2.26365,4.87592,8.01261,12,1440,6.50499,6.70025
2023-09-13,1.46712,3.61702,3.0919,2.55267,1.97183,1.93852,3.3658,3.02193,3.31284,23.7229,12.9647,3.04727,1.60549,1.48641,2.64211,13,1440,0.915463,4.32534,3.84212,2.85516,2.27104,2.28974,4.21801,3.66131,3.31101,102.058,18.5557,4.36742,1.90659,1.93553,3.23847,12,1440,3.37833,3.00006
2023-09-14,1.14033,3.31821,3.39348,3.96124,5.46813,4.84948,3.26718,3.60605,3.04912,25.2795,30.5157,3.66227,1.79907,1.59441,3.36673,11,1440,1.16572,3.46658,3.31839,3.89968,5.08914,5.31108,3.25501,3.26902,3.14315,33.9962,25.8744,3.43074,1.49041,1.82797,3.32295,11,1440,2.81055,2.97361
2023-09-15,0.290911,1.84544,1.97792,2.20437,2.54039,3.28734,1.87,2.07012,1.68843,10.5725,15.6249,1.75957,0.924932,1.05299,2.00664,11,1440,0.90705,1.91709,2.12664,2.44425,2.24251,2.65277,1.91667,2.27318,1.69498,12.3178,17.0545,2.1971,0.807237,1.3194,2.08498,11,1440,1.56964,1.79015
2023-09-16,-0.151732,0.763117,0.912166,0.798334,0.477064,0.344378,0.893746,0.967505,0.630699,1.06204,1.38432,0.959722,0.458625,0.453542,0.847959,12,1440,-0.420675,0.879874,0.953514,0.725425,0.498779,0.303211,0.968298,1.03275,0.7147,1.03195,1.52042,1.06665,0.527857,0.425657,0.87659,13,1440,0.624541,0.791962
2023-09-17,-0.121159,0.445925,0.563047,0.501203,0.382485,0.434929,0.552522,0.578713,0.351323,0.456847,0.409352,0.542503,0.286999,0.276047,0.50782,12,1440,-0.731992,1.0386,1.08534,1.01995,1.05453,1.16263,1.13104,1.10875,0.8373,2.19805,2.08712,0.979449,0.624021,0.461316,1.08271,12,1440,0.492038,0.664061
2023-09-18,0.881972,4.00233,4.24882,4.15561,4.42071,6.35859,4.08577,4.3755,4.11729,54.182,83.292,4.2244,2.26237,1.98645,4.3516,11,1440,0.870174,3.31536,3.34093,3.33602,3.14091,3.81318,3.32826,3.18715,3.42018,24.6421,19.1352,3.25255,1.61038,1.73055,3.541,12,1440,3.16099,3.35487
2023-09-19,1.65921,4.1538,4.06718,4.05158,4.51231,4.57549,4.19631,4.02255,3.97565,34.4823,27.5387,4.0295,1.97384,2.09334,4.31862,12,1440,0.393929,2.45991,2.48652,2.26198,2.18547,2.32434,2.45533,2.3554,2.42095,12.705,9.8523,2.33038,1.2568,1.22972,2.52575,12,1440,2.7945,2.94066
2023-09-20,-0.31383,3.53919,3.78033,2.20813,2.39759,2.55186,3.56239,3.22108,3.49856,115.998,22.0501,2.50418,2.30055,1.47978,3.37614,11,1440,-1.27766,3.60137,3.69533,1.94422,2.35735,2.39649,3.5614,2.79321,3.04898,200.174,21.2241,2.14563,2.62306,1.07228,3.0918,12,1440,3.10809,3.44797
2023-09-21,-2.07453,2.35002,1.88575,2.07287,1.90786,2.36396,1.91618,1.83806,2.28935,6.10761,6.45746,1.84087,1.15939,0.72637,1.83727,12,1440,-2.39048,3.55021,2.65287,2.78854,2.65166,2.99772,2.57765,2.40973,3.57699,25.175,15.0416,2.22969,1.81265,0.840213,2.42807,12,1440,2.47693,1.89801
2023-09-22,0.0453825,1.25684,1.19085,0.898009,0.764442,0.585145,1.18161,1.00259,1.17504,3.154,1.22634,1.03253,0.501041,0.689806,1.03478,14,1440,0.575384,1.70477,1.6023,1.54133,1.13239,0.825318,1.63684,1.42233,1.58801,5.10691,2.95322,1.48605,0.673116,0.929185,1.4971,14,1440,1.27518,1.27147
2023-09-23,-0.0157273,0.217384,0.217619,0.217172,0.180039,0.0996865,0.219789,0.211086,0.132194,0.0755216,0.0664254,0.22073,0.113212,0.104407,0.19611,13,1440,0.0489498,0.428163,0.453208,0.465593,0.509768,0.297106,0.455761,0.46323,0.267804,0.306102,0.287794,0.466874,0.226558,0.22665,0.434545,12,1440,0.217171,0.245876
2023-09-24,-1.24028,1.87231,1.06314,1.34434,1.63894,1.45999,1.32706,0.826067,1.32679,15.2814,2.48577,0.870603,0.789267,0.273869,1.26919,15,1440,-0.828463,1.48353,1.11768,1.17386,1.48182,1.0337,1.37735,0.954229,1.2504,6.29686,2.56945,0.993053,0.654998,0.462686,1.3265,14,1440,1.47947,0.971542
2023-09-25,0.214754,2.13483,2.06165,2.00213,1.90817,0.78507,2.01771,1.93264,2.04275,6.24669,4.92854,1.95992,0.955052,1.1066,2.00627,11,1440,0.480904,2.57415,2.05857,2.27801,1.89582,1.23832,2.21164,1.87182,2.28682,10.0784,5.38521,1.79557,0.863106,1.19547,2.18244,12,1440,1.97279,1.77056
2023-09-26,-0.316564,1.14872,1.08355,1.05331,0.72137,0.641973,1.02353,1.03604,1.0651,1.3269,1.22964,1.07201,0.556566,0.526987,0.957927,13,1440,0.35697,1.55129,1.34326,1.1651,0.806997,0.908056,1.27607,1.31122,1.42246,2.5256,2.05183,1.26851,0.635274,0.707991,1.16384,13,1440,1.13211,1.0523
2023-09-27,0.575421,2.61267,2.0168,2.67301,3.30857,5.00318,2.30247,1.93073,2.42173,10.1006,7.12468,2.06714,1.05947,0.957335,2.39516,12,1440,0.290041,2.93066,2.59864,3.14306,3.76997,5.27175,2.6312,2.09435,2.6024,19.9643,6.133,2.11443,1.31118,1.28746,2.68298,11,1440,2.32158,1.89472
2023-09-28,2.42884,3.94244,3.98526,3.61405,3.9368,3.23374,4.05479,4.05324,3.88537,26.7439,28.2312,4.23426,1.84656,2.1387,3.86638,13,1440,3.34325,4.13019,3.71205,4.41389,3.66595,3.34265,4.3425,3.56278,4.12559,23.3674,20.0212,3.64189,1.50498,2.20707,4.37184,13,1440,3.49393,3.41985
2023-09-29,-0.424379,2.82238,3.01128,2.59258,2.13419,1.48292,3.08297,2.71491,2.64964,28.4627,18.6749,2.50736,1.65368,1.3576,2.9128,12,1440,0.870974,3.6523,3.79637,3.39419,3.69043,4.15934,3.5176,2.85382,3.1196,123.643,18.7206,2.41314,1.4775,2.31887,3.4079,12,1440,2.71989,2.91894
2023-09-30,0.206425,0.530241,0.485594,0.41493,0.30495,0.255534,0.507738,0.403064,0.38744,0.380437,0.297785,0.463902,0.256343,0.22925,0.465433,14,1440,0.206091,1.72447,1.22455,1.09533,0.81291,0.644712,1.38521,1.08386,1.35913,3.30645,2.44455,1.02201,0.625762,0.598786,1.22624,16,1440,0.754928,0.655448
2023-10-01,3.74899,7.41765,6.84381,6.53662,7.22412,9.15596,6.6117,2.87174,4.21582,2746.85,51.3285,1.55438,0.672111,6.1717,6.60848,12,1440,3.69533,18.106,9.24236,8.5638,9.24987,11.6624,11.4468,3.33323,9.57782,5384.76,91.7481,1.77407,0.87181,8.37055,9.35182,15,1440,10.8391,7.71539
2023-10-02,-1.79528,7.2893,8.46945,7.62501,8.04278,7.29478,6.67089,7.18527,6.55014,292.786,123.809,7.4949,5.48379,2.98566,6.79993,11,1440,-4.20474,10.6383,9.55263,8.84995,7.43815,8.86336,8.32728,5.67247,7.65021,1971.1,82.4124,5.09458,7.31769,2.23495,7.98477,12,1440,7.3707,7.70251
2023-10-03,-0.247811,2.93754,2.6077,1.93883,2.47706,1.94637,2.76838,2.5168,2.76691,18.4973,8.56166,2.24433,1.46343,1.14427,2.50361,13,1440,-0.332603,2.9281,2.36618,1.88516,2.33694,1.58989,2.35194,2.14935,2.88095,12.0923,6.46686,2.06485,1.24092,1.12526,2.05881,14,1440,2.58164,2.21157
2023-10-04,1.27566,2.71863,2.98059,2.38264,2.02938,1.39575,2.73397,3.00819,2.54008,20.8947,17.8553,2.64131,1.52194,1.45865,2.68433,11,1440,-0.623591,3.82812,2.99675,2.7752,2.3849,2.34874,3.00717,3.00232,3.36925,22.5184,15.2458,2.6454,1.78345,1.2133,2.82988,12,1440,2.71626,2.72483
2023-10-05,-1.33427,3.25159,3.42346,2.42771,3.3263,3.59565,3.38043,3.11274,3.28274,38.8213,28.8679,3.36478,2.12591,1.29756,3.54262,12,1440,-2.1355,3.08774,2.81258,2.46554,2.55441,2.99289,2.75699,2.3681,2.90382,52.8329,10.6418,2.10091,1.95011,0.862472,2.8246,13,1440,2.67431,2.6546
2023-10-06,1.88183,4.85317,6.36541,4.02926,4.97933,6.54807,4.99664,5.64157,4.38394,229.663,57.1023,4.85292,2.75699,3.60842,4.7874,11,1440,2.04133,3.37862,3.87464,2.60938,3.359,3.5952,3.24476,3.43114,2.97504,66.11,17.2883,3.12961,1.56077,2.31387,3.09461,11,1440,3.54562,4.60924
2023-10-07,0.0915406,0.666426,0.736195,0.544007,0.365746,0.333346,0.585824,0.704812,0.604885,1.02205,0.821957,0.663339,0.345065,0.39113,0.460401,15,1440,-0.699082,0.696572,0.7337,0.593823,0.424711,0.416186,0.608424,0.71123,0.637683,0.716659,0.747391,0.671477,0.392538,0.341161,0.527415,14,1440,0.533353,0.621411
2023-10-08,-0.14182,1.30142,1.59027,1.3225,0.757773,0.594078,1.35873,1.70874,1.16311,6.53427,7.5449,1.70251,0.801388,0.788886,1.10696,16,1440,-0.0446974,1.44072,1.84235,1.42542,1.13405,1.00013,1.5277,1.69753,1.30904,8.23152,4.98721,1.71399,0.891653,0.950696,1.42439,13,1440,1.12017,1.47929
2023-10-09,-1.17799,2.94027,2.79762,1.78062,1.99234,1.9607,2.6609,2.64522,2.7734,26.5346,20.1655,2.61277,1.6361,1.16152,2.0937,14,1440,-3.28137,5.99513,5.63627,5.05126,5.06588,5.01631,5.74134,5.3997,5.3057,198.509,157.628,5.03836,3.98775,1.64852,5.1344,13,1440,3.55143,3.48632
2023-10-10,-0.727537,2.18947,1.82504,1.33525,1.45326,0.683493,2.1379,1.86504,2.05309,7.94221,8.90543,1.7985,0.917626,0.907409,1.45737,14,1440,-0.79422,3.44476,2.99447,2.78104,2.68145,1.48947,3.55799,2.75227,3.14909,20.3127,13.5617,2.64189,1.53147,1.46299,2.6827,13,1440,2.40815,2.05952
2023-10-11,-1.89665,3.65311,4.09439,2.92926,3.25541,4.28803,3.3501,3.20978,3.36343,209.734,18.0797,2.83321,2.9217,1.17269,3.05109,13,1440,-0.0484926,5.32326,6.01513,2.7026,2.91818,2.91903,4.20509,5.00525,5.45289,579.568,67.0909,4.33932,3.91833,2.09679,3.30629,15,1440,3.89991,4.48846
2023-10-12,-0.432143,1.84388,1.42235,1.21836,1.05601,0.793617,1.47117,1.40137,1.86993,2.5542,2.30408,1.40486,0.738603,0.683742,1.3778,12,1440,-1.75509,3.85156,2.91953,2.59526,2.09097,2.69244,3.05259,2.54754,3.75159,13.0713,8.58321,2.76961,1.68932,1.23021,2.79618,13,1440,2.24509,1.61005
2023-10-13,0.381824,2.27094,2.04867,1.76025,1.84441,2.02197,2.2705,1.64517,1.94158,30.5683,7.05585,1.41373,0.874877,1.1738,2.24895,13,1440,0.811837,3.05417,3.48191,2.31589,2.47221,2.79297,3.43484,3.27152,2.80709,72.2846,90.9029,3.42727,1.40937,2.07254,3.72325,13,1440,2.18114,2.34511
2023-10-14,-0.0354467,0.381402,0.346302,0.335427,0.33577,0.170594,0.334473,0.311293,0.274177,0.187837,0.122021,0.322929,0.192023,0.154279,0.306056,14,1440,0.178945,0.699004,0.651241,0.673285,0.637,0.437269,0.657678,0.616007,0.610724,0.59752,0.542211,0.614311,0.323276,0.327965,0.611745,13,1440,0.378191,0.374053
2023-10-15,1.11717,0.896664,0.884142,1.15746,1.30634,0.693953,0.992591,0.90969,0.814146,2.47582,2.58013,0.842093,0.364893,0.519249,1.06301,11,1440,0.181835,1.09504,1.16098,1.18187,1.21369,0.761963,1.21728,1.04744,1.04718,4.953,2.31883,0.920993,0.658392,0.502588,1.26914,11,1440,0.743587,0.825003
2023-10-16,4.84016,29.7521,37.8017,46.599,54.4082,8.93416,39.792,21.4369,31.6137,46534.1,6834.89,16.166,10.4978,27.3039,40.7824,12,1440,2.63858,9.62253,13.6638,15.7612,18.341,4.63496,11.3879,10.9375,8.53623,3287.97,1358.82,9.10334,5.29111,8.37273,12.0697,11,1440,14.2024,21.4496
2023-10-17,-0.368633,4.21937,3.98052,3.06794,3.24138,3.56678,3.97127,3.65404,3.87728,23.7028,15.8168,3.50175,2.12591,1.85461,3.79627,13,1440,-2.17488,2.77871,2.76029,2.55076,2.4677,2.78606,2.74491,2.49653,2.43253,41.8112,9.98819,2.31271,1.81786,0.942434,2.86142,12,1440,2.76011,2.68499
2023-10-18,-0.267685,3.97855,3.39915,3.18869,2.97777,2.97679,3.41592,2.52984,3.4542,104.245,10.0108,2.24634,2.07343,1.32572,3.03464,12,1440,-0.100369,2.60137,2.47982,2.18729,1.67525,1.55883,2.39985,2.24391,2.39526,21.3979,11.5047,2.07708,1.43623,1.04359,2.21119,12,1440,2.73041,2.37783
2023-10-19,1.38064,3.44802,3.27251,3.55956,1.99199,1.66321,2.85348,3.2182,3.23887,41.4438,23.1401,3.01205,1.80663,1.46588,2.69208,14,1440,0.199999,2.87944,3.23061,3.36704,2.44399,1.91131,2.72585,2.8536,2.47034,101.43,23.2562,2.45299,1.96824,1.26236,2.6278,14,1440,2.59629,2.81299
2023-10-20,3.27294,6.54342,6.47104,7.41413,6.23985,6.90535,6.66906,6.32109,6.66092,74.7627,66.3491,6.40797,2.85257,3.61847,6.94304,13,1440,2.35434,3.86868,4.12253,4.41234,3.93751,5.5442,4.3192,3.93696,3.91252,30.4134,22.2257,3.88611,1.9519,2.17063,4.50562,12,1440,4.00766,4.14433
2023-10-21,0.808211,2.32402,2.15448,2.30328,2.43194,2.43355,2.45447,2.10546,2.21106,8.5574,6.93382,1.99694,1.02672,1.12776,2.43766,12,1440,1.54976,2.10289,2.4474,2.81178,2.53057,2.64547,2.38363,2.21136,1.97432,13.5903,6.29345,2.18825,1.15653,1.29087,2.5609,11,1440,1.62062,1.79963
2023-10-22,0.275983,2.31646,1.97828,2.33237,1.90088,2.51181,2.10801,1.90299,2.00416,7.98269,5.46549,1.97416,1.01394,0.964337,1.95699,13,1440,2.11145,3.40578,3.8811,4.25733,4.7534,5.69862,3.81875,3.62231,2.89698,64.3643,25.0845,3.70897,1.56584,2.31526,3.77194,11,1440,2.1409,2.34934
2023-10-23,9.76802,33.8479,41.2068,47.6304,24.8238,34.4847,41.7176,33.5839,35.1737,55854.1,13629.4,21.8578,8.92292,32.2839,33.7782,14,1440,5.93672,15.8256,14.3957,16.1551,17.8454,21.3563,13.3713,15.5349,17.334,1060.77,1075.1,13.8837,5.20274,9.19291,12.3279,12,1440,14.2382,14.2837
2023-10-24,2.54591,25.2055,27.5411,24.5299,28.8905,21.3106,25.983,26.7181,24.9137,1530.48,1265.42,26.6463,12.5693,14.9717,25.022,11,1440,1.09959,20.3208,20.3998,18.0051,18.3612,20.1209,19.5508,19.53,21.3685,894.379,705.552,18.9595,10.0523,10.3475,19.1475,12,1440,18.9415,20.2226
2023-10-25,1.67595,8.9962,9.00894,8.91414,6.56278,5.18598,7.95127,8.32236,8.88239,117.938,120.671,8.55277,4.48517,4.52377,7.1237,14,1440,0.121496,8.66016,7.94831,7.43113,5.31764,5.4005,6.93109,7.28464,8.71825,91.4327,76.8113,7.48387,4.03873,3.90958,5.86308,15,1440,7.55344,7.63364
2023-10-26,-1.00336,5.25855,5.08958,3.61993,3.75193,3.14935,4.38666,5.12079,5.21578,56.8805,68.8183,4.64883,2.84156,2.24801,4.01555,12,1440,0.904051,10.7017,11.4979,11.6456,12.4284,12.6294,10.4105,11.1569,10.2479,456.161,292.14,10.2535,6.39268,5.10522,11.0616,12,1440,6.22105,6.50986
2023-10-27,-0.763161,4.51939,3.18083,3.37084,3.67146,3.9893,3.30744,2.87852,4.21579,23.3967,9.48036,2.90138,1.81299,1.36785,2.96434,15,1440,-1.33865,6.00634,4.86608,5.70188,5.92629,6.12477,4.999,4.38935,5.58696,44.0564,26.4563,4.4815,2.65184,2.21424,4.73757,13,1440,4.6344,3.42762
2023-10-28,0.556046,2.01089,1.63276,1.20894,1.42869,0.915132,1.3993,1.22197,1.59876,22.3728,5.81633,1.03899,0.756158,0.876604,1.19253,16,1440,-0.179998,1.89029,1.54659,1.23073,1.3418,1.13237,1.43251,1.49836,1.71637,7.94853,4.56738,1.41809,0.881595,0.664995,1.19683,14,1440,1.59468,1.34547
2023-10-29,1.29694,2.04649,1.70271,1.85158,1.99662,2.28153,1.82429,1.56064,1.73965,6.96693,3.78004,1.50361,0.853476,0.849232,1.65473,12,1440,1.06068,2.15571,2.68917,2.79419,2.51189,1.99735,2.39682,2.28111,1.99221,23.6205,9.92777,2.1851,1.41125,1.27791,2.32654,11,1440,1.69495,1.77083
2023-10-30,-0.148289,3.62002,3.01841,3.83758,3.19157,1.74119,3.02822,2.80961,3.337,22.7065,13.7829,2.50123,1.70906,1.30935,3.16934,13,1440,0.77133,4.97939,5.25489,6.11132,5.361,5.1891,5.33568,4.60715,4.27992,143.971,40.3067,4.26174,2.83671,2.41819,5.79207,12,1440,3.41953,3.30714
2023-10-31,0.477585,2.89359,2.51094,1.80244,1.48904,2.2184,2.78383,2.45749,2.83095,8.72464,7.12779,2.36036,1.26371,1.24723,2.61852,14,1440,0.310732,3.8706,3.63948,2.70857,2.29212,2.89409,3.98903,3.45321,3.79933,21.8188,13.9641,3.11212,1.99256,1.64692,3.7095,13,1440,2.84157,2.66833
2023-11-01,2.23146,6.30102,6.66543,6.64425,8.05434,9.82238,6.41488,6.32397,6.87325,196.939,166.701,6.36028,3.18744,3.47798,6.87115,11,1440,1.76537,7.74022,8.31871,7.92946,7.45427,5.92455,8.13992,7.76257,7.7548,197.864,151.527,6.92848,3.74632,4.57238,8.08474,12,1440,5.41922,5.95757
2023-11-02,-1.36392,5.02433,4.94319,4.50679,4.04332,3.9951,5.00988,4.41726,4.92462,71.1766,26.3183,4.11949,2.9365,2.00669,4.76491,14,1440,-2.53263,5.35219,4.51386,5.05879,4.73815,3.21339,4.71529,4.24456,5.35238,30.0218,32.1496,4.83352,2.63945,1.87441,4.13124,15,1440,4.07633,3.61955
2023-11-03,-0.645467,4.2942,3.62315,3.70522,3.56724,4.18635,4.18433,3.71894,4.1713,19.4998,17.9143,3.39185,1.79929,1.82386,3.9255,12,1440,1.75647,4.85854,3.86114,3.90965,3.25305,3.10731,4.45825,3.95143,4.72898,26.6569,19.6736,3.69038,1.56959,2.29155,3.95394,14,1440,3.83147,3.13729
2023-11-04,0.989678,1.45335,1.60617,1.4013,1.49089,1.64657,1.56675,1.37653,1.24272,9.58096,5.1613,1.28484,0.581645,1.02453,1.53036,12,1440,1.238,2.33561,2.05119,1.67864,1.83746,1.49778,2.21458,2.02371,2.28809,5.82932,7.08553,2.03001,0.846739,1.20445,2.06172,12,1440,1.27635,1.31348
2023-11-05,-0.143249,2.94793,3.92527,3.30883,3.21373,3.80615,3.70323,3.69266,2.51208,127.038,52.915,3.01426,1.6886,2.23667,3.85679,11,1440,1.93054,5.49182,6.37316,6.36751,7.57224,8.69792,6.38383,6.4418,5.51488,100.576,83.981,5.85237,2.41752,3.95564,6.67338,10,1440,3.07197,4.13355
2023-11-06,0.097662,2.29347,2.46478,2.26744,2.23703,1.72374,2.40779,2.71076,2.19752,5.55345,8.19412,2.67034,1.33318,1.13159,2.39456,12,1440,0.487258,4.54839,4.51127,3.8152,3.81983,3.28821,4.35325,4.54474,4.37238,25.5532,23.6833,4.33026,2.43535,2.07592,4.08345,13,1440,2.59496,2.84595
2023-11-07,1.00229,4.38222,4.59856,3.89248,3.27868,4.25234,4.86068,4.35712,4.17069,77.4604,57.3586,3.73208,1.96746,2.6311,5.25646,12,1440,-0.828271,5.17499,4.77344,4.21667,3.81907,5.14927,5.03503,4.45975,5.17686,34.0524,28.957,4.56997,2.55504,2.2184,5.09617,12,1440,3.77446,3.88549
2023-11-08,0.635282,4.03442,3.36101,3.55111,2.50983,2.01257,3.78335,2.93269,3.64386,24.7031,13.2324,3.05546,1.63458,1.72643,3.63729,13,1440,0.151058,2.88867,2.36316,2.11013,1.89317,1.58106,2.63438,2.19277,2.79767,6.7022,5.385,2.38206,1.11082,1.25234,2.39615,14,1440,2.70421,2.26988
2023-11-09,2.97667,17.549,14.1405,12.7584,13.8539,17.7727,16.19,13.12,18.2987,700.78,403.879,12.7673,7.49724,6.6433,15.6168,12,1440,11.6457,31.1004,26.7048,26.3435,21.1156,29.0397,28.5243,22.9735,31.3165,3594.18,1427.76,19.0063,8.28851,18.4163,29.6521,12,1440,17.0586,12.847
2023-11-10,1.62306,5.27497,5.84107,4.56767,3.94593,3.91203,5.57297,6.02496,5.08077,74.5263,54.0496,5.51165,2.56622,3.27485,4.65307,14,1440,-2.07674,8.6005,8.74691,6.62389,4.92806,4.80857,9.15602,8.88242,8.34507,106.531,125.753,8.91928,4.85712,3.88979,7.19256,14,1440,5.20573,5.5384
2023-11-11,-0.461176,2.12041,2.00754,2.16569,1.91762,1.68808,1.96529,2.02242,2.10144,7.16652,5.85593,1.85542,0.988068,1.01947,1.85242,13,1440,-1.18862,5.8058,5.4927,5.12334,5.83086,6.39707,5.39696,5.20285,5.12967,76.1324,44.5731,4.88666,3.08161,2.41109,5.12539,14,1440,2.54605,2.59573
2023-11-12,-0.177561,1.35123,1.45918,1.03213,0.775961,0.81723,1.24773,1.42099,1.28087,5.60878,3.15195,1.33305,0.801433,0.657744,1.27051,13,1440,-0.414364,3.60733,3.85719,3.0798,3.24094,2.53712,3.57474,3.50169,3.6248,37.3914,30.5414,3.5767,2.34749,1.5097,3.72242,13,1440,1.73273,2.03338
2023-11-13,-1.63535,3.54182,3.6456,3.16185,2.82097,2.04571,3.71811,3.76723,3.51302,25.3683,25.3198,3.51112,2.03252,1.61308,3.15819,13,1440,0.43774,11.0182,12.6103,11.7757,9.637,9.60288,13.1576,12.4322,10.5573,454.905,382.531,12.0064,6.50462,6.10568,12.5681,13,1440,4.88035,5.4205
2023-11-14,-2.53225,9.08787,7.58029,5.83389,8.0014,10.2836,7.62997,5.71525,7.97417,547.92,63.6554,5.26979,4.99957,2.58072,7.06755,13,1440,-3.683,14.5701,12.6484,9.44668,12.2939,14.0007,12.3295,9.98406,13.3471,3096.99,293.122,8.50163,8.93748,3.71096,10.8935,14,1440,9.79384,8.65897
2023-11-15,6.2874,11.5138,10.0279,5.90868,6.5819,9.09973,9.77026,10.3705,10.3691,673.331,925.647,10.7641,3.61783,6.41008,9.11434,13,1440,3.91791,7.43893,7.57382,4.817,4.7572,5.154,6.98393,7.96136,6.85728,323.795,469.816,7.52371,3.33293,4.24089,6.55694,12,1440,7.32249,7.49429
2023-11-16,-4.5797,8.10552,8.59403,6.27892,8.25973,5.04517,8.8056,8.11757,8.54092,137.512,109.138,7.42572,4.75239,3.84164,8.85233,11,1440,-4.81207,13.4042,13.1673,12.2996,16.812,10.8767,13.6292,11.9403,13.7501,505.731,237.201,11.4124,7.72072,5.44663,14.0598,11,1440,8.6463,8.98457
2023-11-17,1.23779,7.54982,6.97617,5.43029,4.80248,5.13031,7.00397,6.27692,7.42409,252.269,117.024,5.58961,2.7186,4.25757,6.38497,14,1440,-0.0484374,8.80145,7.5521,6.0715,6.02013,7.00983,7.5347,7.5918,8.6376,84.7368,91.1336,7.80503,3.86302,3.68908,6.62495,13,1440,6.60567,6.07602
2023-11-18,-0.125222,1.3436,1.2654,1.08938,0.982706,1.1699,1.25659,1.17307,1.18958,2.70431,1.82796,1.14857,0.675697,0.589706,1.08583,13,1440,0.0907372,3.41369,2.89336,2.21216,2.2666,2.21064,2.9309,2.71093,3.38497,9.92095,7.11778,2.91148,1.35961,1.53375,2.37577,13,1440,1.61452,1.42852
2023-11-19,2.14206,1.87546,2.20228,2.74302,2.03036,2.01401,2.13985,2.13172,1.69862,33.4399,13.4971,1.76314,0.72712,1.47516,2.40966,11,1440,2.45957,3.15947,3.07703,3.77494,3.48599,3.77965,3.28264,3.14215,2.80116,24.5834,15.7909,3.02947,1.0556,2.02144,3.60951,12,1440,1.78238,2.12575
2023-11-20,0.237727,5.20013,5.79473,5.81142,5.45711,2.92141,5.78938,5.24096,4.97085,121.574,52.0778,4.90139,2.435,3.35973,5.33389,13,1440,0.492454,7.31697,6.95645,7.63129,7.70036,8.80743,7.47821,6.2654,7.27985,115.189,58.4269,6.22862,3.0207,3.93575,7.32501,12,1440,4.9874,5.29902
2023-11-21,-4.66575,8.08536,7.03907,7.98729,8.11106,8.89508,7.95193,6.37141,7.70365,166.809,90.4936,6.17287,3.87311,3.16595,8.41638,12,1440,-4.4712,11.1753,10.1838,14.5639,13.4666,11.483,11.3753,9.2014,9.99244,353.571,253.777,9.36742,5.49453,4.68931,12.3886,11,1440,7.55256,6.96386
2023-11-22,4.5577,4.8487,5.52396,5.93508,6.55863,6.4975,5.22972,5.91656,4.66378,55.3203,48.5973,5.29343,1.9712,3.55276,5.82781,12,1440,6.51846,7.16015,7.73508,7.26531,6.46461,7.17056,7.15759,7.68326,7.10976,98.2748,105.735,7.32702,2.61902,5.11605,7.93346,13,1440,4.62191,5.31824
2023-11-23,-0.305371,2.23304,2.1275,2.33246,2.75731,1.65307,2.1833,2.11052,2.12807,5.30861,6.01661,2.02828,1.13933,0.988166,2.05546,13,1440,-0.0489648,4.15665,3.41867,3.94507,4.89027,3.59011,3.64759,3.51816,3.94412,14.5358,17.0526,3.39276,1.64532,1.77335,3.579,13,1440,2.43911,2.20342
2023-11-24,1.118,5.56351,5.45424,5.15606,5.06925,4.18507,5.00102,6.08773,5.5747,72.4467,93.8743,6.11757,2.48729,2.96694,4.72778,12,1440,0.899828,6.34126,5.98529,5.43188,5.61284,5.04724,5.6687,6.29589,5.81254,56.3154,58.1969,6.7069,2.8028,3.18249,5.25134,12,1440,4.72323,4.54182
2023-11-25,0.177762,0.537599,0.525883,0.44404,0.366902,0.246174,0.525077,0.490541,0.41291,0.382338,0.214546,0.473226,0.243578,0.282305,0.472661,14,1440,0.108071,1.34562,1.25285,1.28192,0.933386,0.949501,1.28721,1.23358,1.19891,1.85088,1.56653,1.24827,0.571469,0.681382,1.24862,13,1440,0.558448,0.606151
2023-11-26,-0.885951,1.44239,1.68125,2.09127,1.60743,1.61112,1.67092,1.53455,1.36454,7.53726,4.1381,1.50522,0.933746,0.747503,1.72821,10,1440,-1.0016,2.96159,3.30544,3.86915,4.26558,3.88768,3.43627,3.03278,2.90036,41.8169,13.2494,2.73927,1.82613,1.47931,3.68424,11,1440,1.51912,1.92257
2023-11-27,-0.548213,3.31512,3.354,3.0609,3.26625,2.74425,3.33348,2.96595,3.14553,16.291,8.38887,3.18104,1.74761,1.6064,3.23148,11,1440,-1.70329,5.12692,4.98553,5.51891,5.40839,4.98479,5.10479,4.56716,5.19278,58.8542,23.5747,4.33526,2.9935,1.99202,5.04396,11,1440,3.47997,3.58298
2023-11-28,1.53522,3.84558,3.8151,2.90977,2.90208,4.28366,3.85384,3.97935,3.54954,31.2217,32.2223,3.42622,1.60086,2.21425,3.16248,13,1440,1.01286,4.81725,4.63644,3.86095,4.44832,5.67819,4.79121,4.44567,4.64039,39.6736,23.5808,4.15107,1.90351,2.73293,4.39045,12,1440,3.62387,3.67497
2023-11-29,0.0945377,3.13683,2.97915,3.03602,2.54392,2.56633,3.06122,2.88395,3.26243,10.8257,10.2357,2.89899,1.48985,1.4893,2.92462,12,1440,-0.948265,3.2958,3.38431,3.16595,3.12454,3.03244,3.39329,3.36128,3.24922,15.9543,11.9951,3.17268,1.96234,1.42197,3.39326,11,1440,2.76429,2.80405
2023-11-30,-0.345813,1.8589,2.14984,1.6761,1.32926,1.35414,2.11072,2.12604,1.75318,8.04672,9.09382,2.1317,1.18415,0.965691,2.00446,13,1440,1.1346,2.53041,2.8864,2.14675,1.9083,1.83938,2.7687,2.75548,2.43898,13.3738,15.0682,2.70817,1.40606,1.48034,2.62443,13,1440,1.77673,2.13658
2023-12-01,2.50924,3.49792,3.21833,2.84028,3.23235,3.53902,3.26349,3.2553,3.46257,18.7201,32.3848,3.23893,1.43425,1.78408,3.10814,13,1440,1.70472,4.54823,3.6828,4.38883,4.89399,6.38234,4.08993,3.53569,4.46448,24.8428,23.4927,3.33877,1.5433,2.1395,4.06477,12,1440,3.22343,2.72694
2023-12-02,1.96551,2.69248,3.17063,3.21149,2.30652,2.74269,3.59285,3.64918,2.25976,102.448,225.127,3.32696,1.48828,1.68234,3.03136,14,1440,3.64576,4.63242,5.52075,4.26575,3.17285,5.48048,5.38794,4.93901,4.24823,314.812,143.606,4.30756,2.66564,2.8551,5.04534,14,1440,2.67475,3.21617
2023-12-03,1.31428,2.37253,2.10164,1.97274,1.98539,2.32121,2.26616,2.06421,2.20084,9.90875,9.21975,2.21283,0.934234,1.16741,2.16602,13,1440,1.29474,3.23243,2.99821,3.10162,3.12439,3.24694,3.30982,2.89288,3.08574,18.3897,11.4684,2.85865,1.3483,1.64991,3.14737,13,1440,1.966,2.14028
2023-12-04,4.9272,7.87748,9.20472,8.94385,9.29091,9.24082,8.50778,9.04663,7.68818,161.124,109.209,8.89942,4.32438,4.88035,8.64804,12,1440,2.27315,9.19955,9.97576,9.73911,9.79057,6.73555,9.69236,8.76626,8.60288,337.805,129.506,8.21751,5.61448,4.36129,9.8276,12,1440,7.01674,8.00101
2023-12-05,4.83969,9.5536,8.46258,10.5703,12.005,7.06869,8.2989,8.71497,9.59716,271.503,338.42,8.63591,2.98111,5.48147,7.78851,13,1440,2.20257,11.001,10.3029,11.4677,8.74277,11.4425,9.52492,9.71174,10.9685,341.131,229.832,9.16989,3.94505,6.35788,8.81277,13,1440,8.148,7.10744
2023-12-06,-0.707298,6.71383,6.43657,5.31339,4.62331,2.34411,5.77539,6.51866,6.97301,60.8012,77.1353,6.752,3.62643,2.81014,5.04443,13,1440,-2.67933,7.72955,7.29298,6.69067,5.83199,4.57171,6.6825,7.40022,7.59451,110.411,85.5401,6.75098,4.52408,2.76891,6.23826,12,1440,6.02771,5.59465
2023-12-07,-1.12495,5.42988,3.86811,4.75336,5.25161,2.93506,4.60879,3.80271,5.36698,21.48,21.2599,3.86181,2.08572,1.78239,4.54138,13,1440,5.3639,7.81599,6.14324,9.15237,11.8747,12.1397,6.87638,6.62895,7.61903,70.9638,114.581,6.4458,2.19925,3.94399,7.36502,12,1440,4.88327,3.39673
2023-12-08,2.05361,3.78559,3.18663,3.28597,3.33948,4.08652,3.29587,3.01217,3.76121,18.2694,14.3706,2.85594,1.35433,1.83229,3.23819,13,1440,0.126844,5.30002,4.41427,4.40269,4.01356,4.59766,4.67066,3.99949,5.21571,29.1661,20.0899,3.83069,2.07735,2.33692,4.28189,14,1440,3.23322,2.5873
2023-12-09,-1.0409,2.1851,2.08799,2.18659,1.60023,1.22631,1.89356,2.01303,2.00291,12.586,8.20184,1.80899,1.21549,0.872497,1.82099,13,1440,-0.775879,5.48853,5.38827,7.01358,6.63022,2.59028,4.86747,5.46436,5.51613,94.7156,69.1193,5.41124,3.44332,1.94495,5.3879,13,1440,2.68342,2.6026
2023-12-10,0.173502,1.2762,1.16682,1.0063,1.06719,1.01097,1.20804,1.12777,1.08212,1.77473,2.14772,1.16813,0.606814,0.560003,1.14567,13,1440,0.507152,2.50676,2.33258,2.37964,3.49166,3.87706,2.13109,2.30248,2.39866,8.72624,8.306,2.22712,1.20323,1.12935,2.04766,12,1440,1.27762,1.27654
2023-12-11,-5.96608,20.4611,18.7268,21.6089,14.4918,14.4102,18.5157,19.1645,18.3966,3480.61,1557.25,15.029,12.6378,6.08898,17.9171,12,1440,-5.5621,33.181,36.1139,40.999,24.9069,24.5873,34.9099,25.587,30.4224,50762.7,2005.3,19.289,28.7782,7.33568,29.3318,13,1440,22.6662,22.6427
2023-12-12,0.57765,6.54099,8.28397,7.75928,10.1999,10.0512,6.92977,8.59203,6.52684,101.356,92.2301,8.15521,3.71885,4.56512,6.58994,11,1440,-0.978199,6.88498,7.05057,5.82456,7.53748,6.54989,6.1566,7.26314,6.89157,70.8578,70.833,7.17542,3.56744,3.48312,5.50366,13,1440,5.59999,6.69657
2023-12-13,3.26396,7.20201,8.51063,7.84259,6.95801,6.80711,7.308,7.11124,6.76607,219.643,71.9257,6.25591,2.91736,5.59327,6.92195,12,1440,2.54068,7.70988,7.687,8.24085,8.39241,9.41329,7.09747,7.00474,7.56151,135.777,61.8891,6.28654,2.96017,4.72683,6.90839,12,1440,6.27704,7.23815
2023-12-14,0.3568,7.66459,7.98508,5.88882,6.82306,6.185,9.0145,8.75886,7.48068,361.126,597.113,8.80912,4.43724,3.54784,9.13477,12,1440,2.41123,6.65281,7.75676,6.42336,7.93286,6.2668,7.95995,8.38164,6.79213,170.985,372.858,8.24759,3.65118,4.10559,7.95089,12,1440,5.94557,6.87541
2023-12-15,-2.54705,3.95043,3.57101,3.08194,2.82544,2.79255,3.49325,3.7649,3.71217,14.219,18.5143,4.05468,2.04409,1.52692,3.26191,13,1440,-4.18155,5.31866,5.19544,4.84087,4.25287,4.19669,4.7271,5.05468,4.96762,49.335,30.026,4.63717,3.33037,1.86507,4.32814,13,1440,3.7419,3.43081
2023-12-16,0.802039,1.91718,2.02781,1.86194,1.28893,0.9897,1.9375,2.06427,1.82463,4.73507,5.4885,1.98374,0.891152,1.13666,1.8715,12,1440,0.380271,2.84269,2.78066,2.42929,1.67863,1.62723,2.59102,2.81678,2.74265,10.299,12.4673,2.77752,1.30892,1.47174,2.52806,13,1440,1.86184,2.00825
2023-12-17,-2.15992,3.37485,3.80773,3.79017,2.90715,2.8871,3.64815,3.45873,3.23079,37.9851,13.7441,3.44166,2.17688,1.63085,3.75274,11,1440,-1.46608,3.52889,4.28106,4.48652,3.59156,3.82905,4.00046,4.26963,3.45069,22.3415,18.8767,4.29429,2.21122,2.06983,4.16893,11,1440,2.83432,3.35365
2023-12-18,3.05418,6.05959,7.15205,8.02452,7.13844,8.82658,6.56958,6.65688,6.17738,85.3038,52.7499,6.73021,3.04482,4.10723,6.88311,11,1440,1.03761,5.96456,6.6121,8.44782,9.20192,9.18458,6.35944,6.2425,6.22121,79.5434,47.5462,6.45794,3.22833,3.38377,6.49178,11,1440,4.95392,5.77594
2023-12-19,-0.899083,6.04227,5.37836,6.27846,6.31184,7.22165,5.54141,5.83133,6.0859,41.6856,46.0825,5.73136,2.71441,2.66395,5.38037,12,1440,-1.88847,6.47328,6.15198,7.62664,8.42866,12.0842,6.27959,5.52587,6.21135,71.2097,36.1999,5.06908,3.33636,2.81562,6.31182,11,1440,5.31953,4.85103
2023-12-20,3.24176,6.34254,6.96704,8.09009,7.08004,7.71993,6.95115,7.29798,6.30692,63.5016,90.731,7.48453,3.11834,3.8487,6.91078,12,1440,1.10775,7.97861,10.0195,10.4091,8.01912,9.14342,9.8725,10.266,8.0984,236.4,306.951,9.61969,5.21251,4.80698,10.5338,12,1440,5.95222,6.993
2023-12-21,0.440692,5.37566,4.2092,4.19742,4.54933,5.0227,4.43747,4.09438,5.07957,24.2959,17.1075,3.81575,2.24092,1.96828,4.41856,13,1440,1.68585,7.7855,6.33541,6.48155,6.10937,6.95517,6.64471,6.06396,8.02585,59.3197,42.0768,5.61077,3.02332,3.31209,6.77641,13,1440,5.30949,4.21635
2023-12-22,0.244197,4.18079,3.86648,2.99052,3.6114,3.0348,3.49094,4.00051,4.14453,28.8439,45.9602,4.10677,1.95879,1.90769,3.18086,13,1440,3.72204,11.5017,12.0324,11.328,12.885,8.58107,10.8914,12.2943,11.8194,327.3,280.454,10.9375,4.75089,7.28154,11.1701,12,1440,5.37806,4.82535
2023-12-23,-0.608822,1.42172,1.37035,0.854685,0.638695,0.786896,1.28844,1.3499,1.05058,2.40404,2.45779,1.35263,0.706594,0.663759,1.11324,15,1440,-0.705417,3.9336,3.27949,2.85397,2.91832,3.26383,3.20392,3.39357,3.62038,13.4191,15.4372,3.22723,1.69468,1.58481,2.90005,13,1440,1.78758,1.53544
2023-12-24,-1.63951,3.69465,3.21102,2.462,1.86949,2.2794,4.11438,2.77002,3.307,132.135,60.5917,2.35661,2.16384,1.04718,3.8725,12,1440,-1.93128,5.42146,5.05202,4.17567,3.57182,2.73998,5.59343,5.22776,5.30077,53.2015,65.0365,4.92328,3.14396,1.90806,5.47076,12,1440,3.30819,3.24209
2023-12-25,1.35071,3.00638,2.9422,3.2955,2.99983,1.96154,3.02721,2.66489,2.83778,40.7181,16.6398,2.72356,1.09458,1.84763,2.91747,12,1440,0.321912,3.77937,3.4144,3.61245,3.50743,2.50008,3.39465,3.29669,3.709,14.34,13.9215,3.47309,1.63924,1.77517,3.18948,12,1440,2.57684,2.57267
2023-12-26,-2.47954,4.59755,4.77419,3.81399,4.33039,5.01092,4.28788,4.84645,4.34333,101.864,68.7725,4.27269,3.04569,1.7285,4.28196,11,1440,-1.79782,5.36966,5.16134,4.28459,4.50866,6.28629,4.77243,5.44807,5.41983,141.103,114.088,4.71817,3.23512,1.92622,4.84888,11,1440,4.06855,4.32358
2023-12-27,2.14098,3.86627,3.86239,4.23708,2.58466,3.2471,3.88058,4.07311,3.73874,18.3841,17.9959,4.22523,1.69059,2.1718,3.85284,12,1440,6.40108,7.63212,7.4962,7.51064,6.51122,7.90162,7.58885,7.59724,7.98729,83.3744,98.7463,7.51496,2.80713,4.68907,7.51262,13,1440,3.83453,3.7325
2023-12-28,-2.01208,4.61339,4.15664,3.83518,3.35647,1.877,4.02524,4.4586,4.69728,17.5897,22.7896,4.37089,2.27593,1.88071,3.55359,14,1440,-1.44841,12.3684,12.6246,11.2595,10.7009,11.5417,12.2395,12.4595,13.1023,221.814,192.392,12.8608,6.33019,6.29437,10.9512,13,1440,5.89249,5.83572
2023-12-29,-1.17408,6.00104,5.02517,4.76865,5.0109,6.80432,5.44552,5.01806,5.74078,38.1475,45.2596,4.78983,2.90954,2.11563,5.18752,12,1440,-1.93616,8.93371,8.17666,8.83608,9.67662,12.317,8.64453,8.11471,9.05942,90.9353,86.3691,7.85635,4.66872,3.50795,8.98985,11,1440,5.94593,5.31888
2023-12-30,0.174166,2.85748,2.49149,3.05671,2.52296,2.2906,2.48161,2.55324,2.7657,8.00558,7.67071,2.53724,1.14661,1.34488,2.58953,12,1440,-0.327606,4.1677,3.30664,3.38965,2.74016,2.72732,3.55205,3.48873,4.31879,12.1903,14.6713,3.50336,1.64427,1.66237,3.22177,14,1440,2.79266,2.39274
2023-12-31,0.339478,3.00632,2.67757,2.41146,2.73517,2.28043,2.83572,2.73757,2.92189,8.6552,12.0479,2.60112,1.26939,1.40818,2.73904,12,1440,-0.428989,3.9965,3.63437,3.49194,4.05721,2.03041,3.89263,3.33721,3.95736,20.8976,13.3692,3.26957,1.91082,1.72355,3.90389,12,1440,2.7473,2.54255
2024-01-01,4.38632,2.86129,3.13249,3.70053,3.38371,5.21741,2.97873,2.74406,2.73056,17.9552,9.02761,2.54497,0.964635,2.16786,3.24928,11,1440,3.02878,3.16154,3.17458,3.11855,2.82023,3.62076,3.06241,3.28109,3.13895,10.8328,13.055,3.32608,1.27774,1.89683,3.09202,12,1440,2.23276,2.51013
2024-01-02,1.722,9.00131,10.5058,7.4346,7.59983,10.1209,8.8522,10.8459,8.63134,171.851,165.315,10.2257,4.91964,5.58614,8.051,12,1440,0.140205,8.07423,8.4771,7.14556,7.64622,9.54068,7.42265,8.39538,7.72236,153.703,122.183,7.84363,4.40107,4.07604,7.16564,12,1440,6.51994,7.38032
2024-01-03,-4.78877,36.4232,49.2667,36.7611,27.764,24.8198,34.0092,51.0172,34.0718,62427.5,40714.5,36.8988,35.4038,13.863,33.0911,13,1440,-6.38193,42.0406,50.7167,43.2109,37.4727,24.3896,40.482,53.6117,40.8072,77820.2,57290.9,38.5082,39.2702,11.4464,38.7639,12,1440,33.1987,47.1437
2024-01-04,3.00235,9.03483,8.27811,7.05423,7.38933,4.84112,8.3834,7.8427,8.58022,124.615,86.5076,7.42268,3.45251,4.8256,7.81749,12,1440,2.56401,8.16003,7.8556,7.57633,7.19077,5.08807,7.62049,7.68312,7.98569,102.262,86.2097,7.62009,3.4518,4.40381,7.67093,12,1440,7.27257,6.88715
2024-01-05,-0.013568,21.0872,11.2485,8.62054,6.97375,9.40209,13.6649,9.58546,18.8649,952.221,138.517,8.72634,6.74879,4.49974,9.63007,18,1440,0.0736349,11.307,8.05781,7.71962,5.91961,6.79106,8.85401,7.51533,10.5473,218.705,101.127,6.77866,4.13485,3.92295,7.34688,16,1440,13.5529,8.50286
2024-01-06,-0.401279,2.45585,1.87651,1.57434,1.08255,1.14997,1.94814,2.07736,2.39836,4.25988,5.56405,1.93246,1.02418,0.852332,1.60886,15,1440,-1.24182,2.80127,2.28657,2.05118,1.56173,1.82616,2.35241,2.30452,2.70318,5.72824,6.30262,2.31119,1.32574,0.960824,2.07393,14,1440,2.19139,1.77011
2024-01-07,-0.0894225,3.10177,3.30923,2.96987,2.6257,2.88319,2.92536,3.38247,2.99757,21.4412,19.0376,3.15492,1.88103,1.4282,2.81253,12,1440,-0.867739,3.57182,3.66354,3.33654,3.61721,3.71964,3.41088,3.34327,3.48829,26.5312,26.0686,3.43692,2.17245,1.49109,3.37512,12,1440,2.738,2.86668
2024-01-08,6.65302,11.8239,11.9862,15.9063,14.6122,16.8518,10.7589,11.748,10.5534,371.062,199.841,11.7746,4.18008,7.80614,10.3296,12,1440,4.79105,9.83289,8.75922,10.4604,11.022,12.5213,9.22577,8.77174,9.43676,121.62,112.506,8.98111,3.41707,5.34215,9.15124,12,1440,8.49668,8.21132
2024-01-09,-1.80755,32.3371,27.688,34.3925,10.2497,15.9632,24.2523,28.4542,27.5266,12008.8,7426.69,32.3848,15.9799,11.7081,15.8678,17,1440,0.592549,27.2598,23.4242,18.2769,13.241,16.9346,22.0345,23.8869,26.0255,3061.43,3793.57,22.5884,9.64288,13.7813,19.8702,13,1440,23.8196,16.6135
2024-01-10,1.17286,25.4143,22.0996,24.8084,18.9514,20.5741,22.4294,21.8934,23.8715,1204.64,935.272,19.5195,12.054,10.0456,20.9875,12,1440,9.7503,29.853,25.7693,33.0418,31.5074,40.571,28.2924,28.4207,31.3397,914.224,1541.73,28.0971,9.3781,16.3912,28.7267,11,1440,21.0643,15.7191
2024-01-11,-0.677106,15.564,16.8143,18.2348,22.2296,30.0863,16.1959,16.7898,15.5643,693.651,580.953,17.3177,9.83841,6.97592,17.158,11,1440,1.29289,16.1084,19.1472,19.1618,20.7488,21.9721,17.5828,19.9755,16.2982,738.545,884.372,17.9682,9.85296,9.29419,17.6179,12,1440,11.6918,13.1936
2024-01-12,-7.98529,21.3388,22.7433,21.0081,27.377,16.1739,18.4049,19.5635,20.9003,3023.22,976.817,18.8021,15.5605,7.18284,17.7403,13,1440,-3.71482,28.1092,30.3636,29.2447,35.1156,17.9713,27.2351,28.6112,28.1856,2047.44,1487.96,28.1038,17.3039,13.0597,26.2356,13,1440,18.8884,18.8627
2024-01-13,0.152422,6.28899,5.41677,4.40519,2.82386,2.78323,5.22652,5.33262,5.99726,37.7785,32.697,5.16525,2.77168,2.64509,4.09037,16,1440,2.18213,8.43395,6.80771,5.02587,3.98044,2.90937,6.3965,6.97994,8.37373,45.7894,65.4186,6.92431,3.09772,3.70998,5.04267,15,1440,5.55289,4.54834
2024-01-14,-2.63821,5.55545,4.47008,3.61272,3.58213,3.76264,5.13324,4.51543,5.3552,38.6486,36.4468,4.47985,2.69441,1.77567,4.40061,14,1440,-4.17082,6.8748,5.63905,5.59762,5.00548,6.06163,6.07528,5.28102,6.93361,57.2028,38.8959,4.97042,3.60203,2.03703,5.52154,14,1440,4.76185,3.73657
2024-01-15,1.84886,5.22438,5.06245,6.70556,5.70667,6.54939,4.9881,4.63989,4.83617,37.7821,29.9992,4.6914,2.3618,2.70064,5.22172,11,1440,1.56122,5.37337,4.37087,4.81487,4.26755,3.91474,4.52926,4.2109,5.20358,22.0188,23.0094,4.44035,2.09296,2.27791,4.42252,13,1440,4.0345,3.64875
2024-01-16,1.46379,6.14426,7.21414,8.82544,3.66137,4.57139,6.54353,6.42574,6.07529,247.651,210.011,6.3996,2.98028,4.23386,7.26423,12,1440,2.96618,6.52952,6.16895,8.64834,5.98214,5.78875,6.5935,5.63194,6.19088,122.381,88.3644,5.50524,2.20995,3.959,7.15777,12,1440,4.84298,5.44108
2024-01-17,-0.842358,4.53532,3.92118,2.35218,2.05313,1.51998,3.92772,3.99121,4.55492,40.0345,27.8457,3.97167,2.01837,1.90281,3.21516,16,1440,-2.23591,5.90284,4.80575,3.26156,2.45823,1.72165,4.94168,4.67899,6.07948,66.2591,66.8816,4.22156,2.53872,2.26704,3.98838,15,1440,4.18195,3.60886
2024-01-18,-3.44514,6.43195,6.41332,7.10055,6.18125,7.05516,7.34974,6.3313,6.37849,100.787,81.3139,6.68169,3.9808,2.43252,7.21837,13,1440,-2.37484,6.56004,5.28132,6.91545,6.42979,6.25555,6.27748,4.89623,6.33925,53.2728,39.5827,5.54902,3.17273,2.10859,6.21528,12,1440,5.09957,4.846
2024-01-19,0.799001,7.41932,6.92748,7.64037,7.73712,10.1119,7.54418,6.74624,7.52701,90.7857,67.9105,7.18058,2.91995,4.00753,7.59887,12,1440,0.853957,6.3608,6.12193,6.276,5.79571,8.3368,6.44976,6.0619,6.36495,76.047,87.8586,6.30046,2.74353,3.3784,6.18803,12,1440,5.75722,5.48979
2024-01-20,0.0888008,1.52469,1.26781,0.916132,0.716277,0.651165,1.35171,1.35196,1.36594,1.51744,1.95972,1.31314,0.620803,0.647012,1.14179,15,1440,-0.805402,1.61706,1.48829,1.38379,1.42524,1.40059,1.54743,1.42503,1.56604,2.22887,2.03884,1.41237,0.805086,0.683209,1.46511,13,1440,1.17809,1.09469
2024-01-21,-0.277894,0.904609,0.752504,0.739838,0.651449,0.700111,0.786187,0.688112,0.73372,0.901212,0.617171,0.699222,0.422046,0.330458,0.723222,15,1440,-0.607014,1.03454,0.951924,0.873736,0.865544,1.06356,0.971268,0.963874,0.899394,1.22233,1.51664,0.913498,0.558204,0.393719,0.930831,14,1440,0.724614,0.638677
2024-01-22,-4.9606,10.6491,10.0004,10.3946,10.4405,8.43607,9.72205,9.99946,10.9462,131.223,141.484,9.81041,6.00059,3.99984,9.46949,13,1440,-5.98974,9.90202,9.98905,10.6101,11.5117,9.49637,10.3666,10.6197,9.77785,122.794,142.9,10.243,6.00118,3.98787,10.2839,12,1440,8.82198,8.83859
2024-01-23,0.829496,9.90962,8.45084,7.74792,7.4575,7.90957,9.38124,8.43589,9.90009,99.8186,107.455,9.07343,4.13654,4.3143,7.83732,14,1440,-3.14281,14.4628,15.0814,15.3859,17.2674,20.6744,15.523,14.4331,14.192,721.892,393.203,13.2572,8.85767,6.22373,14.9738,11,1440,9.71673,9.69157
2024-01-24,0.468303,5.43658,5.32244,5.3003,5.10807,5.31057,5.31901,5.55047,5.41505,37.666,40.8581,5.53628,2.7182,2.60424,5.37966,12,1440,-0.338573,6.46804,6.6086,5.30426,5.17,5.05839,6.50081,6.64457,6.69887,73.7943,44.4654,6.95682,3.55167,3.05693,6.30757,13,1440,5.00311,5.22021
2024-01-25,-0.309298,3.77338,2.80991,2.09726,2.16858,2.12775,3.18168,2.703,3.4589,12.5046,9.85862,2.66618,1.45467,1.35524,2.65108,16,1440,-0.735578,6.43907,4.50614,4.1738,4.77426,5.30141,5.31577,4.48495,6.29369,23.6407,24.9554,4.57206,2.41577,2.09036,4.72997,15,1440,3.85216,2.7804
2024-01-26,4.55524,6.10527,5.32016,5.81288,7.46747,9.35035,5.30482,5.6656,5.5652,40.7659,43.2418,5.78813,2.05454,3.26562,5.20589,12,1440,2.18629,5.26033,5.10856,4.98869,5.45248,5.87699,4.61461,5.07273,5.04057,35.2157,30.4125,5.02234,2.25355,2.85501,4.1095,12,1440,4.42174,4.03682
2024-01-27,0.707902,1.32743,1.27538,1.1854,0.873344,0.960304,1.38126,1.27157,1.15964,2.59294,3.4989,1.26226,0.650039,0.625343,1.31461,13,1440,0.0114648,1.68104,1.3029,1.38558,1.17542,1.4422,1.48258,1.37796,1.55063,1.93499,2.01885,1.3125,0.720216,0.582679,1.35277,14,1440,1.03796,0.814763
2024-01-28,-0.212878,2.93509,3.3705,3.2587,2.84718,3.1657,3.25368,3.24628,2.77286,17.6616,10.2928,3.08441,1.73995,1.63055,3.32109,11,1440,-0.487974,3.27926,3.25166,3.87491,3.60566,2.97961,3.34921,3.06188,3.28634,17.479,11.6692,3.1732,1.80508,1.44659,3.49323,11,1440,2.51775,2.80668
2024-01-29,2.98061,4.04422,4.30039,5.17342,4.67224,5.81798,4.61754,4.50218,3.74531,37.9939,53.2688,4.42254,1.5475,2.75289,4.72158,10,1440,2.654,4.09429,3.57254,3.85781,4.39654,4.70737,3.86759,3.66546,3.93068,18.6043,24.169,3.63519,1.46507,2.10747,3.77651,12,1440,3.26331,3.19998
2024-01-30,-0.838558,4.87522,4.5337,3.91304,3.34642,2.8058,4.20036,3.23988,4.68181,77.809,17.3268,2.94542,2.61176,1.92194,4.24429,13,1440,1.09043,5.60367,6.08792,4.28019,4.3984,5.43574,5.58882,4.98875,5.81128,152.995,46.9423,4.63484,2.87903,3.2089,5.52553,12,1440,3.96672,3.74796
2024-01-31,-0.844475,6.42879,6.04033,6.59342,6.5196,7.4444,6.13459,6.21716,6.23281,75.8024,69.5054,5.77842,3.36983,2.67049,6.44614,11,1440,-2.58847,7.46095,8.04927,8.10352,7.93983,8.58864,7.4138,8.16537,7.61057,178.614,146.215,7.04432,4.58673,3.46254,7.97345,11,1440,5.82928,5.97952
2024-02-01,1.17424,4.86481,4.38553,4.3766,5.88764,5.01017,4.64937,4.27387,4.77581,26.7291,20.6306,4.00438,1.95245,2.43307,4.78778,11,1440,0.921657,5.27062,4.50642,3.98306,5.17091,5.89033,4.90889,4.15285,5.10008,42.7578,32.5173,3.94287,2.06298,2.44344,4.88556,12,1440,4.08795,3.5685
2024-02-02,0.27134,3.35647,3.19392,2.95463,3.00346,3.31235,3.2467,2.85378,3.13837,27.5086,12.8512,2.40366,1.67025,1.52367,3.31147,14,1440,0.207225,3.37323,3.16615,2.83478,2.99593,3.16291,3.29936,2.70079,2.92121,29.8255,9.97606,2.51162,1.60054,1.56561,3.22224,13,1440,2.87656,2.76022
2024-02-03,-0.438251,0.829712,0.828641,0.885552,0.676508,0.432486,0.846299,0.776443,0.708111,1.21027,0.773627,0.76842,0.385615,0.443025,0.813492,13,1440,-0.545864,1.58343,1.39032,1.42858,1.16705,1.17074,1.46271,1.28506,1.41013,2.88269,2.2551,1.23963,0.625481,0.764836,1.47358,13,1440,0.823047,0.866417
2024-02-04,-1.00057,1.52075,1.72163,1.41647,1.31057,1.40527,1.75635,1.58724,1.34729,10.7963,9.08807,1.54231,0.923677,0.797951,1.73215,11,1440,-0.292176,2.47327,3.45564,3.04671,3.31609,3.06757,3.04516,2.31329,2.47305,137.434,14.6353,1.9692,1.49974,1.9559,3.17057,11,1440,1.49256,2.04317
2024-02-05,0.295035,2.92681,3.29458,3.01963,3.64747,4.54041,3.13438,2.90094,2.85252,23.3361,8.17907,2.7911,1.89289,1.40169,3.04409,11,1440,0.524435,3.24426,2.99834,2.93021,2.93467,2.73152,3.02334,2.84981,3.13017,13.3842,9.03333,2.55207,1.54615,1.45219,2.75192,13,1440,2.51198,2.64047
2024-02-06,0.909599,2.7733,2.52403,2.31054,1.76731,1.66321,2.89895,2.09104,2.55582,12.6057,5.76913,2.10317,1.15954,1.36449,2.77753,13,1440,3.02988,4.69518,4.50396,3.97185,3.15743,2.32731,4.7476,3.65499,4.66816,44.4043,18.8145,3.56853,1.72014,2.78382,4.47309,14,1440,2.80076,2.70934
2024-02-07,2.86051,3.12768,3.66699,3.03159,3.7889,3.53182,3.48759,3.2496,2.89461,44.4028,22.374,3.60424,1.52754,2.13946,3.55311,11,1440,2.18695,4.05805,3.92108,3.80599,4.41306,4.04369,4.1475,3.43891,3.64968,52.1516,22.9643,3.05659,1.49433,2.42675,4.14858,12,1440,2.6138,2.77272
2024-02-08,2.09528,3.8493,3.61632,3.50323,2.52487,3.53296,3.62445,3.74042,3.77469,14.2769,18.9873,4.11358,1.5795,2.03682,3.27917,13,1440,-0.229119,3.84123,3.22516,3.23057,2.46893,2.98164,3.5423,2.5668,3.88789,38.2755,9.60689,2.49909,1.39987,1.8253,3.1422,14,1440,2.85558,2.53997
2024-02-09,3.99121,9.89911,8.21189,8.58153,8.0084,7.95025,8.54666,8.52201,9.38369,159.646,146.429,8.69949,3.73903,4.47286,8.87566,14,1440,2.73187,6.57357,5.44093,6.4501,6.947,6.4673,5.54856,4.96501,6.28331,68.5825,34.1972,4.88273,2.56074,2.88019,5.96243,13,1440,6.36944,5.10298
2024-02-10,1.30334,2.52741,2.21355,2.61871,2.73725,2.03942,2.18104,2.48485,2.58077,8.11043,16.1212,2.36762,0.982688,1.23087,2.33128,13,1440,0.54865,2.21664,1.98051,2.30135,2.80253,2.00873,1.9151,1.79417,2.18439,6.63797,4.09356,1.75044,0.912474,1.06804,1.96033,12,1440,1.74955,1.5336
2024-02-11,1.14295,3.00612,2.72723,3.40012,3.36479,4.14218,3.12314,2.60803,2.78143,9.57099,6.85957,2.68626,1.22414,1.50309,3.17077,13,1440,0.278385,2.6387,2.33583,2.49842,2.42493,2.18916,2.38636,2.35453,2.30326,7.621,6.92039,2.44364,1.17545,1.16038,2.33115,13,1440,2.0801,1.77238
2024-02-12,3.29357,6.39219,6.91185,8.09931,10.9276,12.8726,6.6321,6.94014,6.11291,100.626,108.313,6.71954,2.84466,4.06719,6.92672,11,1440,5.91518,5.7325,6.83791,8.13587,10.5948,12.7113,6.79073,6.73777,5.19865,146.475,138.011,5.54307,1.95643,4.88149,7.61041,10,1440,3.82021,4.68424
2024-02-13,-0.437035,7.87948,7.1909,6.03074,5.81241,6.47713,7.23042,7.25553,7.90796,220.929,214.4,6.95571,4.22301,2.96789,6.48062,14,1440,-0.754723,10.5619,8.75057,9.14634,7.48661,6.64957,9.73011,9.09454,10.0518,177.081,240.962,9.09879,5.1233,3.62727,9.15968,13,1440,7.30747,6.25106
2024-02-14,4.13002,7.83049,6.48986,7.73056,7.50145,7.84964,7.49923,6.04797,7.7192,168.84,54.0904,6.27316,2.10056,4.3893,7.6617,12,1440,4.98071,7.52111,6.33447,7.34041,7.73091,9.37034,6.93031,6.67633,7.25274,99.8264,181.97,6.19303,2.31937,4.0151,7.54154,12,1440,5.16616,4.26739
2024-02-15,0.163646,6.44564,6.82806,6.10481,6.13391,7.55632,6.43828,6.64651,6.40951,94.8191,67.389,6.14675,3.37471,3.45335,6.1201,12,1440,1.70726,10.7349,10.3526,10.1822,8.88472,12.0564,10.455,10.6887,10.9147,179.359,168.476,10.0164,4.85559,5.49706,9.85503,12,1440,6.4824,6.69105
2024-02-16,0.469425,4.38415,4.04652,3.67807,2.73027,3.08322,4.07269,4.06131,4.24891,24.5156,32.194,4.01671,2.1933,1.85322,3.90496,12,1440,-0.739284,7.43083,6.82345,6.74988,5.42003,6.31008,6.858,6.35999,7.45634,89.3676,63.4564,6.30122,4.09271,2.73074,6.65076,12,1440,4.31359,4.31425
2024-02-17,-0.927992,3.00244,3.11243,2.91795,2.41879,2.58131,2.93121,3.11363,3.11788,32.6398,17.6782,2.85117,1.53429,1.57814,3.00948,11,1440,-0.568032,3.81702,3.38985,3.03366,2.7333,3.62758,3.37214,3.26639,3.89468,22.4369,15.2832,3.49024,1.71403,1.67583,3.26063,12,1440,2.72384,2.78385
2024-02-18,0.954003,2.33139,2.5171,1.87468,2.08212,2.19649,2.45166,2.18231,2.34105,18.1532,5.66412,2.00693,1.29049,1.22661,2.48023,11,1440,3.36251,5.01302,5.41782,5.49828,5.84907,5.04878,5.44859,4.51869,4.94121,90.3267,21.3117,4.09385,2.08656,3.33126,5.83821,11,1440,2.66024,2.97162
2024-02-19,-0.698553,3.13456,2.75687,3.10675,2.38402,2.21252,2.97995,2.84143,3.0055,10.5609,13.672,2.65472,1.50253,1.25434,2.85693,12,1440,2.1834,7.63996,7.09574,8.23871,6.41719,6.13191,7.30195,7.45553,7.41845,92.4362,119.423,6.72028,3.17357,3.92216,7.08324,12,1440,3.92211,3.5149
2024-02-20,0.930649,6.55891,6.87132,7.60314,8.06164,7.33582,6.24994,6.41643,6.45903,119.728,62.9667,6.26469,3.59827,3.27305,6.70799,12,1440,2.34959,12.553,11.7093,12.2151,14.1407,17.3864,11.0149,10.757,12.8152,327.323,149.623,9.06403,6.29093,5.41835,10.6486,12,1440,7.17963,7.44488
2024-02-21,-0.786551,5.4516,4.43353,4.17347,4.22305,5.18203,5.07592,4.14407,5.31779,25.9838,18.7049,4.18871,2.18988,2.24365,4.59987,13,1440,-1.56822,11.3365,9.13213,9.10969,9.1241,9.82405,9.70848,9.41923,11.7526,95.4707,91.6928,9.39187,4.70484,4.4273,8.19266,15,1440,6.47397,5.10949
2024-02-22,-1.08782,4.76392,4.92989,3.89278,4.81212,4.41649,4.54528,4.36865,4.27379,55.9925,25.7378,4.04574,2.58671,2.34318,4.02361,13,1440,0.117859,11.6446,10.9698,8.11026,10.1944,11.4453,10.7854,9.95191,11.7933,282.824,86.9097,9.08868,5.15705,5.81275,10.1063,13,1440,6.12569,6.2088
2024-02-23,-1.06687,3.59881,3.08011,3.49895,1.87749,1.83619,3.31183,2.81657,3.32891,17.3007,10.0844,2.70056,1.79223,1.28788,3.19748,13,1440,-1.66828,6.881,5.92305,6.73383,5.20613,6.49776,6.26235,5.86978,6.8981,77.7096,45.0431,5.38601,3.64227,2.28078,6.28083,13,1440,4.18033,3.69631
2024-02-24,1.61093,1.28959,1.10511,1.06565,1.08835,1.38282,1.09552,1.04802,1.10853,2.03572,1.58121,1.09119,0.470161,0.634949,0.980672,13,1440,2.37988,2.81589,2.37584,2.69569,2.46394,3.56992,2.42927,2.41024,2.60271,7.68751,8.14767,2.38306,0.981419,1.39442,2.33842,13,1440,1.44964,1.28117
2024-02-25,0.311006,1.5828,1.37997,1.32555,1.40558,0.848529,1.48441,1.30286,1.45124,2.76366,2.52601,1.30883,0.65338,0.726592,1.51825,12,1440,3.93059,6.26387,5.24041,4.59382,6.02217,4.39423,5.35433,5.50199,6.20816,38.5098,47.2614,5.49093,1.99736,3.24306,5.28037,12,1440,2.2244,1.84434
2024-02-26,5.17532,6.8687,6.66109,6.77173,7.2466,10.8999,6.52151,6.37426,6.58718,182.519,145.322,6.45856,2.09318,4.56791,7.27387,13,1440,2.01485,8.61142,7.50776,7.9949,8.06287,10.3994,7.37276,6.16879,8.37188,116.494,46.6943,6.18276,3.11571,4.39205,7.54926,12,1440,5.69949,5.0955
2024-02-27,4.59373,11.741,13.9372,12.6618,12.5772,11.1561,12.9679,13.1981,11.9231,886.341,313.013,11.4058,6.22094,7.71623,13.3193,11,1440,2.06978,11.0751,12.647,8.13285,6.50796,6.98093,10.953,12.4226,11.8068,761.429,346.966,11.6141,5.93541,6.71158,10.1556,13,1440,9.00689,10.8074
2024-02-28,9.03734,47.1179,26.0966,32.3165,29.6796,27.5241,36.7667,28.4388,48.4343,2040.57,3547.19,29.0985,11.6087,14.4878,37.8043,12,1440,4.2491,75.0758,30.8394,24.8748,29.6414,22.5887,44.7569,27.6301,81.814,9900.26,3076.87,24.7909,18.3757,12.4637,44.5286,15,1440,47.939,22.6609
2024-02-29,-2.10608,19.5676,18.2381,21.1287,19.7257,14.4848,19.6679,19.2614,19.7611,377.521,469.024,19.1743,10.0507,8.18737,20.0207,12,1440,-1.27947,21.3962,18.655,20.3959,17.3117,18.0867,20.5674,15.6136,20.6082,805.559,320.366,13.8609,10.137,8.51802,20.5134,12,1440,16.0466,13.9193
2024-03-01,2.03526,8.76011,8.3292,7.0894,7.19756,7.35056,8.13354,7.76094,9.12176,116.774,74.5677,8.05599,4.01143,4.31777,7.35472,14,1440,2.7562,9.17749,7.03016,7.57405,6.49381,8.30094,7.41958,7.29168,9.28416,65.3107,76.4572,7.50565,3.24388,3.78628,6.95775,14,1440,6.97503,6.01933
2024-03-02,-0.644214,3.48787,2.68908,2.35448,2.04916,1.73677,2.9318,2.65103,3.36127,8.28766,6.47129,2.66142,1.37173,1.31735,2.53582,13,1440,-0.350994,5.31639,3.683,3.52904,4.07784,2.94751,4.31934,3.64424,4.99413,19.1029,15.1419,3.49945,1.93872,1.74428,4.05461,14,1440,3.38284,2.39622
2024-03-03,1.80129,4.60612,3.12688,3.53936,4.54431,3.01332,3.44576,3.08519,4.70719,16.5071,12.4247,2.63572,1.4238,1.70308,3.57369,13,1440,1.92242,6.19872,4.24939,5.47053,6.25329,5.20766,4.94207,4.06321,6.24697,44.1247,24.4747,3.64335,1.92675,2.32265,5.06918,13,1440,4.25943,2.83789
2024-03-04,7.81724,20.5352,23.8375,16.7668,13.2755,10.2645,17.6892,22.8653,19.9685,6115.45,1817.06,20.781,12.801,11.0366,17.1981,14,1440,3.93413,15.5931,18.2186,14.3975,13.7429,9.64121,13.3324,16.266,15.2526,2608.63,332.26,14.6424,9.71681,8.50178,12.4431,14,1440,15.0994,17.6665
2024-03-05,-6.85532,53.0869,50.1271,49.377,55.2455,51.7889,54.5048,48.7677,57.1967,5035.68,3890.87,47.037,29.4412,20.6859,52.9292,12,1440,-2.06401,58.7531,58.5504,56.9089,72.4432,80.8701,70.174,56.5355,60.5161,10591.5,8365.85,54.5353,35.2481,23.3023,64.135,13,1440,48.3742,46.5693
2024-03-06,3.62145,23.8971,25.8546,21.3794,23.7144,27.8612,25.4557,27.0319,26.0452,897.629,1245.33,26.8271,11.6891,14.1654,24.9103,12,1440,7.1906,27.3992,27.3185,28.5335,32.9018,35.2309,27.6507,31.1438,27.5153,733.73,1151.54,29.4275,11.5516,15.7669,28.1987,12,1440,22.1771,22.8888
2024-03-07,1.12739,10.9648,9.41359,7.61487,6.16708,2.33244,10.3806,9.68602,10.7787,162.54,173.48,9.0618,5.01858,4.39501,10.1959,14,1440,1.30528,14.3321,15.6732,14.7378,12.306,9.66708,14.8254,15.9447,14.06,327.249,372.54,15.6952,8.80105,6.87212,15.8823,12,1440,10.5161,10.1347
2024-03-08,1.92825,17.4998,16.7212,14.9068,18.5387,7.4853,15.8583,16.0658,18.2264,1404.08,1303.91,14.979,9.40692,7.31429,13.7176,15,1440,0.376672,17.6568,19.3492,14.9699,14.2175,9.68631,15.7163,19.5452,17.5525,1474.18,1991.51,17.5402,10.4899,8.85932,14.0334,14,1440,14.7972,15.4424
2024-03-09,0.277167,1.8436,1.48723,1.31538,1.05051,0.812305,1.54245,1.41637,1.5021,2.53047,2.56537,1.30851,0.725474,0.761757,1.21034,15,1440,0.56108,3.3931,2.66744,2.30654,2.08103,2.12643,2.86353,2.61734,3.28072,6.61997,7.88665,2.71182,1.3018,1.36564,2.57813,14,1440,1.81116,1.39519
2024-03-10,0.936284,5.2786,4.77212,4.22703,3.50235,3.92789,5.07309,5.1293,4.78323,33.9721,38.3841,4.89592,2.26474,2.50738,4.65918,12,1440,-0.687081,5.96622,5.6056,6.04975,5.34135,6.49527,6.06375,5.87638,5.5611,51.628,61.7125,5.50697,3.01713,2.58847,5.7828,11,1440,4.34347,4.09704
2024-03-11,4.42834,11.7114,11.513,11.4477,11.2556,13.177,10.8499,11.302,11.6908,297.066,288.381,11.1503,4.91878,6.59427,10.6101,12,1440,4.69238,14.2051,11.3336,11.4785,11.899,15.5099,13.0003,10.9363,14.4723,279.313,284.937,10.4781,4.18978,7.14377,12.0741,12,1440,9.90217,8.74685
2024-03-12,-0.872422,15.5847,11.6991,14.0205,19.4455,7.21156,12.7464,10.5998,15.3776,246.999,179.795,11.1399,5.75198,5.94713,12.0306,13,1440,-2.10928,15.9969,13.1561,13.1815,18.1855,8.37213,13.0831,11.7903,15.4882,488.848,220.976,10.7367,6.57798,6.57808,11.9681,14,1440,13.6552,10.4234
2024-03-13,2.24248,6.95435,5.93073,4.93121,4.322,4.11401,6.80745,6.26261,7.13386,44.8134,63.8491,5.86646,2.56645,3.36428,6.13642,13,1440,0.621938,9.06972,7.96581,6.05423,4.96467,5.24935,8.89468,8.16016,8.94073,107.41,96.2727,8.26333,3.59406,4.37175,8.01982,14,1440,6.35706,5.29578
2024-03-14,-2.33079,16.3448,15.7768,12.4735,13.0216,12.1796,14.4785,17.6235,17.6866,455.432,716.591,16.7985,8.26888,7.50793,13.4637,13,1440,-3.12179,18.1341,17.1946,14.3772,14.8579,14.0006,16.0456,18.4311,19.4978,581.644,807.315,19.4792,8.65794,8.53667,15.677,12,1440,15.4866,15.4045
2024-03-15,-2.68184,36.9761,37.5304,43.1681,40.6559,44.9788,34.392,35.4124,37.1733,2648.78,2457.54,34.9193,20.3729,17.1575,38.8053,13,1440,-3.66022,36.5281,34.6718,43.521,44.5341,47.7469,34.7399,31.5319,35.6501,2403.27,1430.82,30.8572,18.9342,15.7376,39.3646,13,1440,33.9049,34.1197
2024-03-16,-6.23229,14.8345,12.1594,9.98108,10.6057,9.22314,13.0041,13.5747,15.1049,386.653,649.714,13.2406,6.7509,5.40849,11.8945,12,1440,-6.03326,18.1785,15.3256,14.1283,13.8044,9.12982,16.9171,16.6528,17.8874,454.757,554.368,16.8636,8.54578,6.77982,15.9481,13,1440,14.7692,12.4239
2024-03-17,4.62758,11.9648,13.0435,11.6015,12.9396,13.4688,11.9091,12.1513,11.9995,319.496,199.197,11.7394,5.39218,7.65131,12.0969,11,1440,3.39384,15.3587,15.9867,16.3016,18.5385,23.8608,15.7791,13.366,15.3531,527.574,243.874,12.8487,6.82317,9.16355,16.5861,11,1440,11.8058,12.7357
2024-03-18,-1.15217,11.3532,13.1927,9.08529,10.3063,8.95234,13.3987,12.4873,11.2166,293.429,266.603,12.5691,6.92972,6.26296,13.7831,12,1440,-3.46851,14.9228,16.2976,15.5161,16.6145,12.0363,17.8514,16.0657,14.4353,309.281,344.064,16.9112,8.84527,7.45235,18.5925,12,1440,11.3426,13.3818
2024-03-19,-8.76316,27.6842,29.4234,30.8921,31.1134,26.1842,30.1917,28.6445,27.2099,864.251,770.407,27.7214,16.927,12.4964,29.2616,12,1440,-10.845,34.9663,41.2247,42.7552,47.0066,43.9364,41.9167,43.9366,35.4418,1658.9,1827.3,41.4103,24.2642,16.9605,41.1206,11,1440,27.46,31.2579
2024-03-20,9.10353,29.5031,27.1741,29.2929,35,30.287,30.5811,27.196,30.495,1122.11,952.241,24.5023,11.9389,15.2352,31.1371,12,1440,10.7333,47.9892,44.0947,55.4432,67.9062,62.7289,51.6339,43.2622,48.0271,3190.61,2803.67,39.6291,21.6325,22.4622,53.3005,12,1440,32.6971,31.0441
2024-03-21,-3.509,14.7837,14.5125,11.1369,9.81023,7.72224,14.3792,13.9875,14.004,341.007,260.801,14.6247,7.85159,6.66087,13.066,14,1440,-0.675669,22.9335,18.872,17.074,15.642,14.1321,20.2574,17.6681,21.7887,546.401,415.955,17.0145,9.49182,9.38021,18.0068,14,1440,16.2047,14.698
2024-03-22,-2.6369,15.5363,13.5202,11.7551,15.2421,15.3799,14.1026,12.7426,15.3826,237.085,200.332,13.0175,7.12207,6.39814,13.3762,12,1440,-4.58406,23.0959,18.5087,15.8322,20.4842,21.341,19.1201,17.8655,23.3322,479.607,408.253,17.5579,10.2676,8.24106,17.8774,13,1440,16.7385,14.1644
2024-03-23,0.302645,7.50406,7.97112,4.9527,5.36275,6.42215,7.57349,7.49255,6.6832,95.3123,66.5047,7.02933,3.56797,4.40315,7.10571,12,1440,-0.204624,10.9276,10.2542,8.69598,9.15806,8.65493,10.6175,8.87229,10.2295,171.7,88.6972,9.612,4.88165,5.37259,10.4375,12,1440,7.8579,8.18855
2024-03-24,4.90949,7.91934,8.2746,6.72672,6.44495,5.86942,7.38408,7.82263,7.47412,101.438,87.0328,7.81879,3.24859,5.026,6.78703,13,1440,3.69855,9.80678,9.2216,8.01273,8.00344,6.71549,8.41328,8.22302,9.48097,144.592,77.3236,7.5674,4.10799,5.11362,7.67532,13,1440,7.6266,7.98804
2024-03-25,3.89577,10.5888,9.08923,10.0457,13.5273,12.7355,10.5141,8.72849,10.3696,117.123,105.17,8.6876,3.65842,5.43081,10.434,12,1440,3.84525,11.0034,10.1521,10.3165,13.1135,12.5962,11.1704,9.86651,10.9357,141.616,109.123,10.0004,4.19024,5.96187,11.0087,12,1440,9.09737,8.53838
2024-03-26,0.154417,8.86139,8.47181,7.65924,9.67945,4.85192,8.19588,8.56661,9.04196,112.875,135.69,7.94285,4.26936,4.20246,7.78175,12,1440,-0.0860994,10.0395,9.41146,7.57946,8.10525,5.26779,9.12218,9.99153,10.5259,119.219,164.421,9.66637,4.86936,4.5421,8.33166,12,1440,8.18036,7.90645
2024-03-27,-0.742894,11.6309,9.81579,13.2617,16.5518,7.67096,11.2778,9.44194,11.0377,268.8,228.039,8.97421,5.13694,4.67885,11.7504,12,1440,-2.43053,12.9695,11.0061,17.3073,18.6189,8.39916,12.7076,11.2194,12.723,285.196,339.251,10.4427,6.03221,4.97385,13.6133,11,1440,11.075,9.25395
2024-03-28,1.86901,6.19775,6.00643,4.82861,4.39745,4.00958,6.03772,5.71881,5.75415,54.9299,38.1871,5.1217,2.77698,3.22945,5.23722,13,1440,1.67953,7.48914,7.34663,6.09666,4.84289,4.4593,7.27095,6.72904,6.98147,81.2665,49.2157,6.56245,3.46837,3.87826,6.3289,13,1440,5.75196,5.67312
2024-03-29,-1.32271,3.35418,3.35163,3.10573,3.48174,4.20843,3.45029,3.20281,3.34338,21.1788,12.1047,3.06057,1.8971,1.45454,2.98641,13,1440,-1.43562,4.84279,5.2788,5.51062,5.92083,7.39462,5.17893,5.26798,4.73072,40.0602,36.3819,5.2622,3.08491,2.19388,5.01182,11,1440,3.34149,3.53642
2024-03-30,-0.384932,1.36975,1.3042,0.913736,0.711704,0.604199,1.37236,1.21338,1.3075,2.68599,1.99982,1.24204,0.620512,0.683689,1.22181,14,1440,-0.116886,3.12006,3.22626,3.34497,2.39872,2.35463,3.27113,3.08806,2.93735,16.4029,12.0561,2.98176,1.64938,1.57688,3.34649,12,1440,1.55085,1.67203
2024-03-31,2.41074,2.24037,2.46193,1.51781,1.10862,1.21976,2.37967,2.09932,2.03799,19.9416,8.7789,2.16113,0.827959,1.63397,2.15807,13,1440,3.90628,3.88585,4.16317,3.44923,3.55485,4.10193,4.09064,3.36508,3.61113,51.4557,26.2749,3.71122,1.36681,2.79636,4.10571,13,1440,2.1855,2.44446
2024-04-01,-2.31361,5.93645,5.38443,6.50571,7.62943,9.08354,5.48762,5.17433,5.77297,80.4041,40.0261,5.09947,3.42136,1.96306,5.53146,11,1440,-3.95878,8.40611,8.31567,10.059,11.9783,15.1584,8.19089,7.29598,8.37132,362.918,86.664,6.30909,5.89208,2.42359,8.49987,11,1440,5.99442,5.91755
2024-04-02,-6.19796,16.7933,18.5763,17.2125,15.6433,17.6245,16.2744,15.4271,15.6971,3987.94,667.776,13.1941,13.143,5.43329,16.7212,10,1440,-6.63218,21.1904,20.5764,18.3216,19.0957,21.6539,18.1267,15.4614,18.8069,6457.21,670.491,13.9032,15.3087,5.26774,18.5534,10,1440,17.0419,18.0548
2024-04-03,0.7598,7.76122,7.25261,6.78711,6.82655,5.55214,7.17174,6.14213,7.60439,151.352,55.8736,5.52618,3.45453,3.79808,6.92471,12,1440,0.967261,12.5041,12.811,12.3154,11.5325,7.53172,12.6321,12.0217,11.9196,324.765,341.488,11.5049,5.77666,7.03435,13.4746,11,1440,8.72615,8.42843
2024-04-04,3.75573,7.30965,7.0977,6.78975,7.36521,6.47958,7.80637,7.06482,7.28287,94.0612,77.6797,7.30226,2.98784,4.10986,8.24822,11,1440,0.499231,8.99084,10.6005,10.3245,9.39424,7.9938,10.8159,10.1286,8.47219,320.485,250.657,10.3631,5.22132,5.37913,12.221,11,1440,6.98043,7.54698
2024-04-05,-0.97892,9.1476,9.67206,8.64251,9.8337,7.32931,10.2432,10.1935,8.78379,174.971,175.591,8.8371,5.17361,4.49845,10.7869,11,1440,-0.287424,10.5167,10.8118,9.67296,9.01823,7.80628,11.4746,11.0482,9.62023,155.36,160.877,10.0573,5.57749,5.23427,11.7923,12,1440,8.35907,8.77197
2024-04-06,1.57318,3.05611,2.92054,2.7276,2.48865,2.26359,2.91755,2.65461,2.72327,23.4147,10.7492,2.54913,1.16286,1.75768,2.59172,13,1440,1.01179,4.16706,3.82461,3.64893,2.58024,2.58338,3.88494,3.57821,3.7113,27.2293,14.1358,3.39117,1.59799,2.22662,3.3293,14,1440,2.90553,2.75915
2024-04-07,0.671783,3.63355,3.74196,2.922,2.97581,2.80875,3.48279,3.78805,3.39868,18.8922,20.3709,3.86831,1.79302,1.94893,3.08041,12,1440,3.0156,4.66375,4.88339,3.72121,3.99817,3.78754,4.44983,5.11556,4.60067,34.8887,32.1848,5.21811,1.9299,2.95349,3.89873,13,1440,3.33143,3.4826
2024-04-08,3.20584,6.469,6.74608,6.63899,5.63279,6.15677,6.54966,6.45367,6.45917,120.31,69.1259,6.04903,2.4559,4.29018,6.19842,12,1440,6.72841,8.72568,11.2414,11.3087,13.6665,18.1667,10.7083,10.071,8.77766,628.97,128.371,9.41042,3.07835,8.16301,11.554,10,1440,5.35976,6.42456
2024-04-09,-3.51542,8.65158,7.84888,7.80629,5.39903,4.11484,8.10156,7.47372,8.34033,127.148,114.189,7.45829,5.0302,2.81868,7.81131,13,1440,-5.2288,12.3249,9.96686,12.274,9.67719,9.07343,11.479,10.3881,12.2191,225.048,249.7,9.55207,6.72251,3.24435,12.2983,12,1440,8.93876,7.77851
2024-04-10,2.12501,9.41878,10.9029,8.82966,9.37439,8.35826,8.81473,11.4567,9.65391,337.917,363.204,11.2638,5.70172,5.20118,8.8626,11,1440,1.11317,12.8587,16.4635,13.8205,14.097,13.018,12.8689,16.4542,12.9861,1235.72,1084.9,14.2385,9.78098,6.68256,12.8877,11,1440,9.70367,12.179
2024-04-11,-0.888604,7.35121,7.46597,6.96868,5.66715,5.88187,6.8466,6.7903,7.03807,200.52,71.2105,6.43352,3.8846,3.58137,6.67707,13,1440,-1.2236,8.75162,8.30013,7.77927,6.70467,7.60659,8.08118,7.72472,8.64926,247.535,93.3562,7.4266,4.56889,3.73123,8.00193,13,1440,6.97912,7.12527
2024-04-12,-4.2154,12.7059,10.1472,8.78255,9.95286,10.9128,13.079,10.5785,11.1927,733.441,686.422,9.54157,6.98097,3.16621,12.4209,12,1440,-7.87029,32.6331,19.4177,22.0207,24.0891,25.5821,28.1336,15.7651,29.0656,4898.08,1350.94,12.161,15.2775,4.14022,25.6387,13,1440,16.1484,12.2125
2024-04-13,-4.87274,34.7749,41.2981,42.7987,45.0232,49.9375,35.0089,39.0155,36.5174,23020.8,9177.21,29.9917,29.4382,11.8598,38.0594,11,1440,-7.38336,54.1645,74.2037,70.6465,75.6265,77.6537,58.4759,55.5597,52.7977,121241,15986.5,36.0977,57.1263,17.0774,61.3306,10,1440,37.6701,52.3372
2024-04-14,2.68151,21.4154,21.2279,20.2074,20.6521,13.5726,21.9681,20.2865,20.5311,1158.36,1110.65,21.0536,10.0155,11.2125,22.4864,14,1440,4.80771,31.2141,33.4597,33.5304,33.0998,25.5464,36.1397,33.9287,32.8019,3023.5,2987.86,33.1003,15.0471,18.4126,38.1117,13,1440,22.9195,24.0655
2024-04-15,-3.47388,14.72,12.9551,12.9627,10.3279,13.4066,13.9103,13.2047,14.8073,228.907,249.344,13.8653,7.19896,5.75614,13.3767,13,1440,-1.69795,19.4368,17.1031,19.6933,21.4831,26.3248,19.1946,17.555,19.1097,400.295,567.042,18.2023,8.91848,8.18461,19.76,12,1440,14.8174,12.8726
2024-04-16,0.587047,18.1089,16.0346,16.7981,17.5115,12.0871,17.6863,15.5876,17.8805,354.861,335.498,16.1012,8.26755,7.76703,16.9033,14,1440,-0.574505,22.4401,20.4364,19.8063,22.7374,17.0532,22.1271,19.8458,22.1317,530.249,523.926,19.2527,10.417,10.0194,20.6434,14,1440,18.1911,16.652
2024-04-17,-4.0239,16.0651,18.0813,15.0784,15.6042,15.0299,17.175,17.4844,14.7434,677.388,762.553,16.737,10.1374,7.94389,16.8696,12,1440,-3.25617,16.5103,19.7788,16.7789,17.5474,14.7364,19.1959,17.8786,14.9891,1077.91,825.884,16.0473,10.7287,9.05007,19.0929,11,1440,14.3104,17.5336
2024-04-18,3.5158,12.5633,12.9327,10.8111,10.9169,9.619,11.6076,13.7861,11.7556,244.467,321.171,14.1144,5.35569,7.57696,11.5165,12,1440,2.61147,13.4039,12.3887,11.0546,10.6977,7.27349,11.9279,13.3467,13.4361,232.761,334.028,13.245,5.47623,6.9125,12.1594,12,1440,11.4086,11.3998
2024-04-19,0.546683,24.8103,26.6679,31.8729,44.4412,30.7868,24.7823,26.4371,24.0893,1501.17,1366.59,28.4663,12.3251,14.3428,26.3035,11,1440,-0.259441,25.4415,25.3569,31.1522,41.8244,30.5339,25.3843,26.2526,24.1681,1345.52,1411.6,26.6113,12.3223,13.0346,27.9435,12,1440,22.6163,23.9304
2024-04-20,1.74374,6.69994,5.33478,3.96334,3.95067,3.80215,5.64987,5.41049,7.0737,62.5425,68.1183,4.8222,2.21716,3.11763,5.06349,14,1440,3.19815,7.40509,6.57733,5.98284,6.46252,7.81082,6.69392,6.49625,7.52201,78.3729,77.2551,6.1043,2.81397,3.76336,6.48492,13,1440,6.13746,5.23409
2024-04-21,0.000862323,4.71665,3.69042,3.82753,2.66139,2.23899,3.93768,3.49771,4.59404,26.7965,17.7572,3.35428,1.8286,1.86182,4.04147,13,1440,-0.257636,6.50328,5.65644,5.89448,4.02037,3.45563,5.85341,5.05653,6.50741,52.4638,42.1192,5.3843,2.87806,2.77838,6.16227,13,1440,4.76919,3.94062
2024-04-22,2.85108,6.54685,6.725,3.92788,4.60604,4.7031,6.42223,5.90048,6.31133,171.338,120.893,5.78586,3.23729,3.48771,6.32369,13,1440,1.65508,7.50448,7.73984,4.51728,4.9576,5.17104,7.3397,6.76274,7.17597,194.481,133.653,7.04133,4.20194,3.5379,7.3175,13,1440,6.10483,6.53194
2024-04-23,-0.608438,3.68772,3.3797,3.01911,2.53783,2.72703,3.49651,3.512,3.65271,15.7807,23.5611,3.29001,1.63801,1.7417,3.21462,12,1440,0.600034,5.21109,4.42478,3.9572,4.29333,4.2551,4.84461,4.35815,5.33205,29.7395,29.4946,4.13391,2.03315,2.39164,4.74773,12,1440,3.72895,3.36046
2024-04-24,-3.25102,6.44693,6.51982,5.53201,5.29919,5.99075,6.40052,6.66122,6.25197,82.8935,88.1289,6.68006,3.78271,2.73711,6.1454,12,1440,-2.47361,8.10718,8.47972,7.63799,6.94305,8.44222,8.81635,7.83265,8.30299,154.312,81.9948,6.98689,4.9937,3.48602,8.57777,12,1440,6.26984,6.4581
2024-04-25,0.324177,6.88677,6.05552,5.34542,5.33518,4.46356,6.54304,5.9824,6.95926,48.0185,43.142,5.76024,3.09741,2.95811,6.08717,13,1440,0.476449,9.40269,7.49422,7.31433,9.1164,7.48466,8.84627,7.49966,9.22587,64.4077,78.502,7.8093,3.9539,3.54032,8.49822,12,1440,6.95143,5.81613
2024-04-26,-1.13565,4.81958,4.5906,4.10103,4.45505,3.61526,4.62862,4.04838,4.61833,42.0907,20.9379,3.86674,2.57332,2.01728,4.30167,12,1440,-0.779378,5.95398,6.29005,5.30599,5.18067,4.09998,5.94337,5.1746,5.95781,81.1456,31.6659,4.82381,3.54218,2.74787,5.56801,12,1440,4.68874,4.89554
2024-04-27,-0.484203,4.5319,4.56025,4.34874,4.21347,3.83915,4.37798,3.87045,4.36101,61.3214,21.7802,3.69202,2.72689,1.83336,4.23222,13,1440,3.89161,7.81866,8.29565,8.91867,11.0533,13.4634,7.85771,6.43645,7.58546,245.768,71.342,7.13729,3.56936,4.72629,7.98955,12,1440,4.95426,5.11064
2024-04-28,-0.542517,2.66018,2.39568,2.15397,2.21732,1.7922,2.37718,2.12702,2.51146,12.086,6.8107,1.84247,1.2601,1.13557,2.2077,13,1440,0.242061,6.17613,4.97135,3.78007,4.36003,5.11514,5.20065,4.25952,5.91371,61.821,22.517,4.18639,2.12264,2.8487,4.63967,14,1440,3.21207,2.69541
2024-04-29,1.17713,6.1005,5.42201,4.98682,5.9588,6.87849,5.13388,5.36891,5.48183,53.4797,43.2728,5.05269,2.58656,2.83545,4.73365,13,1440,-1.44196,9.86909,8.71938,8.08977,9.55345,13.0516,8.36354,8.78743,9.24521,105.912,78.3826,8.33277,4.97773,3.74165,7.65117,13,1440,6.75968,6.05849
2024-04-30,-5.13048,13.09,11.2536,11.8866,11.8078,16.3047,11.3261,11.6662,13.125,230.064,310.448,11.3329,6.69607,4.55753,11.2413,13,1440,-6.50806,19.6938,17.1719,16.459,18.8908,24.2493,17.8635,16.0826,19.7919,661.334,527.368,13.6066,10.482,6.68991,17.3254,13,1440,14.2177,12.4255
2024-05-01,-3.87664,22.5528,21.7522,20.4398,26.66,38.742,21.8252,19.1888,21.9126,1539.32,466.392,18.2149,12.2182,9.53396,22.0378,12,1440,-1.38948,22.2797,22.288,21.3519,18.7679,26.2022,21.8387,18.6652,21.3953,1567.07,525.921,17.4745,11.8335,10.4545,21.6753,12,1440,19.9571,19.8023
2024-05-02,1.18483,10.1259,9.65745,7.38854,6.68427,8.07701,9.57455,9.73918,10.4697,137.644,151.502,9.53091,4.51538,5.14207,8.96603,12,1440,0.460843,10.8505,9.38356,7.65469,7.89477,7.2578,9.94443,8.61876,11.0555,185.359,105.262,8.17884,4.6876,4.69596,9.78302,12,1440,9.21733,8.35753
2024-05-03,6.26959,9.50825,9.17292,11.1644,13.2005,11.7592,8.85874,6.85304,8.79195,678.918,75.6863,6.33801,2.33734,6.83558,9.67497,11,1440,3.82454,7.67273,6.31769,8.09079,8.48289,8.30378,6.67511,5.28291,7.28322,241.508,51.6898,4.92601,1.92887,4.38882,7.43111,12,1440,7.36863,6.59405
2024-05-04,1.59347,6.1333,5.71937,7.11579,7.82799,7.20492,5.23276,5.36818,5.50158,123.221,87.9458,5.13764,2.77117,2.9482,5.09124,12,1440,0.470109,5.38157,4.50847,5.31836,6.72121,7.28924,4.56813,4.40294,5.1273,53.2837,38.2822,4.01324,2.38948,2.11899,4.56135,11,1440,4.92378,4.36447
2024-05-05,0.187578,4.57787,3.75937,3.35092,2.86974,2.18765,4.11753,3.23654,4.4276,27.982,18.1982,2.90196,1.809,1.95037,3.86356,14,1440,0.613405,5.87653,5.70157,4.88478,4.45039,4.08279,5.78803,5.15552,5.51947,90.7103,77.3232,4.89617,2.6416,3.05997,5.84175,13,1440,4.22686,3.6458
2024-05-06,-1.33172,7.5652,6.46172,8.84943,8.26142,8.45112,7.26283,6.04552,7.10859,89.0288,77.845,6.14893,3.57883,2.88289,7.36694,12,1440,-2.38146,8.89838,7.04594,9.64657,8.69685,9.96029,8.14048,7.30381,8.81177,84.6784,108.913,7.15006,4.16554,2.8804,8.49293,12,1440,7.14554,5.93961
2024-05-07,-1.35981,6.19273,6.2225,6.46847,7.51124,6.76857,6.12445,5.88457,6.11733,103.229,58.4753,4.9233,3.54497,2.67753,6.30903,11,1440,-1.87571,7.93153,8.03742,9.04452,9.85879,9.47137,7.90504,7.90706,7.91201,175.758,105.71,7.21595,4.66998,3.36744,8.40869,11,1440,6.02357,6.50885
2024-05-08,-1.8122,7.28064,5.86723,5.89881,5.01101,3.21134,6.05638,5.58722,6.9197,57.9785,40.9365,5.30975,3.12577,2.74146,5.96866,14,1440,-1.05287,9.63986,8.68429,9.16695,7.8708,6.25205,8.59266,8.32453,9.20742,278.628,93.5982,7.91471,5.08222,3.60206,9.27833,13,1440,7.33068,6.12046
2024-05-09,3.02755,5.10046,4.77614,4.88702,6.07949,5.83633,5.27821,4.53761,4.88706,38.2007,34.2301,4.19998,2.11667,2.65948,5.38482,12,1440,2.06382,4.80712,4.6035,4.75426,4.93088,5.25231,5.01558,4.37235,4.6382,37.341,28.1829,3.97506,2.13843,2.46507,5.1053,12,1440,4.23118,4.14671
2024-05-10,-3.67192,7.39044,6.12488,6.54623,8.30682,12.8285,7.03885,6.20305,7.0021,75.6057,69.5069,5.99506,4.02115,2.10373,7.21202,12,1440,-4.2467,7.18924,5.18456,5.11927,7.03089,11.0136,6.41702,5.07965,6.88013,68.2409,37.4211,5.30315,3.41627,1.76829,5.95167,13,1440,6.45533,5.00469
2024-05-11,0.042754,2.19477,1.78641,1.6612,1.36723,1.13806,2.0178,1.86724,2.10328,5.61347,10.2345,1.91631,0.815923,0.970482,2.02404,11,1440,0.0845007,3.84505,2.97805,2.48953,2.04104,1.56249,3.27365,3.17677,3.60587,21.1695,31.0604,2.97705,1.29989,1.67816,3.1825,11,1440,2.49821,1.99634
2024-05-12,1.07597,1.98934,1.85349,1.48762,1.77193,1.14898,1.98733,1.51367,1.81786,9.01739,3.12415,1.50381,0.835935,1.01756,1.96192,13,1440,0.576542,2.35549,1.91103,1.55047,1.92494,1.57712,2.08197,1.65056,2.05283,5.54803,3.97106,1.7459,0.874891,1.03614,1.96789,13,1440,1.77616,1.63222
2024-05-13,2.34063,6.11469,5.67443,4.86765,5.74611,5.79527,5.3526,5.07117,6.02205,137.535,34.5501,4.93942,2.15107,3.52336,5.27479,13,1440,0.738063,7.71494,7.42732,6.67834,7.38928,9.06462,6.74897,7.03689,7.49648,114.959,79.233,6.83761,3.61229,3.81504,6.4903,12,1440,5.66055,5.46948
2024-05-14,-2.18868,6.50553,6.53312,6.04796,6.42251,2.28613,6.4421,6.15676,5.95105,236.982,138.901,5.36509,3.56819,2.96493,6.98291,11,1440,-2.36805,6.93635,6.64984,6.34476,6.35219,2.14043,7.12401,6.90801,6.50821,170.106,147.719,5.89717,3.80609,2.84375,7.46618,11,1440,5.723,5.93823
2024-05-15,7.24823,9.91915,9.89262,8.54757,7.70618,7.86362,10.5166,7.60792,8.89702,972.961,100.733,7.12986,2.83521,7.05742,9.81984,13,1440,5.09436,8.52535,8.37983,7.32744,7.51174,6.63874,8.88452,6.6582,7.30331,637.981,86.7485,5.97045,2.41597,5.96386,8.4519,13,1440,7.92456,7.90135
2024-05-16,-1.47793,4.72176,4.46416,4.92987,4.27417,4.13433,4.67706,4.42242,4.23465,25.4952,28.1428,4.421,2.51281,1.95135,4.49994,13,1440,-2.93969,4.58159,3.76638,3.53305,4.19653,4.13112,3.87749,3.63448,4.5172,21.1546,22.1314,3.79102,2.36138,1.405,3.32849,14,1440,3.57242,3.14566
2024-05-17,2.70514,4.0474,4.6643,4.69903,4.3762,4.70861,3.90064,4.34638,3.82671,40.0713,31.7273,4.51665,1.94699,2.71731,3.76191,12,1440,4.88144,5.90224,6.95374,8.30208,11.0641,10.1457,6.18189,5.91649,6.06423,179.698,71.5329,5.32769,2.15303,4.80071,6.7189,11,1440,3.43196,3.87667
2024-05-18,-0.162462,1.72549,1.67965,1.47679,1.37437,0.411716,1.67134,1.48076,1.48011,8.12377,3.46088,1.24434,0.873616,0.80603,1.47287,15,1440,0.99535,3.11809,2.87121,2.67429,2.4321,1.67358,2.83101,2.44306,2.98048,14.112,7.3195,2.26564,1.2792,1.59201,2.51525,14,1440,1.54893,1.42921
2024-05-19,-0.962833,2.65828,2.68352,2.57566,2.12662,2.15331,2.63358,2.21536,2.53511,17.7485,5.10715,1.98034,1.60966,1.07385,2.68048,12,1440,-1.67098,3.38237,3.31667,3.44168,3.19619,2.06142,3.27328,2.74294,3.2461,23.0766,7.51423,2.41437,2.08061,1.23606,3.22518,13,1440,2.35303,2.48568
2024-05-20,7.51528,7.74702,8.67785,10.2553,13.6066,15.4272,9.08402,7.75528,8.01529,252.46,230.529,7.36892,2.2177,6.46015,9.64688,10,1440,17.5884,31.7815,42.6179,60.7868,69.1571,106.576,47.3952,36.3616,32.9236,38501.3,11716.5,28.6622,4.65011,37.9678,52.6297,8,1440,9.25143,10.7866
2024-05-21,-1.83385,6.59522,5.25221,4.68576,4.22012,4.38206,6.13145,4.7327,6.29504,53.2753,25.225,4.72966,3.06883,2.18338,5.29827,13,1440,3.43111,20.6838,18.2602,17.1781,14.5932,12.3361,19.0648,17.0622,20.4642,614.265,379.977,18.1213,8.67225,9.58795,18.2002,14,1440,7.68376,6.62717
2024-05-22,-1.40938,5.63594,3.99523,4.43406,3.18172,2.96849,4.36353,3.7562,4.98546,24.698,16.685,3.79933,2.07071,1.92452,4.21006,14,1440,-1.3782,14.4367,9.66234,11.152,9.64869,9.39963,11.3664,9.97289,12.7753,113.271,134.936,10.0877,4.71855,4.94379,10.9832,14,1440,6.81588,4.95766
2024-05-23,-1.74571,9.99293,8.54522,8.21846,9.01305,7.61808,8.38337,8.20346,9.15906,250.345,199.284,7.67633,4.81512,3.73009,8.61872,14,1440,1.22001,70.4842,34.8107,43.606,31.6158,23.8484,45.3199,28.2288,55.7757,5949.26,1639.62,27.5673,18.1211,16.6896,42.8084,16,1440,20.5586,13.5497
2024-05-24,0.850198,4.03775,4.04187,5.12738,4.96901,4.44851,4.19317,4.07696,3.98254,24.1286,24.3628,3.9112,1.88098,2.16089,4.33946,11,1440,-1.47316,11.3455,10.4267,14.5282,13.2285,11.7512,10.4931,10.1388,10.6544,137.158,141.247,10.1877,5.06966,5.35705,11.106,11,1440,4.96368,4.68074
2024-05-25,1.07456,1.16664,1.12746,1.18971,1.57845,0.812203,1.23725,1.17302,1.00314,2.16505,1.99889,1.07217,0.511566,0.615899,1.24968,12,1440,0.561149,3.03625,2.93697,2.56705,2.71099,2.62068,2.89916,2.80207,2.93793,12.2259,9.6209,2.64957,1.47293,1.46404,2.68972,13,1440,1.15333,1.17834
2024-05-26,-1.13631,1.38134,1.41829,1.37658,1.26994,1.29977,1.5063,1.16948,1.21271,9.52093,2.63665,0.997774,0.870299,0.547992,1.63283,12,1440,2.03842,5.18559,5.50621,6.68637,6.50267,7.0241,5.45857,4.86294,5.28664,57.0122,33.5682,4.61603,2.24548,3.26073,5.73267,11,1440,1.78187,2.11308
2024-05-27,1.34659,3.46073,4.26212,3.97767,4.31837,5.13715,3.93445,3.40587,3.29922,91.158,19.0515,2.99151,2.19443,2.06769,4.00838,11,1440,1.75507,7.66041,7.81358,7.69247,8.79081,5.60613,7.59073,6.85238,7.65508,154.954,84.2193,5.8552,3.53727,4.27631,7.56575,12,1440,3.66625,4.39991
2024-05-28,-1.50624,6.07939,6.81237,6.89086,5.89404,6.0223,6.84853,5.94136,6.10134,134.893,52.8784,5.41588,4.12524,2.68714,7.20194,11,1440,-1.28004,8.57557,8.95434,9.27139,8.30835,6.24668,9.18789,7.84341,8.22762,265.224,69.7119,7.79106,5.38334,3.571,9.62288,11,1440,5.81873,6.72272
2024-05-29,-1.09662,3.88591,3.96258,3.56596,2.62867,1.82559,3.60367,3.88603,3.74492,30.4328,21.9695,3.62018,2.1051,1.85748,3.27053,15,1440,-2.02999,7.54361,7.52752,6.03067,4.57426,3.41042,6.92758,7.35474,7.26908,112.708,97.8173,7.01201,4.28525,3.24228,6.6566,14,1440,4.34488,4.55086
2024-05-30,1.02902,4.31987,4.44096,4.46913,3.48149,3.70853,4.33983,4.1419,4.05776,36.7337,26.6779,3.74393,2.24138,2.19958,4.38356,12,1440,-0.519472,6.85765,5.96151,6.16348,5.63174,6.72434,6.21689,5.19994,6.84181,82.4385,29.3182,4.86146,3.43446,2.52705,6.23217,12,1440,4.34806,4.355
2024-05-31,-1.19531,4.09933,4.04721,3.85329,2.85481,2.57692,3.81698,3.53702,3.99701,57.6685,18.9273,3.15502,2.4307,1.61651,3.70845,13,1440,0.382946,6.65717,5.00058,5.71863,4.46195,4.54898,5.11871,4.91571,6.31214,51.8324,40.1315,4.79865,2.60984,2.39074,4.8361,14,1440,4.20168,3.63957
2024-06-01,0.335297,0.609666,0.605693,0.426946,0.30623,0.229104,0.630559,0.591011,0.485082,0.449574,0.358448,0.57055,0.290461,0.315231,0.543032,14,1440,1.41278,1.64039,1.52678,1.41739,1.32185,1.21561,1.63975,1.62084,1.50628,2.65635,3.36089,1.59369,0.64806,0.878724,1.55817,13,1440,0.622159,0.670038
2024-06-02,-0.00180031,1.58677,1.9067,1.69436,1.88902,2.08409,1.72585,1.73878,1.46032,13.1362,3.80284,1.84141,0.992265,0.91444,1.89771,11,1440,-0.919086,2.28921,2.57831,1.88724,2.30425,2.526,2.38508,2.40961,2.09714,13.3539,5.11716,2.5979,1.46379,1.11452,2.38337,12,1440,1.29967,1.77969
2024-06-03,1.52925,4.66171,5.22938,5.32269,6.33002,6.9479,5.08344,4.90365,4.80465,49.7339,34.9551,4.72554,2.40041,2.82897,5.03005,11,1440,-0.366987,4.14907,4.0766,3.76738,4.62348,5.39313,4.16212,3.96242,4.16568,26.6483,18.6543,3.75676,2.07595,2.00065,3.9394,12,1440,3.58769,3.98048
2024-06-04,2.48017,4.23719,4.26633,2.76535,3.24279,3.10138,3.90224,4.09455,3.96971,32.6703,25.7471,4.252,1.70885,2.55748,3.53995,11,1440,1.13947,4.0025,3.96478,2.26106,1.9125,1.85912,3.70077,3.91318,3.63829,37.7187,20.05,3.45115,1.83768,2.1271,3.21638,12,1440,3.28669,3.35767
2024-06-05,0.805054,4.10485,3.75602,4.31114,3.45224,2.79583,3.92832,3.44357,3.97101,22.182,15.1175,3.79512,1.72921,2.02681,3.75007,13,1440,1.45282,3.59416,3.60414,3.86789,3.672,4.17718,3.52277,3.21757,3.50671,25.6592,11.6015,3.5779,1.58885,2.01529,3.70528,12,1440,2.77189,2.41229
2024-06-06,-0.435412,2.5267,2.34138,2.13016,1.75728,1.73186,2.33603,2.16227,2.32592,8.2554,5.89982,2.287,1.26546,1.07592,2.05542,15,1440,-1.36809,3.17881,2.62009,2.20562,1.8818,1.97354,2.62481,2.33758,2.76355,14.9271,7.21721,2.46768,1.59609,1.024,2.22127,15,1440,2.20922,1.95478
2024-06-07,-2.05988,5.93521,7.89268,7.2144,4.98789,4.85151,5.47755,7.30943,4.93943,612.649,425.889,6.48509,5.78224,2.11044,5.70271,11,1440,-3.60808,10.2397,18.7742,14.1617,6.60543,5.90046,10.4909,19.8736,9.21163,8997.14,7969.56,13.1923,14.1271,4.64711,11.485,12,1440,6.22727,10.0382
2024-06-08,-0.0651061,0.545785,0.505764,0.443594,0.557385,0.286593,0.472235,0.524656,0.449376,0.298752,0.384908,0.528885,0.276677,0.229087,0.411873,13,1440,0.0883165,1.31644,1.2035,1.11141,1.32062,1.05146,1.22691,1.2294,1.21236,1.52123,1.69684,1.27965,0.596906,0.606592,1.11869,13,1440,0.550438,0.579341
2024-06-09,0.486016,0.744004,0.618479,0.622986,0.686924,0.551224,0.660364,0.53169,0.623059,1.08995,0.504959,0.493818,0.311335,0.307144,0.660932,13,1440,0.672176,1.23439,0.889144,0.765822,0.755353,0.837092,0.956036,0.844422,1.06187,1.41439,1.26803,0.825971,0.377853,0.51129,0.888144,13,1440,0.705326,0.566853
2024-06-10,-0.155387,1.66714,1.60045,1.48055,1.35997,1.13547,1.74289,1.50239,1.45663,3.82115,2.95303,1.483,0.803819,0.79663,1.68846,13,1440,-1.04554,2.10478,2.30233,2.37357,2.22998,2.00439,2.17941,2.33292,1.93572,8.16319,10.6723,2.31643,1.20097,1.10136,2.17541,12,1440,1.50912,1.61173
2024-06-11,-3.25303,7.42749,6.73629,7.04154,6.24751,4.38815,6.3834,6.02603,6.53231,129.123,41.9889,5.21307,4.22882,2.50747,6.35766,13,1440,-4.76058,14.6518,10.0938,12.4907,11.7454,7.69619,10.1129,8.909,12.8227,456.036,188.94,7.34153,6.5711,3.52274,9.88109,14,1440,8.62726,6.98374
2024-06-12,1.40106,9.18791,10.0157,10.1024,10.4423,13.8815,9.42028,6.21294,8.10837,1342.88,91.3703,5.59134,3.8714,6.14434,10.3236,11,1440,1.77944,10.5273,11.4733,12.9997,12.3056,15.4649,10.8181,8.95211,9.67847,1486.15,175.671,7.47805,4.37656,7.09675,12.1379,12,1440,8.7757,9.70029
2024-06-13,-2.20834,5.17184,4.90728,4.81045,4.58787,4.26075,5.02426,5.32109,5.02657,35.0407,50.4205,5.24583,2.82345,2.08384,5.19117,11,1440,-2.58126,6.88672,6.67905,7.29258,7.34887,6.57697,6.82192,6.82689,6.29573,83.9219,67.6104,6.892,3.57147,3.10758,7.15977,12,1440,4.98313,5.04244
2024-06-14,-1.09779,5.53152,5.10819,4.69034,6.17905,5.05794,4.67983,4.3461,5.37805,90.7548,25.9904,4.3816,3.12366,1.98452,4.91683,12,1440,0.356773,9.44328,10.4913,11.4583,12.7183,12.8882,9.26329,9.50376,9.14327,504.232,397.202,8.89747,5.65954,4.83171,10.2547,11,1440,6.05534,6.34231
2024-06-15,0.278607,0.764881,0.770505,0.598975,0.502056,0.388764,0.801431,0.720291,0.630029,1.11208,0.562805,0.755876,0.404411,0.366095,0.820588,11,1440,2.46632,3.77645,3.79389,3.56432,2.18816,2.28296,3.74696,4.06639,3.56566,19.2949,20.1868,4.04991,1.58206,2.21182,3.77386,11,1440,1.23374,1.29033
2024-06-16,0.675101,0.99768,1.08575,0.859711,0.796449,0.891364,1.10249,1.08178,0.771922,4.81539,6.29709,1.18173,0.458724,0.627027,1.12312,13,1440,1.54789,3.43018,3.93444,4.34638,3.0419,2.68841,3.93941,3.59164,3.16968,150.032,22.8179,3.23491,1.33322,2.60122,4.18443,11,1440,1.39995,1.58464
2024-06-17,-0.259106,4.57041,5.7832,5.22005,4.73616,4.71934,5.39613,5.36962,4.47654,77.2382,38.4434,5.37997,2.97269,2.81051,5.76607,11,1440,-3.16596,8.078,9.09029,8.59064,7.47221,6.87169,9.33868,7.77215,8.25401,182.768,103.623,7.89402,5.48031,3.60998,9.92483,11,1440,5.01201,6.36753
2024-06-18,-2.01862,9.3304,9.57977,7.50461,4.79003,4.3278,9.14098,9.21056,9.28474,388.819,179.738,8.20092,5.95515,3.62462,8.84496,14,1440,-0.801734,14.4945,16.3139,12.5946,9.31728,8.53773,14.7824,14.9712,13.3966,2148.98,471.624,12.6984,10.111,6.20292,13.7426,14,1440,9.98507,11.1741
2024-06-19,-0.308799,2.66321,2.50611,2.60344,2.72372,1.25177,2.74684,2.69174,2.37952,10.0627,13.4963,2.43845,1.30089,1.20523,2.61657,12,1440,2.18892,5.86979,5.46505,6.11005,6.30042,4.45009,5.96553,5.46386,5.7185,50.8298,40.5407,5.35609,2.29191,3.17314,6.06261,11,1440,3.01155,2.89424
2024-06-20,-0.160777,3.39458,3.82496,3.26444,3.18952,3.14075,3.59943,3.55623,3.35472,30.7712,16.8687,3.73417,1.69869,2.12627,3.7095,12,1440,-1.34106,6.40223,6.84484,5.37047,4.92487,5.18942,6.53478,6.00003,6.36362,94.1285,46.6477,5.65344,3.72791,3.11693,6.28898,13,1440,3.81678,4.35443
2024-06-21,-1.12614,4.43543,4.39681,4.52441,4.13039,4.54722,4.90897,4.53911,3.92659,27.1745,28.4923,4.47016,2.39901,1.99779,4.70883,12,1440,0.154162,8.05025,7.2716,7.44264,8.02,9.53208,8.21254,7.24172,7.46828,76.4602,70.4363,6.91232,3.92749,3.34411,7.99996,12,1440,5.01621,4.82512
2024-06-22,0.184494,0.471602,0.515676,0.440998,0.29173,0.2994,0.544355,0.473292,0.364348,0.467673,0.411442,0.45801,0.265944,0.249732,0.480287,12,1440,-0.648682,1.45915,1.36153,1.0251,0.828213,0.866922,1.29879,1.34492,1.37286,2.32557,2.58737,1.32751,0.745745,0.615787,1.14381,13,1440,0.490391,0.585563
2024-06-23,-1.6506,0.8758,1.18759,0.890011,0.968492,1.42739,0.985181,1.03887,0.777708,7.3437,2.43062,0.930197,0.818913,0.36868,0.977862,11,1440,-2.16413,2.37954,2.60822,2.28537,2.16115,2.53951,2.28885,1.85869,2.34932,85.402,9.76101,1.74368,1.94549,0.662736,2.28561,11,1440,1.04869,1.46212
2024-06-24,-4.72417,11.7841,10.5299,11.6029,11.0994,13.537,11.8174,8.34675,10.7677,524.045,114.565,7.3893,6.73033,3.79958,11.2585,11,1440,-2.01317,15.805,14.4634,15.8829,9.43993,12.1013,15.5156,11.4542,13.8782,1713.31,191.46,10.0674,8.94076,5.52264,15.2676,12,1440,11.8704,10.6428
2024-06-25,2.47796,5.62339,7.06012,7.82382,7.98736,6.43803,6.31797,5.75731,5.24559,145.245,56.4589,4.90263,2.59074,4.46938,6.39154,12,1440,1.25023,5.18891,5.58124,5.29113,6.00837,5.58538,5.28081,4.79997,4.87923,97.0178,37.8339,3.93878,2.03886,3.54238,5.21633,12,1440,4.46221,5.43915
2024-06-26,-1.53425,3.54395,3.82694,3.45801,1.95602,1.80842,3.99419,3.77633,3.36088,23.2713,18.2496,3.43937,1.96723,1.85971,3.74758,12,1440,-0.69373,4.21842,4.31675,4.6991,4.10802,4.57742,4.39163,4.07595,3.7639,37.5013,24.0745,3.76796,2.22854,2.0882,4.40019,12,1440,3.18931,3.52752
2024-06-27,1.37307,3.26297,3.42781,3.10887,2.96087,2.96698,3.38429,3.56058,3.11705,16.9561,18.5515,3.55908,1.64791,1.7799,3.15297,13,1440,2.31618,3.57862,3.93217,2.86519,2.69273,2.68753,3.46055,3.8213,3.38069,54.2352,24.8005,3.52738,1.59894,2.33323,2.98242,15,1440,2.74343,2.92578
2024-06-28,-2.09389,3.83379,3.90039,3.38749,3.26451,3.73177,3.58313,3.79019,3.89108,30.9595,27.0306,3.71669,2.38566,1.51473,3.4415,12,1440,-2.05817,4.47968,4.96849,4.56854,4.2018,5.2149,4.69781,5.64524,4.2527,40.8579,61.8863,5.69055,2.79119,2.1773,4.68386,12,1440,3.3977,3.57802
2024-06-29,0.920555,1.03831,1.10769,0.859383,0.72425,0.697039,1.02097,1.06445,0.923124,2.29495,1.31792,1.10933,0.439104,0.668584,0.959322,13,1440,-0.039947,1.02554,1.09417,0.855595,0.684486,0.72357,1.01899,1.07904,0.922756,2.09444,1.43168,1.02009,0.57968,0.514492,0.964248,12,1440,0.763411,0.863661
2024-06-30,2.88538,2.41788,3.19997,4.50387,4.90705,3.95426,3.06179,2.91814,2.24126,94.4972,45.9995,2.27444,0.955134,2.24484,3.32902,10,1440,1.74158,2.20478,2.63147,3.13124,3.36256,2.88915,2.43302,2.06837,2.20819,74.9298,9.52474,1.65388,0.77882,1.85265,2.57568,11,1440,1.86265,2.50026
2024-07-01,0.203673,3.57165,3.32944,3.49375,2.92866,3.95482,3.3072,3.37831,3.4998,26.8193,30.2532,3.33322,1.50925,1.82019,3.2431,13,1440,0.117436,3.45369,4.00187,4.38401,5.07031,6.75932,3.72306,3.21741,3.42467,106.805,17.2031,2.89917,1.94944,2.05243,4.00172,11,1440,2.84277,2.85761
2024-07-02,-1.2229,2.65511,2.21688,2.17942,1.63186,2.12071,2.38211,2.329,2.53058,9.64485,9.3772,2.07264,1.30559,0.911294,2.17993,14,1440,-0.607559,2.17237,1.93117,2.07583,1.24666,1.43001,1.98204,1.84844,1.99264,9.27815,7.04265,1.66413,1.11393,0.81724,1.86498,14,1440,2.00453,1.74239
2024-07-03,-3.15021,5.3505,5.0559,4.937,5.69704,5.9265,5.3216,4.51863,5.0758,61.0233,30.798,4.29131,3.1704,1.8855,5.31465,12,1440,-3.74834,6.99124,5.72402,6.16428,6.51383,7.15646,6.00393,5.43354,6.47546,67.395,42.8725,5.22954,3.71285,2.01117,5.95199,13,1440,5.11161,4.59182
2024-07-04,-5.38866,16.4434,11.6317,14.366,18.3596,18.7745,13.463,11.7519,15.859,232.237,288.814,11.4698,7.00075,4.63098,14.2978,12,1440,-7.4235,19.692,11.5947,13.8407,17.0006,18.6841,13.6136,11.0856,20.0968,224.028,219.669,11.2776,6.84876,4.74598,13.65,13,1440,16.0033,10.0935
2024-07-05,-0.741074,21.6195,24.2979,19.299,19.9316,24.7547,21.6422,21.9739,22.1501,3284.19,1015.72,18.7592,14.8698,9.42803,21.9806,11,1440,-2.57964,37.5445,39.1135,37.7819,39.0199,49.6199,35.184,32.0946,36.694,12783.7,2394.31,26.933,25.8449,13.2686,37.4492,11,1440,23.6906,26.4737
2024-07-06,2.78854,4.2819,4.0486,4.52647,3.70227,3.25353,4.32289,3.62424,4.33599,32.6809,17.6115,3.60578,1.32647,2.72213,4.41245,12,1440,2.8124,5.47501,5.55825,6.55787,3.60169,3.57325,5.94082,5.63182,5.58059,59.4017,50.5107,6.01119,2.14698,3.41127,6.27616,11,1440,3.99648,3.98938
2024-07-07,-4.15936,5.26246,5.01576,5.80023,8.38192,5.64636,5.24758,4.94236,5.13343,44.1179,42.0056,5.07835,3.2193,1.79646,5.62467,11,1440,-4.53008,6.36774,6.04547,7.05897,9.0643,6.90553,6.30564,5.94618,5.99798,65.632,61.9861,5.53521,3.94755,2.09792,6.5428,11,1440,4.94285,4.8744
2024-07-08,1.52227,20.7378,20.3189,24.0302,24.7775,22.5447,21.9117,18.1454,22.4593,2502.1,924.283,15.2881,11.1031,9.21577,23.0917,12,1440,2.95853,30.6212,31.5029,31.9294,35.4319,33.8691,32.9357,32.6419,31.5056,3449.5,5617.44,28.8173,16.8233,14.6796,35.4942,12,1440,22.6559,22.6731
2024-07-09,2.32727,8.85682,8.0018,8.15763,5.59477,4.62809,8.8404,7.04787,8.17626,198.546,99.612,6.6908,3.32654,4.67526,7.93536,14,1440,1.56568,11.7493,10.7398,11.2096,6.91334,5.54119,10.8306,10.5162,11.028,291.638,152.145,10.3065,4.47132,6.26851,9.6127,14,1440,8.92375,8.18439
2024-07-10,-0.559963,7.68071,6.40054,6.87443,7.12933,7.99626,6.75802,5.92054,7.44897,103.203,48.1152,5.56102,3.35881,3.04172,6.24253,13,1440,1.1155,8.78847,6.87695,7.17459,6.44307,5.68279,7.45357,6.62211,8.60739,95.8742,72.39,6.5409,3.18292,3.69403,6.79553,15,1440,7.13381,5.59499
2024-07-11,-0.670854,9.13471,9.42266,5.98051,7.49174,6.36395,9.33627,8.89528,8.73323,224.064,198.7,7.85892,5.34116,4.08151,9.00265,12,1440,-0.0477372,10.7795,11.7564,7.54038,9.06864,7.93989,10.2414,9.86327,10.0472,637.122,161.065,8.7854,5.85904,5.89731,9.63255,12,1440,8.69963,9.39337
2024-07-12,0.953257,6.02286,5.75714,5.78766,5.83784,5.13274,5.93941,6.20295,5.85628,48.5486,48.1014,5.76623,2.96785,2.78929,5.79841,13,1440,1.10085,7.55849,7.32272,7.29623,7.11068,5.45412,7.36832,7.18301,7.36702,126.247,58.8636,6.29589,3.82413,3.49859,7.25849,13,1440,5.87109,5.73207
2024-07-13,2.24603,3.74153,3.35204,4.36741,5.53131,4.74917,3.5996,3.12467,3.32628,51.5451,31.9005,2.69671,1.08322,2.26882,3.6403,11,1440,1.33286,3.78655,2.80752,3.21875,3.84343,3.09373,3.24742,2.39076,3.47935,27.5523,16.632,2.03824,1.15997,1.64755,3.06451,13,1440,3.12879,2.46307
2024-07-14,2.6566,4.88733,5.5556,5.12259,6.57675,8.56546,5.31973,4.75863,4.40188,96.5176,34.8855,3.99796,2.09711,3.45849,5.436,11,1440,2.15395,3.85892,4.22864,3.47596,4.01124,4.76285,3.92454,3.86309,3.52017,48.2532,19.2074,3.57315,1.69812,2.53052,3.98457,12,1440,3.52045,4.06273
2024-07-15,6.25788,8.50729,8.24765,6.60691,6.08679,8.21844,7.75911,7.88662,8.16039,201.333,90.299,7.00302,3.06538,5.18226,7.31411,12,1440,7.0866,10.6973,10.4426,6.66519,6.52761,8.83035,10.1601,10.7717,10.2906,304.961,348.91,10.7488,3.30638,7.13622,9.21043,13,1440,7.73611,7.40568
2024-07-16,0.492957,10.0259,10.3824,8.37486,10.4012,9.47474,9.73238,9.98315,9.60051,180.618,133.524,10.1717,5.90108,4.48136,9.30985,12,1440,-1.13346,9.96271,10.5978,8.29319,8.96011,8.85029,9.96247,10.2329,9.45302,181.611,156.616,10.1587,6.23113,4.36668,9.4376,13,1440,8.60645,9.41892
2024-07-17,-1.48068,7.10875,6.94389,5.33887,4.0298,3.05751,6.86726,6.95994,6.84937,66.2146,58.0914,6.51909,3.76643,3.17746,6.67759,12,1440,-1.6712,7.36281,8.13579,6.7885,5.76415,4.02477,7.90304,8.02302,7.28157,88.9989,93.3263,7.92648,4.38379,3.752,8.12658,11,1440,6.02331,6.67901
2024-07-18,-0.156267,4.8104,5.07036,3.81612,2.87485,4.04418,4.91493,5.36337,4.6011,31.0504,43.9462,5.49598,2.64329,2.42706,4.78874,13,1440,1.158,6.00513,6.37798,4.96238,4.96386,6.64762,6.01794,6.52782,5.49455,68.5842,51.635,6.57879,3.20853,3.16945,5.43178,13,1440,4.57809,4.9214
2024-07-19,4.09108,5.9889,6.36248,6.15084,7.96954,6.01114,6.66918,6.44755,5.72704,88.9162,61.136,5.79146,2.23931,4.12317,6.67215,11,1440,2.22317,7.23526,7.38711,6.47058,7.38763,6.12362,7.5502,7.16092,6.74636,106.499,74.3836,6.22931,3.2774,4.10971,6.74578,12,1440,5.34172,5.68679
2024-07-20,0.717432,2.99634,2.79643,2.07401,1.39316,1.57831,3.06231,2.62989,2.40856,20.4031,15.1032,2.426,1.32456,1.47187,2.86526,13,1440,0.397948,3.02766,2.66594,2.22549,1.42739,1.87538,2.83958,2.24799,2.45497,14.1822,6.1477,2.1687,1.20049,1.46545,2.59976,15,1440,2.48427,2.16281
2024-07-21,1.51568,5.09668,5.31447,6.3409,5.12255,5.07529,6.52259,5.50308,4.58025,74.8459,82.1951,4.95649,2.59039,2.72408,6.73369,11,1440,0.522301,5.47142,5.475,6.63817,4.61886,4.43541,6.81165,5.47592,5.21471,90.8726,63.7079,5.29883,2.85339,2.62161,7.30666,12,1440,4.35226,4.7793
2024-07-22,-0.933452,4.90576,3.97231,3.67937,3.68924,4.65111,4.61797,4.10853,4.35849,21.8456,21.3914,4.17522,2.14638,1.82593,4.48036,12,1440,-2.76183,6.03317,4.69448,4.13493,3.49124,4.32858,5.44261,5.26964,5.61396,28.0194,32.0183,5.18498,2.7191,1.97538,5.03223,14,1440,4.60476,3.75733
2024-07-23,-2.3917,7.06173,5.50709,5.49978,7.06658,7.7499,6.36319,5.15805,7.00526,57.8707,33.9513,4.74854,3.29513,2.21195,5.82753,13,1440,1.23981,13.3212,11.0131,11.9814,16.6367,16.0669,12.2854,11.3538,12.3879,171.687,203.036,11.0756,5.81644,5.19663,12.6221,12,1440,7.60175,6.04921
2024-07-24,-0.852951,4.90339,4.46385,4.3885,5.29078,4.879,4.51228,4.201,4.70995,29.9522,22.2476,4.03349,2.39819,2.06566,4.37546,12,1440,-4.30378,7.82275,6.49186,6.08447,6.15004,4.68304,6.43045,6.06706,7.10889,147.288,79.2864,5.72987,4.18445,2.30741,5.67736,14,1440,5.03945,4.46664
2024-07-25,0.646386,7.82759,8.17418,7.70485,7.5369,7.00104,7.37047,6.87457,7.58834,544.227,75.5088,5.78568,4.81785,3.35632,7.23794,12,1440,-4.92567,18.64,19.3135,20.3217,19.2866,19.3382,16.7328,15.0125,18.8776,4685.31,311.715,12.4313,13.7415,5.57202,17.5564,12,1440,9.49314,10.6225
2024-07-26,3.15346,4.6183,4.3912,4.5486,4.7991,5.19394,4.28386,4.34599,4.14353,31.9519,27.0421,4.18023,2.01089,2.38031,4.22748,12,1440,3.074,6.39521,6.25359,5.91373,4.8224,6.07818,5.85218,6.3476,5.97856,54.2283,64.2032,6.41249,2.67278,3.5808,5.66005,13,1440,4.18254,3.87282
2024-07-27,-0.0169214,12.6285,12.6293,7.31508,8.36551,6.8627,10.7879,11.2905,12.0608,1754.12,856.438,8.90157,5.71883,6.91045,8.25827,13,1440,-0.784844,8.25923,8.76159,6.5488,6.96172,5.97381,7.81463,8.17898,8.32955,326.241,248.709,7.67504,4.25328,4.50831,6.86297,13,1440,8.55599,9.046
2024-07-28,0.519119,2.52633,2.72725,2.30312,1.85901,1.98873,2.58239,2.26167,2.35494,15.8466,6.52953,2.25939,1.42075,1.3065,2.61376,12,1440,0.648858,2.93783,3.23244,2.42107,1.88562,1.55364,2.98605,3.15339,2.58679,15.1473,13.8075,3.16796,1.69687,1.53557,3.00438,12,1440,2.22048,2.53374
2024-07-29,-2.17018,7.92632,7.32103,7.77863,7.43887,10.0367,7.48467,6.69756,7.39969,118.846,68.0871,6.09015,3.76272,3.55831,7.4991,12,1440,1.44208,8.21771,7.65543,7.75671,8.05031,9.76099,7.88068,7.70022,7.94733,94.6606,84.0915,7.80924,3.54222,4.11321,8.02367,13,1440,6.12285,5.20003
2024-07-30,-0.897469,6.54137,5.17234,5.32386,4.83708,3.11284,6.25192,5.12476,6.40396,41.7973,58.5056,5.1567,2.82964,2.3427,5.72555,16,1440,-1.16572,6.54657,5.70354,5.8603,5.67812,4.10972,6.42989,5.77938,6.68421,47.9161,75.2187,5.67907,3.16467,2.53887,6.08494,14,1440,5.56514,4.58414
2024-07-31,-2.38514,6.70731,5.34625,6.29411,6.2905,7.13646,5.68491,5.06849,6.76439,45.9175,37.1314,5.13511,3.14514,2.20112,5.66955,13,1440,-1.42725,8.54033,7.43058,8.20682,8.72592,7.61194,7.35772,6.98734,8.40649,96.0799,60.1713,6.53253,4.27919,3.15139,7.02817,13,1440,6.57444,5.50778
2024-08-01,1.11712,8.95012,7.97476,10.2428,11.1534,11.6517,8.75555,8.51906,8.97824,84.9535,152.201,9.0476,3.59953,4.37524,8.9029,12,1440,-0.911733,11.0376,9.38467,10.4273,11.0497,12.1371,9.85018,9.46079,10.8982,116.221,130.858,9.16315,5.04685,4.33782,9.23268,13,1440,8.0939,7.03994
2024-08-02,-6.08089,15.6865,12.0004,17.0148,18.5644,15.8925,13.2096,12.1386,14.7699,217.347,211.893,12.8855,7.17917,4.82126,13.9847,13,1440,-6.90698,17.34,15.1697,20.4684,20.5292,18.6644,14.3365,16.6424,17.3174,516.936,554.744,15.7346,9.46361,5.70614,15.0986,12,1440,14.4459,11.6942
2024-08-03,-1.30994,10.632,8.24628,6.03187,4.99277,5.70185,9.70354,8.18479,9.70237,154.595,158.23,8.06091,4.50018,3.7461,8.29335,16,1440,-2.91778,13.542,11.0608,10.3372,7.38712,8.12528,13.0599,12.072,12.4236,243.859,376.014,12.5285,6.381,4.67983,12.4377,14,1440,10.5299,8.30633
2024-08-04,-4.26956,9.68517,10.0635,12.3073,10.1287,14.2653,8.94745,9.63703,9.22021,424.129,161.609,9.72327,6.04281,4.02073,8.80351,12,1440,-7.68255,22.2919,24.2284,28.6896,17.7318,27.4161,20.0453,21.074,21.0269,6454.49,2007.8,20.0509,17.0441,7.18428,18.5539,13,1440,11.5879,13.3329
2024-08-05,-7.38827,121.02,131.49,121.065,131.946,101.568,129.685,134.054,109.244,39816,35297.6,115.057,61.6601,69.8296,125.104,13,1440,-10.5542,303.217,235.773,241.339,253.71,205.033,305.004,187.604,281.263,362069,60512.4,166.477,139.808,95.965,287.167,13,1440,154.892,152.087
2024-08-06,3.64123,22.0617,21.872,21.5249,22.013,24.0613,22.1673,21.9197,20.7917,802.975,725.921,19.5529,9.92334,11.9487,22.4713,11,1440,1.71037,31.8531,34.6717,38.4057,43.7536,47.3615,35.5093,33.3169,30.6415,2670.69,2248.25,30.2271,15.4361,19.2356,37.162,10,1440,23.2785,25.4261
2024-08-07,-1.59752,15.5359,14.0737,11.4996,10.9115,9.66625,15.0471,14.9743,15.9617,269.572,356.756,14.5021,7.6182,6.45553,14.2465,12,1440,-4.93551,33.0928,30.9646,21.4134,21.381,17.0063,32.694,32.2722,33.3715,1676.17,2099.42,32.2703,17.8846,13.08,30.3895,12,1440,19.3803,18.3914
2024-08-08,11.2287,23.0993,27.9413,31.2118,30.3018,33.2721,21.1451,19.0036,19.7564,7331.52,906.006,14.7558,5.88248,22.0589,21.1919,11,1440,13.5402,33.1903,36.0754,38.794,44.6884,53.5109,32.0206,26.3052,26.0788,11447.5,1605.28,20.5674,7.3576,28.7178,33.5535,11,1440,23.1117,27.4642
2024-08-09,-1.38424,11.7913,14.2863,11.2967,5.90394,5.16804,13.9291,14.1905,11.7631,424.506,329.648,13.3937,7.61649,6.66983,13.9733,12,1440,-3.17071,19.11,20.2051,15.4692,9.06992,10.0268,20.7104,20.3647,18.594,810.333,596.313,20.8119,11.3032,8.90193,20.4319,12,1440,12.5833,15.3098
2024-08-10,0.140471,3.449,2.88806,3.04069,2.09709,1.61034,3.34786,2.99555,3.3688,12.9539,21.3241,2.92107,1.34408,1.54398,3.18522,13,1440,0.427747,7.36526,6.34644,4.80212,3.68585,2.79996,6.65449,6.66863,7.32947,146.619,234.508,6.45348,2.94065,3.4058,5.8888,14,1440,4.18573,3.61418
2024-08-11,-3.6965,7.11818,6.44634,6.7098,7.41895,6.79794,6.89505,6.77471,6.67886,85.7142,82.0208,6.08861,4.2352,2.21114,6.67491,14,1440,-2.11186,11.0474,11.3528,11.8927,14.2324,10.6226,11.4605,11.013,10.4774,210.046,173.549,11.1553,6.84293,4.50983,12,13,1440,7.4369,7.37065
2024-08-12,1.07413,17.4405,18.3426,18.2194,22.2603,29.0729,17.9612,17.9299,17.217,828.22,421.212,19.1492,8.53122,9.81142,19.076,10,1440,6.32762,25.771,28.0124,27.1641,28.2173,30.4958,27.4417,26.9712,24.8832,1855.97,1106.16,27.5066,11.7004,16.312,28.7396,10,1440,18.797,20.4407
2024-08-13,2.06873,8.96578,8.85685,7.77278,9.03248,12.1283,9.08567,8.57591,8.60705,113.26,106.558,8.60516,3.78787,5.06898,8.81715,12,1440,-0.732204,12.9151,13.2945,13.6164,13.0938,15.0891,13.4809,13.4685,12.5906,397.689,590.812,13.7324,7.23112,6.06343,13.914,12,1440,9.17337,9.24473
2024-08-14,-3.19261,9.41652,7.94106,10.0752,9.12121,7.8917,8.04343,7.43535,9.49923,128.001,82.5253,7.29471,5.00398,2.93708,7.93675,13,1440,-1.5284,12.7519,12.6469,13.8347,14.5366,11.5796,11.7126,12.8921,12.8458,248.221,238.617,12.4404,7.08226,5.56461,11.7852,12,1440,9.11892,8.31756
2024-08-15,-1.96579,13.4649,11.3326,11.8076,12.0197,14.0989,12.5597,10.0719,12.5239,377.789,183.982,9.97837,6.73844,4.59418,12.115,12,1440,-3.5008,14.8171,12.4684,14.2577,12.8322,12.3395,14.2101,12.4804,13.7568,589.407,482.103,11.1874,7.28368,5.18469,14.7474,11,1440,11.7352,9.72415
2024-08-16,2.2911,10.5543,9.18669,6.98603,7.55839,7.77413,9.75926,9.02643,10.1399,224.147,126.647,8.81321,4.07482,5.11187,8.77366,13,1440,0.884828,13.0046,11.9806,10.3242,10.7081,7.89008,12.3765,10.2506,12.1147,455.14,180.084,9.42486,5.42664,6.55399,11.8597,13,1440,10.0497,9.3496
2024-08-17,1.04319,1.64211,1.32001,1.18407,1.1072,1.12185,1.39924,1.27325,1.56701,2.13907,2.0819,1.26442,0.572191,0.747818,1.31458,14,1440,0.836532,2.29934,1.9032,1.44655,1.08301,1.01684,2.1123,1.83024,2.26044,5.351,3.96312,1.80736,0.863093,1.04011,1.75952,16,1440,1.56195,1.30424
2024-08-18,-1.80576,3.43518,3.06483,4.39707,5.22997,6.91982,3.39102,3.14589,3.15857,15.4617,24.5286,3.00718,1.70592,1.35891,3.44075,11,1440,-0.0903062,4.93484,4.03838,5.55119,5.81967,6.73396,4.86645,3.82268,4.17759,33.3994,18.4302,3.5618,1.7553,2.28308,4.88614,11,1440,3.24358,2.89986
2024-08-19,1.71581,6.26284,6.14628,5.55024,4.27284,3.24579,5.77988,5.05839,6.08683,85.8461,31.8829,4.6877,3.04882,3.09746,5.37889,12,1440,0.922554,8.62997,8.70554,7.54349,6.33214,5.05045,8.04693,7.00999,8.3288,314.867,104.092,6.7355,4.25105,4.45449,7.72851,12,1440,6.04468,6.4623
2024-08-20,-0.717085,7.70801,7.08266,8.00656,8.44918,11.7376,7.71642,6.9353,7.28193,133.063,135.867,6.81301,3.14249,3.94017,8.75332,12,1440,-2.43966,8.04592,6.59792,6.38816,6.19167,8.7396,6.76762,6.27204,7.53425,104.798,83.0392,6.28851,3.08893,3.50899,7.23327,12,1440,6.44238,5.92192
2024-08-21,3.56572,7.47733,8.08401,7.92225,5.0918,6.55952,8.17613,6.55418,7.11845,298.144,65.2798,6.94058,3.5746,4.5094,8.488,12,1440,2.22512,9.02656,8.59588,8.66365,3.41852,2.86706,9.18831,6.62947,7.93927,436.753,92.6741,6.30372,3.79486,4.80102,9.62444,14,1440,7.06916,7.36493
2024-08-22,-1.28394,5.31814,4.69472,4.18518,3.68016,4.87065,4.88829,4.28155,5.40732,49.1728,47.4292,4.70904,2.59018,2.10454,4.64952,14,1440,-0.298082,5.08943,4.14673,3.03913,2.7582,3.68848,4.36801,4.10368,4.97685,36.7523,43.7244,4.33884,2.06453,2.0822,3.73172,15,1440,4.53075,3.82889
2024-08-23,5.88758,8.7528,10.5836,9.98359,11.8447,9.29784,9.93565,9.41212,8.69164,608.443,255.646,7.87572,4.77463,5.80897,10.1588,11,1440,5.18559,9.56451,11.479,8.95604,10.3,8.78984,10.2992,9.28746,9.56987,676.272,208.082,8.06561,4.78004,6.69897,10.2846,12,1440,7.42209,9.49583
2024-08-24,0.186857,2.65163,2.49545,2.94189,2.52293,2.33899,2.70174,2.48329,2.32222,13.1785,8.47173,2.28151,1.16457,1.33089,2.51682,12,1440,0.199621,5.63654,6.12962,8.20643,8.56046,9.90107,7.19769,5.66007,5.54138,181.204,70.4866,4.538,2.81681,3.31281,7.20458,11,1440,2.94076,3.08477
2024-08-25,0.0981328,2.29897,1.85968,1.99677,1.72528,0.521895,2.2726,1.73966,1.93532,7.90783,6.63594,1.72717,0.925018,0.934667,1.86343,15,1440,-0.793239,3.62869,3.39725,3.60793,2.93392,1.92708,3.61511,3.20001,3.60493,20.4658,16.0693,3.04318,1.89091,1.50634,3.3357,13,1440,2.27575,2.02725
2024-08-26,-2.18184,5.01278,3.93878,3.28431,2.70493,1.82823,4.39374,3.78847,5.07125,22.2676,23.0838,3.74966,2.27434,1.66444,3.96362,14,1440,-2.4193,6.20062,4.97036,4.52765,3.81674,2.57597,5.64297,4.6048,5.95744,34.1758,26.2198,4.74226,2.88848,2.08189,5.19797,13,1440,4.86702,3.84668
2024-08-27,-5.59496,12.481,13.9058,19.2247,13.6986,10.1744,11.9291,13.6163,11.9484,2133.85,2368.76,12.4959,10.2576,3.64826,11.5763,12,1440,-8.69242,23.6624,25.2205,22.8453,19.0689,19.4701,22.5858,18.9059,23.1117,12101.3,2849.87,16.7346,20.4553,4.76524,18.1973,15,1440,14.3242,15.9314
2024-08-28,-0.641793,10.6385,13.286,10.9327,12.9667,12.3919,11.119,13.8428,10.67,427.279,440.26,14.1444,6.70936,6.57669,11.1657,11,1440,2.84836,16.7174,18.4076,19.8498,22.3563,23.0913,16.8889,19.6424,16.4456,627.843,980.609,20.9632,7.84543,10.5622,16.6084,10,1440,11.3563,13.5812
2024-08-29,0.547513,6.58967,7.31505,5.57033,5.93766,8.05934,6.76757,7.88063,6.32444,97.1264,161.808,7.54947,4.01276,3.30229,6.54299,12,1440,-0.0284814,8.08352,8.10846,5.38015,5.25454,7.23499,7.74231,8.89342,7.76523,92.3955,166.365,8.97968,4.17406,3.9344,7.27,13,1440,6.35497,6.9166
2024-08-30,-0.396716,6.91197,6.40328,6.46385,6.81501,10.0465,6.73769,6.2417,7.20222,74.2657,72.8291,6.59025,3.35824,3.04503,6.66118,13,1440,-0.0637168,10.2104,10.0707,10.3721,12.7241,17.5169,9.33731,9.5075,10.644,455.118,332.35,9.16137,4.4872,5.58352,9.65409,12,1440,7.03272,6.47649
2024-08-31,-0.254026,1.20023,0.960479,1.06565,0.97341,0.812144,1.09059,0.985347,1.14551,1.28659,1.36481,0.905644,0.471583,0.488897,1.07101,13,1440,-0.515579,2.46547,1.74857,1.52034,1.27593,1.26628,2.0266,1.63757,2.43491,4.55496,3.66105,1.68445,0.940516,0.808055,1.74959,15,1440,1.3745,0.990774
2024-09-01,-2.87634,6.69414,5.94944,6.7638,7.21853,6.58049,5.92357,5.73969,6.64267,83.1888,70.9714,5.25327,3.5816,2.36784,5.92189,13,1440,-3.53529,8.55277,8.19651,10.0692,13.0069,16.9099,8.65646,8.23411,8.24812,176.306,161.293,7.85226,5.25397,2.94254,9.47193,11,1440,6.4615,6.00186
2024-09-02,3.14413,5.4513,5.11534,4.39406,4.51386,4.23572,5.26583,4.88844,5.19764,64.5738,32.447,4.73166,1.92535,3.18999,4.87651,13,1440,4.52519,7.75279,7.20906,7.0051,8.26374,9.54527,7.55707,7.71947,7.45045,74.753,117.368,7.61531,2.57657,4.6325,7.77291,11,1440,5.50371,4.99474
2024-09-03,-2.82029,4.56422,4.04497,5.69777,5.10986,5.19914,4.30598,4.13829,4.52051,26.988,25.4345,4.4378,2.63642,1.40856,4.53702,12,1440,-4.54292,6.54596,5.71735,7.57501,7.00297,7.42189,6.03109,5.99757,6.07633,58.0488,44.4053,5.8904,3.7425,1.97486,6.23976,12,1440,4.59113,4.0852
2024-09-04,0.836963,10.4907,15.0699,10.4541,11.6196,8.41122,11.5446,14.0502,10.7405,4739.51,1488.39,9.50327,10.3835,4.68639,12.7312,11,1440,1.04267,15.0091,24.1907,17.1512,16.7436,10.5017,19.768,22.9654,15.0154,14534.3,4339.57,15.8998,17.3326,6.85809,22.7932,11,1440,10.6418,17.7213
2024-09-05,-3.13803,9.03685,9.68552,5.7954,6.10118,5.54084,8.95395,9.7784,9.60602,228.143,184.936,9.38106,5.73441,3.95111,8.11227,14,1440,-3.39901,11.1429,11.869,7.33891,6.53494,7.49052,10.9426,11.67,11.3989,376.321,231.19,11.326,7.27959,4.58944,10.1159,14,1440,9.00289,9.92051
2024-09-06,-4.02628,17.2701,14.7083,13.7807,18.7462,19.6987,14.7625,15.3756,16.0347,575.974,547.838,14.6812,8.97419,5.73406,14.6051,12,1440,-6.25274,26.8497,22.2024,20.2061,22.9051,28.204,22.2254,21.3601,25.0313,2445.59,859.834,19.5449,14.5256,7.67687,21.0535,12,1440,18.5716,15.9836
2024-09-07,0.366044,3.05621,2.58947,1.84965,1.59021,2.15367,2.54791,2.2601,2.97717,14.3819,6.58834,2.20315,1.13987,1.4496,2.13405,16,1440,2.14954,6.68478,5.24135,4.36489,3.73826,4.26993,5.64674,4.26079,6.87051,81.9963,26.0449,4.29934,2.09492,3.14643,4.80767,16,1440,3.85031,3.13353
2024-09-08,1.30073,4.33605,4.53841,5.40671,6.51618,3.78659,4.57191,4.43308,4.04766,66.2727,52.5292,4.69635,2.00347,2.53495,4.85076,13,1440,1.03788,6.91814,7.44534,9.84556,10.7955,5.95675,7.01319,7.6707,6.66847,205.236,200.789,7.03585,3.18509,4.26025,7.39968,13,1440,4.7448,5.23606
2024-09-09,3.8822,8.84876,7.94017,6.73757,8.64628,10.2108,8.64093,7.82339,8.37274,105.668,121.663,7.71491,3.14461,4.79556,8.31877,12,1440,2.67152,11.8935,10.4504,8.93166,9.88663,12.5301,11.5786,10.0799,11.1414,277.061,240.635,9.56998,4.41776,6.03266,10.6517,12,1440,9.12982,8.14976
2024-09-10,1.03594,5.89361,5.80193,6.15227,5.72205,4.39216,5.73451,5.27042,5.84931,71.4086,28.0406,4.66283,2.58869,3.21324,5.30505,12,1440,1.22242,7.24692,7.10361,8.54137,5.75454,4.37204,6.56386,6.49921,7.07021,96.6164,61.317,6.40294,3.07782,4.02579,6.23763,12,1440,5.48028,5.50692
2024-09-11,-0.518362,9.57376,9.53455,8.89214,10.3365,11.4893,8.93739,8.80348,9.10434,243.735,112.697,8.48277,5.33371,4.20084,8.68176,12,1440,-2.0288,10.6294,10.3076,10.1422,8.88466,11.0368,9.52448,10.2344,10.2012,250.052,145.709,9.66669,5.98305,4.32454,9.10863,13,1440,8.78207,8.8605
2024-09-12,1.37582,7.47662,6.26883,5.7297,6.26452,4.17696,6.49337,6.0297,7.55771,84.9364,66.9763,6.13554,3.04101,3.22782,6.18986,13,1440,0.902116,7.31311,6.0805,5.66596,5.29787,3.45073,6.25899,5.84542,7.10297,79.9413,59.0067,5.87806,3.07007,3.01043,6.0786,13,1440,6.38001,5.32953
2024-09-13,3.98885,4.51782,4.80159,4.85988,5.6421,7.5827,4.8526,4.72749,4.09364,70.3211,88.7008,4.45528,1.67573,3.12586,4.94419,11,1440,3.22589,6.55217,6.903,5.13126,4.86466,6.56565,6.60273,6.87611,6.07162,135.652,195.295,6.95981,2.83973,4.06328,6.27476,13,1440,4.43201,4.85165
2024-09-14,-0.838192,1.76429,1.55627,1.32772,1.19136,0.987174,1.46612,1.51018,1.44357,8.2885,3.80239,1.38623,0.828284,0.727987,1.28663,14,1440,-0.881212,2.91871,2.24621,1.56419,1.64525,1.12562,2.11768,1.9412,2.31624,40.796,8.81709,1.68652,1.34808,0.898135,1.51116,16,1440,1.87996,1.56978
2024-09-15,-1.44562,2.3804,2.68687,2.83767,1.39398,1.31286,2.59505,2.69784,2.07554,26.1267,20.5045,2.59812,1.58482,1.10206,2.7761,13,1440,-4.29692,4.92669,5.23441,6.31137,3.74033,3.36234,5.63416,4.27684,4.22963,181.675,55.5279,3.79459,3.75012,1.48429,6.10077,13,1440,2.8856,3.29618
2024-09-16,-1.56465,5.4981,5.51492,5.95073,4.7046,6.09406,5.52911,5.27515,5.34933,49.1652,38.2483,5.28047,3.14969,2.36524,5.3637,12,1440,-0.885564,9.53294,9.18985,8.51003,8.40414,8.8108,9.59969,8.15544,8.69242,171.342,105.223,7.42199,5.41181,3.77805,9.01188,12,1440,5.95873,5.88438
2024-09-17,3.54384,6.67784,7.42488,8.02566,10.6777,11.8936,7.56556,7.82414,6.25182,134.702,170.884,7.55408,3.0257,4.39918,7.98455,11,1440,1.98908,7.68289,8.34852,7.09236,10.8678,9.33933,8.44711,8.28011,6.97319,177.1,145.541,8.40361,3.55348,4.79505,8.33757,11,1440,6.15984,6.87071
2024-09-18,2.36917,10.3512,9.11415,6.71783,6.55029,8.80678,9.58255,8.7754,9.72007,230.748,217.027,8.82118,3.85488,5.25927,8.02648,14,1440,1.39723,11.5786,9.26388,7.961,7.27903,8.18025,9.96069,8.49123,11.4499,224.963,163.102,8.02408,4.07527,5.18861,8.51145,13,1440,9.77078,8.28347
2024-09-19,1.90531,6.7783,6.11531,4.71516,5.08988,2.89687,5.90617,6.35137,6.50611,46.964,55.3188,6.18885,2.87152,3.24379,5.07081,15,1440,3.73848,8.5827,8.41157,5.35525,5.6319,5.48831,7.87267,8.1223,8.05086,118.034,87.0779,7.97406,3.44899,4.96258,6.12073,15,1440,6.29531,5.74839
2024-09-20,0.401209,5.8364,4.88013,5.06599,3.96961,3.45741,5.15101,5.20468,5.74524,33.6903,45.6516,5.45095,2.42494,2.45519,5.02669,13,1440,3.8277,8.5479,8.44915,9.79258,11.4868,11.9294,8.31591,8.51085,7.95011,162.708,152.463,8.38937,3.35022,5.09892,8.70942,11,1440,5.84712,5.14169
2024-09-21,0.233757,1.20779,1.1152,0.856274,0.654026,0.681222,1.06962,1.13473,0.952655,2.70466,2.69715,1.16424,0.538583,0.576617,0.87497,15,1440,1.97154,3.98444,4.64872,3.53574,3.0617,4.31903,4.34618,3.88067,3.74116,147.895,38.4678,3.57324,1.64199,3.00673,4.11394,13,1440,1.6619,1.80299
2024-09-22,0.362096,2.6499,2.71719,3.74399,4.87546,4.80574,3.17361,2.79861,2.57857,20.7353,24.946,2.75592,1.26735,1.44984,3.6848,11,1440,-1.20924,5.24223,5.6041,6.75134,7.18445,6.27557,5.95546,5.67633,5.32329,76.8376,61.4126,5.83217,2.98489,2.61921,6.68338,11,1440,3.06128,3.32537
2024-09-23,-0.376257,5.71287,5.06147,4.97601,4.55458,2.20553,5.41677,5.12119,5.31845,46.1987,47.0328,5.03194,2.74137,2.32009,5.19634,11,1440,2.52387,10.7501,9.61874,8.89821,8.51864,6.11915,10.0483,9.58744,10.2861,124.61,118.815,9.87092,4.34445,5.27429,9.62853,12,1440,6.53021,5.77525
2024-09-24,1.44625,4.55922,4.54675,4.04061,4.14705,4.0804,4.75253,4.91295,4.34878,33.4228,41.2915,4.70979,2.28941,2.25733,4.4499,12,1440,0.235087,7.38504,5.99304,5.56136,5.63667,4.42969,6.31423,6.29441,7.19504,65.8449,65.5567,5.59059,3.25976,2.73328,5.44297,13,1440,4.99519,4.58777
2024-09-25,-1.74347,3.36457,3.6696,2.76373,2.1609,2.47708,3.23136,3.47632,3.03492,26.4113,17.2489,3.34468,2.0495,1.6201,2.83573,12,1440,-2.79964,5.90889,5.87466,4.55795,3.07121,4.18069,5.23758,5.59376,5.59822,71.2468,38.1635,5.26183,3.47992,2.39474,4.35077,13,1440,3.82389,4.1457
2024-09-26,3.15158,5.14083,5.2695,3.9067,3.94524,4.38127,5.33355,4.84738,4.94945,59.9438,34.7111,4.28466,2.20984,3.05966,5.14171,11,1440,2.00728,7.10155,7.09048,5.25975,5.07582,6.67931,6.98049,6.50849,6.82422,112.883,48.1373,6.2755,3.42879,3.66169,6.62592,11,1440,5.09225,5.20204
2024-09-27,0.910258,3.27888,2.87635,3.00627,3.58497,2.94999,3.06088,2.98566,3.12244,11.8237,10.7186,2.7162,1.3413,1.53506,3.02903,11,1440,2.33439,6.27319,6.2065,5.43216,6.33959,5.22353,6.43946,6.107,6.20961,109.154,71.4963,5.76853,2.2942,3.91231,6.52286,11,1440,3.54631,3.30381
2024-09-28,0.133786,1.07708,1.08074,1.14456,0.975181,0.772386,1.07262,1.08706,0.896681,1.46946,1.63611,1.05826,0.534779,0.545959,1.03122,13,1440,-0.71588,2.74699,2.23031,2.27717,1.55194,1.52146,2.37412,2.22337,2.6523,6.41113,5.20202,2.16513,1.27027,0.960044,2.23264,14,1440,1.30524,1.21193
2024-09-29,-0.389457,1.0843,0.990325,0.678109,0.642272,0.65182,1.07995,0.938575,0.990687,1.62005,1.40856,0.9137,0.552054,0.438271,1.01001,14,1440,-0.65969,2.94573,2.37801,1.89861,1.79516,1.55774,2.53404,2.15297,2.89389,7.87311,4.60707,2.07729,1.33672,1.0413,2.33966,14,1440,1.40945,1.25641
2024-09-30,-3.52852,4.79061,4.73143,4.52927,4.32184,4.85812,4.79539,4.09467,4.35074,35.1944,22.2647,4.19506,2.85096,1.88047,4.57927,12,1440,-2.10622,7.00168,7.13589,7.11441,7.20956,7.13877,7.04047,6.58101,6.72426,91.3062,80.2724,6.62002,4.26521,2.87068,6.92596,11,1440,4.7096,4.88409
2024-10-01,-4.06362,9.55699,7.73851,8.62414,9.27018,6.1052,9.12756,8.06112,9.46802,110.806,126.532,8.17061,4.94222,2.79629,9.72127,12,1440,-6.11832,16.083,12.9668,13.2699,13.7487,10.858,15.2632,11.2416,16.827,859.643,281.909,10.6715,8.86649,4.10032,16.2564,12,1440,10.6163,8.85151
2024-10-02,-0.257709,9.07374,10.3521,8.26309,6.95646,9.66379,8.54767,10.095,9.25129,254.485,185.76,9.25335,5.66253,4.68955,7.66254,12,1440,-3.47882,14.9883,14.0313,11.7612,10.8202,12.6399,12.7138,14.6928,14.4328,330.315,362.183,13.2391,8.48895,5.54234,11.5135,13,1440,10.3417,10.8771
2024-10-03,0.170393,8.24257,6.32003,4.40198,4.78473,5.64402,7.15318,6.72978,8.43278,53.3392,76.0115,6.21135,3.33605,2.98398,6.3941,14,1440,-0.606718,12.392,10.4899,7.90769,8.72629,9.01606,11.3572,10.3724,12.6491,148.122,134.982,10.2896,5.7721,4.71779,10.6098,13,1440,9.12017,7.37217
2024-10-04,2.17088,4.47155,4.25458,5.25032,5.22976,5.48891,4.49972,4.37329,4.35941,35.4997,44.261,4.01501,1.84751,2.40707,4.89515,12,1440,2.71247,6.04386,5.87864,7.52188,7.85611,10.5563,6.52022,5.68003,5.84331,95.9824,57.2436,4.97078,2.22109,3.65755,6.96195,11,1440,4.36988,4.26785
2024-10-05,-0.0451089,0.95551,0.851081,0.81078,0.800409,0.927015,0.895182,0.774372,0.768373,0.874523,0.613236,0.80139,0.405921,0.44516,0.834599,13,1440,0.010354,2.3771,2.21144,2.23095,2.15276,2.83733,2.23875,2.21514,2.2559,5.13399,5.1209,2.26947,1.09825,1.1132,2.24811,12,1440,1.15945,1.12241
2024-10-06,1.22026,1.43417,1.42857,1.31715,1.72954,1.51476,1.5462,1.4153,1.24767,2.70052,2.64071,1.44984,0.598301,0.830273,1.43022,13,1440,1.04518,2.50447,2.56064,1.8883,2.332,2.72867,2.47834,2.39707,2.39436,13.9418,9.04211,2.26853,1.24752,1.31312,2.38224,13,1440,1.53823,1.58476
2024-10-07,-0.953128,5.78605,6.39684,6.85084,10.0386,11.0405,6.70038,6.37355,5.70709,79.8781,117.276,6.63803,3.10813,3.28871,7.22976,11,1440,-0.712359,9.25099,9.72439,10.2881,14.347,16.9322,10.2672,8.68324,8.81018,244.13,181.333,8.5394,4.71921,5.00519,10.7758,11,1440,6.2302,6.98237
2024-10-08,-0.102119,4.65185,4.46314,4.16071,5.45892,3.24977,4.36375,4.38084,4.48532,31.461,38.9734,4.62822,2.3146,2.14854,4.45937,12,1440,0.747598,6.59892,6.65583,5.98372,7.53582,4.72703,6.38692,6.40936,6.18738,65.6543,73.2744,6.29355,3.12196,3.53386,6.49757,12,1440,4.7606,4.72989
2024-10-09,-2.48305,4.02126,3.55374,3.81641,3.90575,4.58356,3.62404,3.70727,3.75174,26.7424,31.147,3.9884,2.16963,1.38411,3.55361,12,1440,-2.92745,6.69522,7.0589,10.7074,11.477,12.6225,7.70584,7.51697,6.25169,221.9,302.389,7.75061,4.55836,2.50054,8.29183,10,1440,4.31932,4.11947
2024-10-10,-0.511945,5.07701,5.07293,5.38341,5.23613,4.347,4.73268,5.07728,4.79686,66.4477,68.9932,5.25391,3.08187,1.99107,5.05394,13,1440,0.673542,7.79761,7.45692,7.69625,8.41967,5.63082,7.23587,7.06187,7.3563,122.513,113.835,7.49109,4.16079,3.29613,7.18539,13,1440,5.45434,5.47043
2024-10-11,3.60367,3.8202,4.03211,4.23787,3.35294,3.80439,3.97797,3.76097,3.55041,29.827,19.7883,3.81669,1.44676,2.58535,4.10179,11,1440,2.19694,4.83958,4.41045,4.51238,3.05238,2.67331,4.3291,4.08012,4.59891,47.4688,20.82,4.51247,1.71887,2.69158,4.19785,12,1440,3.47929,3.58976
2024-10-12,1.05964,1.6391,1.59306,1.35578,1.07631,0.993695,1.67018,1.51935,1.49146,4.02947,3.13027,1.54602,0.714536,0.87852,1.53862,13,1440,1.50128,2.4665,2.23967,1.91351,1.57284,1.24187,2.31915,2.1547,2.25321,8.61077,6.08418,2.20647,1.01064,1.22903,2.00721,15,1440,1.57978,1.54367
2024-10-13,-0.533329,1.94728,2.16413,2.25205,2.01802,1.68175,1.93857,1.95679,1.80312,8.1786,5.48122,1.87996,1.08127,1.08286,1.83309,12,1440,-0.302913,2.59683,2.72372,2.80728,2.20318,2.07055,2.33839,2.31813,2.53247,18.5002,6.83637,2.15331,1.39842,1.3253,2.19492,13,1440,1.91421,2.11545
2024-10-14,4.98571,5.54762,5.47538,6.74415,8.97518,11.9179,5.75423,5.46861,5.41187,54.0346,83.0799,5.27508,1.64654,3.82883,5.89265,11,1440,6.31272,8.06723,7.76417,9.39647,11.7939,17.4236,8.47433,7.71886,7.60777,125.63,112.714,7.47638,2.16,5.60417,8.69582,11,1440,5.38299,5.38513
2024-10-15,1.48721,10.0807,10.2903,13.2138,18.0081,24.5129,11.3043,10.8426,10.1598,287.412,381.92,11.1078,4.8255,5.46477,12.4255,10,1440,-0.85466,11.8464,13.3778,15.426,19.5785,27.5514,13.663,14.3675,11.2821,437.464,674.267,16.5171,7.14561,6.23222,15.1047,10,1440,9.73453,10.7411
2024-10-16,0.810537,6.62297,5.20316,5.32968,3.67262,2.39015,5.3803,4.25693,6.52723,104.481,31.2608,4.71298,2.79023,2.41294,4.97455,13,1440,0.14142,6.87468,5.94259,6.60506,5.11102,2.90982,6.40364,4.98894,6.65233,103.859,45.8126,5.6446,2.89703,3.04556,5.8939,13,1440,5.93733,4.73048
2024-10-17,-0.293583,4.04988,3.53758,3.26683,2.74107,2.87452,3.99812,3.47623,3.8285,18.5331,15.6501,3.38853,1.8944,1.64317,3.85691,12,1440,-0.203186,5.32657,5.29032,4.69131,4.89869,5.63354,5.4641,4.7827,5.02066,47.5332,32.5238,4.25631,2.61715,2.67317,5.41981,12,1440,4.02566,3.71855
2024-10-18,1.4814,3.86174,3.7095,3.1309,2.8686,4.27018,3.64714,3.90293,3.94066,31.3405,40.0084,3.76245,1.74007,1.96943,3.16784,14,1440,1.38608,4.93118,5.04193,4.50166,4.43869,6.8033,4.93188,4.95091,4.77448,57.1117,48.6869,4.46234,2.43161,2.61032,4.83238,13,1440,3.73439,3.59066
2024-10-19,-0.0730962,0.679163,0.557252,0.549923,0.47928,0.464858,0.612698,0.513979,0.543622,0.632688,0.327605,0.505906,0.255067,0.302185,0.527167,14,1440,0.227961,1.37002,1.27878,1.5538,1.32577,1.2125,1.32916,1.20254,1.26145,2.53409,1.74029,1.22719,0.606609,0.672169,1.30149,11,1440,0.750259,0.669395
2024-10-20,0.951888,1.25115,1.2343,0.968656,0.96315,0.877759,1.31261,1.10472,1.1258,5.61255,5.21725,1.14701,0.447658,0.786641,1.16213,13,1440,3.65965,4.04096,4.13951,4.17261,5.99189,6.13548,4.33046,3.50081,3.62772,69.6036,22.6814,3.6966,1.10191,3.0376,4.1949,11,1440,1.63689,1.77767
2024-10-21,-2.42589,3.68729,4.42243,3.93343,4.85791,3.7763,3.74601,4.03046,3.6783,42.2603,25.4112,3.79738,2.42642,1.99601,3.58808,11,1440,-2.96349,5.24908,5.17477,4.02865,4.18513,2.23514,4.65258,4.34815,4.87918,52.629,33.4775,4.64834,3.04347,2.13129,4.13034,12,1440,3.65877,4.2475
2024-10-22,0.0719566,4.25642,4.20469,4.0581,3.68676,3.12949,4.25969,3.77546,4.08495,41.6959,20.0812,3.83119,1.90939,2.2953,4.44956,13,1440,-1.65955,6.64582,5.52345,5.54724,4.36986,4.50208,6.16327,4.56025,5.80748,107.835,25.0307,4.42263,3.18429,2.33916,6.17824,13,1440,4.58004,4.17291
2024-10-23,-1.12959,3.61592,3.8503,3.97419,3.45706,2.77205,3.74124,3.66902,3.36628,23.4883,18.4016,3.83145,1.98649,1.86381,3.6035,12,1440,-3.81597,6.76199,7.1166,5.7204,7.10178,8.27085,6.97913,6.93653,6.40891,254.364,145.335,6.61382,4.52705,2.58955,6.33833,12,1440,3.96445,4.34835
2024-10-24,2.26845,3.67303,3.29433,4.41594,4.23569,3.38608,3.63421,2.99084,3.43934,21.0575,13.3381,3.00307,1.26547,2.02886,3.64837,11,1440,0.443046,5.467,5.03387,5.93482,6.35878,3.42554,5.42545,4.90111,5.30226,53.5884,38.0411,4.75938,2.19177,2.8421,5.34004,11,1440,3.85933,3.56042
2024-10-25,-2.22394,7.29945,10.0964,8.15726,8.51131,4.58208,8.31213,10.3703,7.8029,507.179,585.826,10.2487,5.28813,4.80826,8.97356,12,1440,-3.8265,13.0696,15.7505,17.8087,24.7834,11.557,13.5382,14.3678,13.3534,949.073,789.977,15.4265,9.16348,6.58699,14.8435,12,1440,8.52198,11.1413
2024-10-26,0.589622,1.45975,1.33797,1.18803,0.735229,0.484939,1.42438,1.31562,1.42281,2.74244,2.45864,1.31357,0.598753,0.73922,1.24,16,1440,1.7018,3.67249,3.19387,3.23201,3.03779,2.08839,3.35411,2.99788,3.52244,13.2227,9.23557,3.00177,1.38425,1.80962,3.06945,15,1440,1.85453,1.67104
2024-10-27,1.37506,1.27278,1.13986,1.17728,1.2073,0.975972,1.24279,0.958704,1.18029,2.68085,1.21618,0.926818,0.403361,0.736498,1.14994,13,1440,1.01357,2.59875,2.57263,2.73192,3.00164,1.86901,2.69219,2.09437,2.50455,27.6894,5.82613,1.76122,0.866417,1.70621,2.56778,13,1440,1.42682,1.40492
2024-10-28,2.81285,4.25585,4.16342,3.80175,3.75745,1.95407,4.01934,4.38438,4.31507,27.4835,32.6325,4.20924,1.74539,2.41803,4.15389,13,1440,2.3519,7.1775,8.32977,9.4765,8.37408,6.63892,7.93245,7.99899,6.62786,183.846,132.349,8.30533,3.33617,4.9936,8.61059,11,1440,4.40172,4.6828
2024-10-29,3.8887,5.90303,6.32608,6.09607,6.75956,5.87272,6.33645,5.81065,5.66359,91.2454,50.2598,6.06371,2.65049,3.67559,6.26108,13,1440,2.73994,6.71948,7.54868,7.01037,7.84252,7.42576,7.44097,7.55269,6.38285,98.3825,104.027,8.19159,3.12768,4.421,7.12712,12,1440,5.14332,5.5441
2024-10-30,-0.539947,4.54697,5.47036,4.55934,4.08463,4.49247,4.68212,5.50216,4.45008,84.0142,67.5444,5.44712,2.81492,2.65544,4.56146,12,1440,0.76973,8.25526,9.16102,9.4348,6.76326,7.66461,8.34392,8.75977,7.88374,164.208,137.788,8.51774,4.38213,4.77888,8.45417,12,1440,4.71653,5.42447
2024-10-31,-2.87846,4.77466,4.65905,3.3451,3.89961,4.35377,4.52358,4.92188,4.73514,47.5769,42.674,4.78842,2.76485,1.8942,4.31543,12,1440,-5.43144,8.85023,8.33403,6.06221,7.13994,7.36311,8.18804,7.44373,8.47083,242.08,88.1295,6.85816,5.5191,2.81493,7.66024,13,1440,5.33761,5.16157
2024-11-01,-1.13888,8.43221,9.13953,9.18329,12.4503,12.5159,9.0422,9.73614,8.21895,168.368,192.629,10.0119,5.11427,4.02526,8.84332,11,1440,-0.283096,11.3905,11.0913,11.0906,11.4639,11.9162,10.8309,12.0607,10.7818,240.671,257.98,12.2368,6.2478,4.84349,10.4839,12,1440,8.64927,9.07853
2024-11-02,-0.174652,1.27756,1.50748,1.25023,1.47878,0.529164,1.31906,1.38447,1.12929,3.6617,2.44586,1.32642,0.825247,0.682236,1.2911,12,1440,-0.689614,2.80013,2.8016,2.18656,2.12919,1.31962,2.74263,2.84371,2.57022,13.8117,19.5144,2.95341,1.64656,1.15504,2.55266,13,1440,1.47818,1.64234
2024-11-03,-0.866812,4.72169,4.16784,4.24271,4.87279,4.55544,4.51559,4.35121,4.61103,34.3951,29.983,4.1435,2.02626,2.14158,4.42633,13,1440,-1.47419,7.41533,5.62659,5.39944,6.45354,8.2596,6.516,5.7686,7.01608,49.9391,47.9251,5.36492,2.86493,2.76167,6.02687,13,1440,5.06644,4.18714
2024-11-04,-1.35552,5.81414,5.50046,5.34585,4.83158,6.15881,5.6959,5.43377,6.03206,54.4308,67.1174,5.52741,2.89179,2.60867,5.41941,11,1440,-2.45155,7.96019,6.9457,8.53388,8.39962,11.7554,7.58894,6.48828,8.14077,146.009,168.394,6.21276,4.2375,2.7082,7.45527,11,1440,5.82606,5.37588
2024-11-05,2.21839,6.93806,6.61996,7.78131,8.34843,9.07063,7.01275,6.33256,6.43414,97.9763,107.444,6.44955,2.97078,3.64918,7.13322,11,1440,1.00981,8.30555,7.8008,9.34616,10.9079,9.80438,8.36492,7.59992,7.9396,133.206,155.407,7.60788,3.61581,4.18499,8.63718,11,1440,6.52463,6.33877
2024-11-06,8.56022,20.2606,17.3695,16.2695,16.3079,22.3837,19.5133,16.4257,20.3621,490.405,310.564,17.4006,6.7825,10.587,18.6717,12,1440,11.6498,24.5587,24.2622,23.2864,25.7365,25.763,26.2625,22.7114,25.0336,1266.37,668.717,22.4243,8.78418,15.478,25.6606,12,1440,18.8828,16.7714
2024-11-07,0.377601,6.2862,5.50329,4.26831,4.3947,5.01431,5.82916,4.99348,6.46422,62.6733,35.125,4.75067,2.8575,2.64579,5.10212,13,1440,6.18283,17.299,16.4798,20.7042,26.2599,24.3317,16.8117,16.8735,17.4737,354.032,541.203,17.2143,6.44435,10.0354,17.472,11,1440,7.98705,6.81334
2024-11-08,0.855685,4.59356,3.77951,3.28002,3.81287,3.69304,4.07436,3.64368,4.52189,22.1373,18.2593,3.58403,1.77574,2.00377,3.79892,14,1440,2.26329,11.8081,10.9463,13.2497,13.7606,9.8703,12.1362,9.30302,11.6786,284.932,99.6961,9.12633,4.43417,6.5121,12.4042,12,1440,6.00399,4.83935
2024-11-09,0.218922,1.77226,1.30476,1.36076,0.917446,0.563796,1.53352,1.16925,1.46696,2.54309,1.69338,1.09661,0.632709,0.672052,1.33386,14,1440,5.40411,9.1474,9.12395,10.5653,11.7102,11.8372,9.64899,7.94626,8.25638,278.434,94.0207,7.88337,2.7894,6.33455,10.1883,11,1440,2.7896,2.21149
2024-11-10,4.70333,11.2128,9.31205,10.2867,13.3366,11.8886,10.2146,7.51639,9.77383,352.782,140.605,6.94539,3.23708,6.07497,10.1976,13,1440,1.80687,20.8758,17.3171,15.4258,13.5017,11.9289,20.8009,16.3741,18.8866,587.011,422.257,15.8948,8.20607,9.11107,19.1435,14,1440,12.3524,10.044
2024-11-11,9.80323,15.2877,13.4892,16.6065,16.2458,11.7471,14.6087,13.244,15.1468,312.994,308.476,13.6913,4.69169,8.79756,15.0777,12,1440,5.74943,23.1093,21.5514,18.3393,18.3037,16.4735,22.1476,19.9491,23.5505,1439.81,598.015,19.305,8.99658,12.5548,20.9812,13,1440,14.6213,12.1215
2024-11-12,-0.788203,23.3998,27.7115,22.8073,18.3387,18.0436,26.3479,30.3476,23.9518,1142.31,1634.64,29.8686,13.9179,13.7936,26.3566,11,1440,-3.8639,34.7942,41.0932,27.0856,24.7764,23.57,37.741,41.1905,36.2685,5201.22,2722.36,41.743,24.5339,16.5593,36.2774,12,1440,23.786,27.9709
2024-11-13,2.71786,22.7874,25.5729,24.0852,18.8743,26.6489,25.657,24.7348,22.8348,1060.92,1170.29,25.7446,12.0543,13.5186,25.6701,10,1440,-1.76152,30.3172,32.7723,26.6378,24.6277,33.6983,32.1976,30.9524,28.8857,1868.93,1418.73,31.5075,16.9658,15.8065,31.1663,11,1440,22.8674,25.8634
2024-11-14,-3.43263,17.6079,18.4132,17.8264,20.8138,17.8795,17.4995,20.7246,17.6707,755.099,1346.37,20.2617,11.0558,7.35744,17.2326,12,1440,-4.1101,21.0894,20.6087,20.8475,23.4274,25.153,20.7686,22.465,20.6751,675.695,710.604,19.9325,12.2466,8.36209,20.4352,12,1440,16.239,15.9354
2024-11-15,4.15683,11.7997,12.601,11.2991,12.0692,10.38,11.9488,13.5495,11.8352,224.406,332.547,12.611,5.39273,7.20827,12.2013,12,1440,1.01451,16.0427,16.1647,13.6575,13.0034,14.416,15.7895,16.6763,15.7187,293.883,403.079,15.6191,7.83736,8.32735,15.5179,12,1440,11.4507,12.1233
2024-11-16,-0.490203,3.88333,3.49867,2.7371,2.73612,2.03009,2.97165,3.74251,3.98856,19.4673,21.5979,3.79571,1.8918,1.60687,2.40391,14,1440,1.37752,9.17711,9.2355,9.35473,8.27631,10.9337,8.41057,10.0129,8.77126,139.098,250.765,9.76965,4.29584,4.93967,8.2645,13,1440,4.15403,3.62993
2024-11-17,-0.810155,5.04322,4.44415,4.52792,3.11224,3.39683,4.51901,4.32317,4.91777,28.5035,38.7923,4.13619,2.29871,2.14543,4.30167,14,1440,-1.83195,12.1079,12.5822,14.7032,12.6599,13.0433,11.9148,12.1751,11.5358,260.708,289.8,12.1022,6.90987,5.67233,12.305,12,1440,6.32488,5.98208
2024-11-18,0.674459,11.4715,10.9879,13.2597,15.8589,17.7236,11.981,10.2867,11.6485,256.366,146.386,9.0958,4.68882,6.2991,12.4323,12,1440,4.19553,14.5805,15.5642,17.9439,21.0313,17.8585,16.3904,14.7338,14.9707,438.688,293.816,13.2759,6.1757,9.38852,17.9463,11,1440,9.8949,9.76497
2024-11-19,2.02082,9.36599,8.0752,7.0049,6.76688,7.33837,8.11988,7.54879,9.33011,90.3312,82.902,7.42855,3.80694,4.26826,7.42966,14,1440,-3.17861,10.4332,8.98611,9.02925,7.78127,8.52578,9.13461,8.21786,10.3474,111.034,95.5965,8.0286,5.0908,3.89531,8.99177,13,1440,7.36479,6.06209
2024-11-20,2.11776,7.84225,6.44006,5.14032,4.45294,2.74308,6.5271,5.95912,7.81807,67.6117,58.2362,5.65934,3.38221,3.05785,5.5949,15,1440,-1.21314,11.1416,9.44113,9.48189,7.17387,4.85827,10.0279,8.90231,10.8646,167.94,106.935,8.2837,5.17997,4.26116,9.87088,12,1440,7.2687,5.62755
2024-11-21,4.18595,9.17552,9.80236,9.43865,9.40576,8.7964,9.30314,9.98734,9.18753,161.202,172.374,9.77802,3.83439,5.96797,8.84567,11,1440,8.90254,19.3644,23.2069,32.4018,41.4216,37.0291,21.5083,25.6277,18.5399,954.535,1875.02,24.063,8.4457,14.7612,22.7483,10,1440,6.47722,7.23005
2024-11-22,0.583017,6.44054,4.81037,4.6115,5.04457,4.67523,5.37285,4.87525,6.65261,26.5766,28.5515,4.89209,2.34248,2.46789,4.48543,13,1440,-0.838776,14.9953,12.7286,15.1976,16.8213,10.415,14.2556,13.7485,14.0851,330.979,379.855,13.4075,6.82458,5.90398,12.7062,14,1440,6.03474,4.79874
2024-11-23,-1.24093,2.23546,2.13368,1.99405,1.91318,1.28469,2.03976,2.20803,2.27902,7.3656,7.91136,2.12669,1.12198,1.0117,1.95173,14,1440,1.96772,15.0194,13.7091,13.8342,14.9569,8.56347,14.1961,14.2836,15.519,279.682,376.062,14.4899,6.42729,7.2818,13.7612,14,1440,2.98828,2.71499
2024-11-24,0.232794,4.43284,3.68338,4.28386,4.51522,4.7406,3.98605,3.73508,4.487,16.0659,18.3183,3.57643,1.67598,2.0074,4.00459,12,1440,-0.96846,10.9015,8.94745,11.0814,7.82633,6.26457,9.09255,8.7126,11.0653,109.741,104.674,9.35485,4.73587,4.21157,8.82489,13,1440,5.27588,4.34222
2024-11-25,-5.12398,10.3866,10.6661,10.3309,11.2279,11.4396,9.84679,10.6587,10.6133,178.867,178.445,10.9915,6.11896,4.54713,9.54079,12,1440,1.57301,24.2765,27.4536,32.3791,28.2371,28.2004,26.4474,27.7865,25.4588,1047.55,1503.57,28.7143,13.5784,13.8752,27.369,10,1440,11.4449,11.984
2024-11-26,-1.12973,11.9318,12.2663,12.2292,15.355,12.4173,12.3448,12.1152,11.4517,168.144,196.755,12.3913,5.92051,6.34575,12.8376,11,1440,-2.66397,17.3284,15.7198,14.582,14.767,11.2436,15.6152,14.95,16.5382,301.826,329.544,15.3414,8.41536,7.30445,15.9213,13,1440,11.5503,11.2083
2024-11-27,4.15114,6.39345,6.00608,6.05808,6.07836,4.3419,5.77691,5.65461,6.55504,66.108,46.5979,5.76671,2.21302,3.79306,5.52311,13,1440,9.42369,14.905,14.0982,14.2506,12.4758,9.66366,13.8996,14.3726,14.609,214.15,229.86,14.356,4.85326,9.24489,13.9974,13,1440,5.93624,4.80902
2024-11-28,-0.228848,4.53577,4.19887,3.52034,3.64753,2.87502,4.25231,4.26917,4.43841,22.339,21.1995,4.19007,1.98505,2.21382,4.2453,13,1440,-2.06006,9.68177,9.0739,8.65851,6.7767,6.28154,9.48721,9.32433,9.42996,85.7124,119.28,9.05135,4.94095,4.13295,9.76827,13,1440,4.55826,4.31864
2024-11-29,1.88093,3.7655,4.13342,3.76991,3.43279,3.99374,4.00432,3.96957,3.73842,23.9626,23.6748,4.01888,2.03334,2.10008,3.95302,12,1440,0.374286,5.97369,5.91257,5.86197,4.69332,4.56283,6.05347,5.32,5.90223,61.5448,39.9461,5.2115,3.27056,2.64201,5.81543,12,1440,3.28854,3.4673
2024-11-30,-1.0853,1.53776,1.32584,1.42235,1.54157,1.98215,1.42636,1.10485,1.39232,3.02673,1.20528,1.10095,0.761152,0.564685,1.36465,12,1440,3.05377,7.35198,8.43327,8.15724,7.72117,6.64723,7.86023,7.93879,7.42028,107.883,95.2718,7.24314,3.21837,5.2149,8.24588,12,1440,1.67848,1.76026
2024-12-01,0.802915,2.1031,1.99193,1.99805,2.47183,2.2099,2.05929,1.95097,1.90122,4.63767,4.65822,2.06834,0.977259,1.01467,1.99847,12,1440,0.108214,6.20542,6.06271,5.47866,5.93955,5.78033,5.89218,5.66134,6.11389,58.4083,57.1407,5.31543,2.67257,3.39015,5.78504,12,1440,2.13116,2.06423
2024-12-02,-1.39316,6.94309,7.26137,8.75828,7.75383,10.3723,7.02886,6.74437,6.70072,79.5886,65.1748,6.91895,3.90615,3.35522,6.7969,11,1440,-1.74647,12.4474,12.3429,13.3783,15.2195,17.3536,12.9772,12.8497,12.5895,211.308,205.494,12.5201,6.94175,5.40111,13.2854,12,1440,7.01392,7.75662
2024-12-03,0.00946318,5.71005,5.65467,5.77609,6.18026,6.82927,5.29812,6.24908,5.54184,84.0962,117.126,6.15152,2.6346,3.02006,5.44358,12,1440,-0.79665,11.2472,11.0831,8.11857,8.54896,7.98004,9.3171,11.1161,11.0417,571.184,414.52,11.4537,6.05749,5.02564,9.30413,14,1440,6.14872,6.46122
2024-12-04,2.81614,6.03625,6.4161,7.78286,6.75366,8.27868,6.519,6.10275,5.75357,79.8937,71.3901,5.99159,2.66502,3.75108,6.82216,11,1440,5.9943,14.5936,15.9811,16.0243,16.2845,19.2899,15.4669,15.4554,15.215,421.949,313.687,16.1952,6.42354,9.55756,15.6124,12,1440,5.41481,4.98921
2024-12-05,-1.67923,40.1386,40.0297,47.1177,49.9717,27.9378,37.5613,32.5414,37.997,29938.4,2693.4,27.0987,26.1916,13.8381,31.8211,14,1440,-1.38006,24.5725,23.8789,20.8622,20.5405,13.1583,22.2934,23.6342,25.0673,2117.25,1137.45,21.373,12.3538,11.525,19.5559,14,1440,23.7608,22.9469
2024-12-06,2.84249,8.93843,8.79449,9.77858,8.70689,8.60078,9.07337,8.03711,9.08676,180.932,84.2706,7.23947,3.77949,5.015,9.20006,13,1440,5.49131,11.6921,10.2224,14.3318,15.1668,15.8721,11.2029,10.196,11.4194,152.769,122.906,9.51178,3.77392,6.4485,11.999,11,1440,6.38425,4.857
2024-12-07,0.0913451,2.71913,2.52768,2.02205,1.90468,1.82814,2.46245,2.70198,2.64472,6.38486,6.9343,2.89954,1.23581,1.29187,2.13858,15,1440,-0.0662907,3.09208,3.00381,2.35386,2.17012,1.79999,3.09691,2.89633,3.13725,8.84578,8.11601,2.95577,1.41508,1.58873,2.64659,14,1440,1.84307,1.78039
2024-12-08,1.27163,2.76665,2.88509,2.36317,2.78794,3.15318,2.76531,2.86078,2.64864,11.7775,10.7292,2.63576,1.24615,1.63894,2.74171,12,1440,0.198241,3.15865,3.26194,2.58604,2.91619,3.39878,3.52277,3.28419,3.13,14.3144,12.5809,3.01768,1.58127,1.68067,3.43744,12,1440,2.08634,2.34574
2024-12-09,-3.86478,13.9466,15.7971,9.89153,11.6514,13.5929,13.4038,14.3982,15.573,1395.92,619.938,17.5458,8.21962,7.57751,13.0646,13,1440,-7.57605,35.8896,52.1883,17.9836,15.6014,19.1456,37.0959,43.9409,38.9506,59535.2,6656.56,44.8079,33.9554,18.2329,31.3685,15,1440,18.1253,24.9102
2024-12-10,-0.705086,12.467,12.7454,13.7064,13.1634,14.1995,13.639,14.0081,11.9441,232.679,431.393,14.6697,6.71615,6.02924,13.7994,11,1440,-2.28204,25.1884,27.3855,30.3902,25.9817,32.1521,27.2529,29.1075,24.6255,1219.96,1498.42,28.977,14.6287,12.7568,28.214,11,1440,14.919,16.212
2024-12-11,4.58511,6.48878,6.24758,6.72754,6.80618,7.06621,6.30205,6.4651,6.60803,59.1691,82.6408,5.92556,2.58816,3.65942,6.07025,12,1440,5.45868,10.7128,9.56957,10.8835,11.1897,12.7777,10.5466,10.4179,10.6819,141.024,226.565,10.1189,4.04035,5.52922,10.1838,12,1440,6.78759,6.44119
2024-12-12,-1.11443,6.69873,6.44994,7.56043,5.55572,7.48769,6.76394,6.31718,6.67525,86.8851,56.5096,6.34718,3.26279,3.18715,6.82012,11,1440,1.29127,12.5052,13.4467,13.2617,10.5688,14.5128,14.109,14.1015,12.2154,302.015,351.183,13.3055,6.04769,7.39905,14.334,11,1440,7.15702,7.26811
2024-12-13,1.40991,3.92914,4.10026,3.661,4.67861,5.06571,3.91842,4.04537,3.839,41.0253,35.6224,3.68922,1.91935,2.18091,4.03979,11,1440,0.646861,8.00714,7.02348,7.73132,8.03582,7.0718,7.89879,6.20851,7.6583,112.845,73.9401,5.87369,3.6719,3.35159,8.13463,12,1440,4.24582,4.10302
2024-12-14,-0.00419041,2.43284,2.41437,2.71167,3.34829,2.27549,2.50654,2.28665,2.41438,28.6467,8.41785,2.13341,1.006,1.40836,2.58275,12,1440,-0.938918,4.74214,4.07444,4.04366,4.87855,4.00304,4.52778,4.4246,4.69621,19.4339,27.8217,4.12572,2.12729,1.94714,4.37504,13,1440,2.50073,2.41177
2024-12-15,2.95721,3.6263,3.51633,3.7399,4.521,3.37188,3.70855,3.81589,3.36542,26.2728,29.8334,3.54494,1.3855,2.13082,3.89254,11,1440,2.26848,5.43791,4.7145,5.06636,6.02061,7.8121,5.19261,5.06366,5.21698,31.1658,39.8252,4.87244,2.03154,2.68296,5.07229,12,1440,3.43291,3.17305
2024-12-16,1.51499,7.38951,7.72866,6.40344,7.57665,7.00167,7.20318,7.11834,7.45414,152.806,109.486,6.86011,3.36533,4.36333,7.52265,11,1440,0.683423,10.4703,10.445,9.26983,10.4024,12.5988,10.2766,10.2848,10.7242,140.779,125.542,10.1042,4.92749,5.51749,10.2782,12,1440,6.09906,5.84708
2024-12-17,0.070766,5.97435,5.75168,6.71738,7.91119,6.67513,6.27134,5.73527,5.91477,76.0326,74.1765,5.92129,3.0898,2.66189,6.24057,11,1440,-2.36658,11.107,10.2349,10.0264,11.135,11.024,10.6543,10.4823,10.9245,174.331,193.925,11.0422,5.99273,4.24219,10.1922,13,1440,6.29909,5.94688
2024-12-18,-5.74918,12.7778,12.9015,9.75289,8.88747,11.7132,12.0022,12.8898,13.0988,384.324,442.19,12.9207,7.73888,5.16261,11.4018,12,1440,-7.08319,21.6227,21.6958,16.3665,15.3576,21.793,20.2415,18.1999,20.7453,1764.42,1017.02,20.2492,14.1076,7.58818,18.3279,12,1440,14.179,14.0027
2024-12-19,-2.77471,16.4669,20.1268,17.7767,16.2254,15.2666,18.3764,21.1266,16.7396,718.606,963.99,20.1623,9.11527,11.0115,18.7422,11,1440,-5.95848,38.5558,36.4217,34.4086,31.1964,36.8591,36.0359,39.0989,40.8983,2965.19,4536.18,38.144,18.3404,18.0813,34.8272,13,1440,20.9788,23.8641
2024-12-20,0.351908,19.5512,19.7399,19.5692,17.9461,21.2855,18.1596,17.8795,18.8096,909.743,359.737,18.5338,8.81458,10.9253,18.4327,12,1440,1.60254,47.6023,54.5368,56.6468,52.8337,62.351,42.8208,50.6368,47.03,14189.5,10527.7,52.7313,28.4299,26.1069,40.47,12,1440,24.9198,26.3358
2024-12-21,-0.526354,5.34073,5.69714,6.06994,5.75622,4.22351,5.79121,6.24987,5.29804,39.6611,49.2419,6.05716,2.93408,2.76306,5.82189,13,1440,-3.91439,15.6894,17.4679,15.8208,14.7102,8.88369,17.3707,18.0384,15.3955,353.283,375.762,16.8483,10.0667,7.40124,16.5502,13,1440,7.60697,8.39638
2024-12-22,-2.1881,6.11429,6.44258,6.03811,6.15066,7.66373,6.40758,6.78624,6.21048,58.4791,93.7071,6.42539,3.53076,2.91183,6.45466,12,1440,-1.72462,15.0227,15.5407,15.2857,15.6779,20.0801,16.1286,16.326,14.9795,302.091,396.798,15.01,8.24413,7.29657,16.2268,12,1440,8.27531,8.90331
2024-12-23,-0.320728,12.186,10.6976,12.2558,11.6632,12.5691,11.2995,11.5646,12.5333,135.594,174.921,11.0303,5.24345,5.45413,11.8137,12,1440,4.19789,21.2886,21.2351,24.6972,27.6035,29.4012,22.8653,23.9041,21.7546,674.526,866.615,21.3754,8.86264,12.3724,24.6966,10,1440,13.9982,13.1909
2024-12-24,3.90875,6.5285,6.30227,6.7653,7.28089,10.7784,6.4526,6.24569,6.38486,53.7872,43.971,6.27503,2.62803,3.67424,6.68447,11,1440,2.04325,10.5457,8.7876,9.12003,7.87045,9.38453,9.72237,8.66597,10.4972,81.9852,82.4339,9.04025,4.34084,4.44676,9.46294,12,1440,6.28323,5.59234
2024-12-25,0.773397,4.73376,4.4604,3.56777,3.45714,2.25872,4.50207,4.22365,4.61991,34.1935,28.4205,4.18872,2.21745,2.24295,4.25377,13,1440,0.109296,7.21966,6.1046,4.79121,5.77716,3.85123,6.69888,5.99742,6.85819,53.2197,39.0423,5.5662,3.19203,2.91257,6.16524,12,1440,4.66417,4.22541
2024-12-26,-3.72749,7.48993,6.83596,6.62664,6.20161,6.64698,6.90795,6.78972,7.08855,56.4802,65.9786,6.89189,3.97931,2.85666,6.92851,12,1440,-4.74178,10.8483,8.67045,8.63395,6.96338,5.21197,9.81194,8.8384,10.7318,92.849,103.885,8.78629,5.18882,3.48164,9.75083,13,1440,7.4412,6.40625
2024-12-27,-1.57041,7.92023,8.20241,9.90905,7.987,6.99761,8.23278,7.61287,8.00939,159.242,119.529,7.32115,4.20645,3.99596,8.31731,11,1440,-0.0461869,11.4403,12.0066,14.4723,12.6132,14.8322,12.6222,11.4602,10.8685,518.157,166.542,12.0713,5.56291,6.44374,13.3181,11,1440,8.00979,8.49915
2024-12-28,1.05589,2.12923,1.79279,0.916778,1.07014,0.671844,1.80912,1.80163,2.07466,6.63328,7.20168,1.69261,0.76976,1.02303,1.47441,15,1440,2.09254,4.09363,3.27717,2.41212,2.574,1.9941,3.49024,3.09855,3.85755,18.3157,14.4056,2.94727,1.38332,1.89385,3.00116,14,1440,2.32149,1.96328
2024-12-29,-1.6524,2.46411,2.43783,2.48845,1.49475,1.77192,2.66473,2.23698,2.33643,13.0031,8.21911,2.16465,1.4476,0.990234,2.81228,12,1440,-1.40584,4.0224,3.82455,3.73495,2.52883,2.35098,4.36525,3.77609,3.96942,27.6369,25.4555,3.46904,2.13473,1.68982,4.56642,12,1440,2.50415,2.52857
2024-12-30,-1.01448,7.74133,6.43229,9.52338,11.694,13.4603,7.61345,6.75158,7.70094,94.5611,131.329,6.3616,3.47979,2.9525,8.19825,11,1440,0.159564,10.3338,8.74216,11.9648,14.4008,18.0151,9.8375,8.2167,10.5165,167.737,145.019,7.77932,4.51762,4.22453,9.98836,11,1440,7.41169,5.83798
2024-12-31,0.841297,5.93848,6.91341,6.49489,5.77974,4.84672,6.645,7.10858,5.74443,102.771,117.948,7.04142,3.51409,3.39932,7.06679,10,1440,-0.718253,7.21702,7.10095,6.49196,6.2246,5.39268,7.42318,7.21111,7.07598,118.04,95.223,7.50233,4.09695,3.004,7.65117,11,1440,5.27351,5.91053
2025-01-01,1.07967,2.62817,2.65034,2.71836,2.70086,2.83142,2.82469,2.60841,2.43918,10.3905,9.76558,2.32187,1.13476,1.51558,2.59557,13,1440,0.674815,3.46371,2.8975,2.38883,2.59957,2.16553,3.02804,2.73048,3.43858,10.2963,8.71455,2.53044,1.36556,1.53194,2.60537,14,1440,2.3324,2.25944
2025-01-02,2.49835,5.38589,6.32774,4.35894,4.2555,4.60447,5.69662,6.91338,4.99202,61.9326,96.9747,6.4597,2.84841,3.47933,5.43715,11,1440,2.79623,6.503,7.30523,5.87143,5.51242,5.68529,6.59679,7.4264,5.96544,103.491,114.517,7.34378,3.48206,3.82317,6.23647,11,1440,4.87195,5.85568
2025-01-03,1.21891,3.07395,3.04264,2.00165,2.15618,1.65753,3.039,3.02798,3.11536,26.5314,25.1201,2.89838,1.20963,1.83301,2.70776,13,1440,4.34171,5.13689,4.07446,4.1211,4.86448,6.17212,4.5538,4.16555,5.03723,26.5125,24.4858,4.09363,1.4594,2.61506,4.04443,12,1440,2.82948,2.1543
2025-01-04,0.0471703,1.2718,1.01369,0.840201,0.968648,1.03691,1.16208,0.919886,1.13928,2.06585,0.987763,0.908901,0.561716,0.451977,1.11054,13,1440,1.31768,3.94979,3.62191,3.66688,3.49937,2.95342,4.07995,3.58239,3.55281,25.5594,27.3204,3.72814,1.69786,1.92405,4.26779,12,1440,1.48912,1.26967
2025-01-05,0.145597,1.3086,1.52913,1.03245,1.18755,0.818582,1.44632,1.28811,1.1513,7.36006,1.98397,1.14088,0.728888,0.800245,1.45756,11,1440,-0.57289,2.6557,3.03572,1.68103,1.54222,0.897855,2.95576,3.09776,2.6308,11.487,12.7071,3.17814,1.60767,1.42805,2.82837,12,1440,1.3216,1.72655
2025-01-06,3.8609,4.79032,6.02774,5.34491,6.42184,5.28258,5.23281,5.82164,4.45013,130.224,142.519,5.36581,2.05606,3.97167,5.47571,10,1440,1.40537,6.40824,7.68026,6.62151,6.44522,4.63532,7.10394,6.87202,6.03055,144.053,83.1948,6.50031,3.27618,4.40409,7.18984,11,1440,4.29743,5.70646
2025-01-07,-5.3037,7.02056,5.06764,6.60803,5.57114,6.48005,5.85807,5.50538,6.91795,41.2367,88.9669,5.70957,3.30944,1.7582,5.71964,13,1440,-8.6672,17.9084,10.8677,14.1988,13.8641,17.7249,14.0826,8.97852,15.202,692.416,299.369,8.06746,8.54413,2.32356,13.4678,14,1440,8.37981,5.56781
2025-01-08,-1.97282,9.30215,10.0744,8.90134,11.7316,6.46202,8.84545,10.1447,8.6428,169.385,135.417,9.48006,5.92246,4.15192,8.4316,13,1440,-1.6105,15.8873,16.5361,14.7049,20.9823,12.0881,14.9938,14.4655,15.9231,426.122,283.498,15.025,9.27589,7.26017,14.1389,12,1440,10.2618,11.1201
2025-01-09,-2.67387,8.97728,9.42637,9.33616,9.25509,12.2597,9.45635,8.70957,8.73881,251.22,109.46,8.58313,5.73322,3.69315,9.72562,11,1440,-3.30253,13.5832,14.1286,14.1839,15.9801,20.2789,14.4945,13.7995,13.617,324.659,223.659,13.7738,7.89189,6.23675,14.7206,11,1440,9.33586,9.91602
2025-01-10,2.32137,13.0553,12.1969,13.6496,9.6891,10.6588,12.0011,12.6671,11.079,643.283,673.646,11.898,6.30715,5.88972,12.0139,11,1440,1.47515,14.6394,14.0538,15.827,10.8946,12.0947,14.4808,14.635,12.8294,905.271,746.188,13.8305,7.94628,6.1075,13.96,12,1440,12.3649,11.9512
2025-01-11,-0.13323,1.36312,1.23984,1.17127,1.01126,1.06987,1.29489,1.18612,1.234,2.04545,1.52926,1.13265,0.705838,0.534,1.26617,12,1440,0.482148,3.68296,2.6507,2.23849,2.30421,2.57775,3.21134,2.38758,3.47726,8.27289,5.06719,2.12247,1.3656,1.2851,2.89809,13,1440,1.75471,1.45308
2025-01-12,-0.0580824,1.75687,1.43211,1.55467,1.5233,1.35079,1.54586,1.16588,1.70286,7.05119,1.59024,1.09872,0.653315,0.778794,1.49573,13,1440,-0.47419,3.38877,3.20263,3.38587,3.62516,3.07463,3.18937,3.10754,3.21031,16.3464,13.7609,3.00224,1.64411,1.55852,3.1838,12,1440,1.98099,1.82499
2025-01-13,-0.00947741,14.9887,14.2542,9.54428,10.1478,9.94174,14.5907,12.9365,15.2628,477.64,389.307,14.1642,6.32032,7.93391,14.7134,12,1440,-4.05345,30.8423,31.487,17.6766,20.5084,20.992,32.4426,26.8995,32.4771,8524.46,3012.18,24.3195,18.5704,12.9167,29.7256,13,1440,18.4574,18.5967
2025-01-14,2.11917,7.61898,6.7349,5.96224,5.08554,5.94509,7.25542,6.26359,6.90375,143.806,58.3938,6.07535,2.93661,3.79829,6.81251,13,1440,2.76988,10.6509,9.92193,9.20271,8.67907,8.783,10.4656,9.2435,9.85441,355.209,128.032,8.10082,3.9988,5.92313,10.1281,13,1440,7.69972,6.80063
2025-01-15,3.99579,6.29735,6.67546,6.40331,8.08662,7.55492,6.79782,5.33324,5.26843,310.589,41.4398,4.71107,2.10399,4.57147,6.59165,12,1440,6.76864,11.3942,11.5436,12.0544,18.1043,18.1196,12.4466,9.07881,9.92792,1155.27,103.83,7.6977,2.99848,8.54509,12.4373,11,1440,7.10587,7.39658
2025-01-16,-0.508818,7.02974,6.16774,6.40013,8.11497,8.12053,6.69473,6.4619,6.66766,79.5619,84.3261,6.54507,3.44129,2.72645,6.95916,13,1440,-4.24558,12.102,12.5304,12.4836,15.6154,15.7725,12.611,14.193,11.2685,285.551,460.093,13.9063,7.91843,4.61198,12.4324,12,1440,7.74871,7.29751
2025-01-17,4.00924,6.03094,5.47287,6.47032,7.22648,9.26364,6.27623,5.75889,5.76081,59.6286,88.2825,5.15363,2.01249,3.46039,6.79486,12,1440,4.88413,9.09237,9.65458,10.6384,10.8385,15.6815,10.0175,9.42359,9.00174,153.199,112.346,8.61401,3.69911,5.95547,10.7781,11,1440,5.19055,4.48991
2025-01-18,0.458939,5.60087,5.89945,5.93509,5.35919,6.23046,5.94093,5.51806,5.22629,54.4068,41.8425,5.30072,3.23611,2.66334,6.18868,12,1440,-4.8944,16.4967,18.1353,15.9633,15.64,19.6074,17.8358,18.7497,15.9076,461.688,437.768,17.0863,10.0752,8.06011,17.2036,11,1440,6.96706,7.31121
2025-01-19,-3.1327,17.3257,21.3972,14.3999,18.5906,14.302,17.5406,21.951,18.4182,2302.03,2503.44,21.2421,12.5933,8.80394,15.9844,11,1440,-2.83914,59.3435,67.1623,55.8889,57.6993,54.2489,60.581,69.8055,59.9945,18036,13261.6,70.2729,36.6287,30.5336,53.9683,12,1440,20.8243,23.9328
2025-01-20,0.912068,56.1592,54.5649,50.3106,49.6309,59.9542,56.3184,57.2131,58.5523,9993.14,14238,57.7463,28.5363,26.0286,51.5862,12,1440,2.11975,56.3756,49.3113,42.4658,37.9322,42.2881,51.9052,49.046,57.4989,6134.82,5558.98,46.9221,27.2568,22.0544,44.6618,13,1440,46.4575,43.3659
2025-01-21,3.72763,17.7192,17.6962,19.7327,14.5925,11.7448,18.468,16.3919,18.2583,899.975,422.839,15.131,9.17913,8.51703,18.0583,12,1440,1.31711,18.0346,17.4254,17.7954,10.2898,8.70154,18.4492,16.3356,18.2735,554.126,377.149,15.6926,9.35046,8.0749,17.5013,14,1440,14.2898,14.3059
2025-01-22,-2.32286,6.33657,5.04877,4.92013,3.65695,3.36061,6.09474,4.76048,6.149,40.3873,30.4057,4.34438,3.00505,2.04372,4.99956,13,1440,-2.58578,7.4009,6.06843,7.30342,6.08832,6.70554,7.32285,5.95793,6.92862,53.2014,54.1263,6.05228,3.54106,2.52737,6.60826,12,1440,4.88116,3.72261
2025-01-23,0.196208,28.4218,25.0414,24.1443,27.3169,13.5005,26.6905,20.0779,23.1234,3420.63,616.371,19.6035,12.967,12.0744,25.8761,12,1440,2.90593,17.8774,15.7585,15.8521,19.991,15.0172,17.6779,12.6936,16.6763,741.867,208.465,11.5849,7.5726,8.18589,17.3113,12,1440,18.0737,15.496
2025-01-24,0.919784,7.18129,6.39366,4.79865,4.78931,4.6219,6.46187,7.14377,6.85023,99.9608,181.099,6.45227,2.71468,3.67898,5.42545,14,1440,-0.845936,11.7994,10.0918,9.73342,10.9989,12.9418,10.7048,10.5031,11.6011,132.951,137.886,9.65726,5.01679,5.075,9.93673,13,1440,6.63934,5.92804
2025-01-25,-0.117977,2.03063,1.53857,1.1436,1.20516,1.43365,1.62434,1.26295,1.74353,2.67415,1.67432,1.32281,0.76378,0.774795,1.34946,15,1440,0.261885,4.92278,3.54093,2.98326,3.44934,3.51302,3.8689,3.73509,4.86973,14.9469,22.5958,3.83509,1.6704,1.87053,3.29894,14,1440,2.13151,1.59821
2025-01-26,-2.05136,2.33432,1.79937,1.99586,2.2436,3.33924,1.90285,1.70865,2.18867,12.7488,7.05758,1.9023,1.29572,0.503646,1.9107,12,1440,-2.63044,4.86208,3.43139,3.73731,4.42151,6.15437,3.75911,3.26906,4.48747,18.7286,13.3518,3.30076,2.05859,1.3728,3.66832,13,1440,2.37499,1.73426
2025-01-27,-0.52483,16.8363,14.3653,16.2738,16.4934,17.2596,14.0795,14.5651,17.8087,236.413,269.747,14.6243,7.43985,6.92547,13.9202,13,1440,-1.56417,25.6178,25.9866,22.6978,22.8624,21.0241,23.5285,27.1572,26.5626,1619.81,1848.5,31.5678,13.7061,12.2805,22.259,11,1440,17.4847,15.4006
2025-01-28,-0.734755,7.26086,6.72596,7.1029,6.68323,5.11613,7.0354,6.68489,6.98762,59.9222,55.3199,6.63449,3.26911,3.45685,7.0324,12,1440,-3.34591,11.5085,10.1381,9.58329,9.76519,9.14999,10.9072,9.91266,11.4063,131.914,119.811,10.156,5.47349,4.66461,10.6909,12,1440,7.51676,6.62441
2025-01-29,2.33856,7.81844,6.4271,7.4001,8.28684,2.55359,7.67606,6.60137,7.86031,114.49,142.708,6.05238,2.99944,3.42767,7.46714,13,1440,1.16869,16.6609,14.2601,18.2485,17.5479,4.61467,17.3517,13.4054,17.1211,587.498,481.785,13.2296,7.22193,7.03815,17.2899,13,1440,9.81495,8.24192
2025-01-30,0.949559,4.04685,3.83871,4.1498,4.35131,2.92366,3.83188,3.87805,3.82886,26.5077,23.6128,3.44094,1.69319,2.14551,3.8713,12,1440,4.19756,8.87879,8.39793,7.73594,7.6332,8.04778,8.35324,8.33173,8.4329,90.2989,78.0322,8.66442,3.5698,4.82814,7.79438,13,1440,4.39054,4.00858
2025-01-31,-2.21429,4.4325,4.79826,4.31939,5.49219,6.41359,4.77002,4.77755,4.33891,34.9579,33.0879,5.36219,2.9047,1.89356,4.61034,11,1440,1.63708,12.0397,12.3945,12.4945,15.2544,19.1154,13.5434,12.1175,11.0568,259.2,185.317,11.7067,5.76858,6.62591,13.5384,11,1440,5.07567,5.53757
2025-02-01,-1.76688,2.48971,2.27067,1.74751,1.7212,1.46639,2.13465,2.34992,2.36272,7.85855,8.9785,2.37727,1.25736,1.01331,1.97894,13,1440,-5.71782,9.51027,7.90871,7.61842,7.80415,7.5915,8.13329,7.64651,9.01292,64.9026,73.071,8.73245,4.84081,3.0679,7.85992,13,1440,3.69267,3.46451
2025-02-02,-2.9599,11.8078,8.79895,8.47634,10.1001,10.8496,10.2689,8.69399,11.9088,120.805,104.943,8.6499,4.98204,3.81691,8.16935,14,1440,-8.28437,38.3063,24.5068,30.0438,29.7535,21.9571,34.7989,22.5901,36.9013,1394.34,1043.5,23.8953,15.5056,9.00118,27.2071,14,1440,18.1051,12.0628
2025-02-03,3.64603,31.275,26.1659,22.7606,24.7491,35.2281,27.5609,26.9507,33.0795,1307.14,1366.83,26.7435,11.2215,14.9444,25.5312,13,1440,0.355505,322.208,172.524,173.501,203.659,237.447,250.733,188.836,329.515,205986,237651,202.622,99.8354,72.6887,202.054,14,1440,71.1484,42.1593
2025-02-04,-3.58204,13.8764,13.8895,13.6081,13.9933,12.1041,13.8222,13.6155,13.5488,294.87,233.151,13.0314,7.55074,6.33873,13.7707,11,1440,-5.30182,45.3637,47.7883,52.1773,50.2771,59.6963,48.1414,49.3569,43.8042,3053.04,3888.38,44.7282,26.1486,21.6397,47.2972,11,1440,20.5513,21.2759
2025-02-05,-1.18401,6.98354,7.35276,6.14594,4.24401,3.45779,6.60603,7.14021,7.2437,76.5833,70.2566,6.83676,4.04012,3.31264,6.1352,13,1440,2.06767,24.1076,23.6941,22.1101,18.3215,20.276,23.5926,24.1986,23.9802,896.346,939.293,23.2351,11.2246,12.4696,22.017,11,1440,9.79799,9.45978
2025-02-06,-0.0601346,6.936,5.81235,4.94713,3.77384,4.43117,6.20358,5.72725,7.18856,45.1002,41.3654,5.71106,3.09278,2.71958,5.54572,12,1440,-3.71228,20.4472,17.1142,16.2573,13.8327,14.3467,17.9412,16.3705,19.581,418.269,375.658,15.3595,9.53196,7.58221,15.2823,13,1440,8.68582,6.96804
2025-02-07,-0.049259,8.54661,8.31723,7.10047,7.22655,8.30324,8.66586,7.33151,8.41766,231.403,123.468,6.69308,4.22512,4.09211,8.72699,12,1440,-2.43158,20.3749,16.9999,13.5098,17.3142,20.2955,17.8662,14.9043,20.4587,580.857,272.914,13.5055,9.50063,7.49927,16.1728,13,1440,9.97936,9.54888
2025-02-08,-0.064327,1.77949,1.49426,1.37404,0.978221,0.93562,1.63751,1.49503,1.65827,2.41353,2.35749,1.41845,0.789059,0.705203,1.52252,13,1440,0.394325,8.02396,7.23819,6.79317,6.74632,4.81019,7.80113,6.95276,7.77149,53.4249,56.299,7.48233,3.36524,3.87295,7.41308,13,1440,2.53489,2.39828
2025-02-09,0.0186722,2.92269,3.01201,3.52875,2.86758,3.98133,2.88104,3.05157,2.86318,29.8646,24.668,3.00288,1.52784,1.48417,2.99644,13,1440,-0.200774,13.0809,13.4776,18.845,16.8047,23.8778,13.8012,13.1099,12.2525,954.716,729.054,11.5826,6.69262,6.78495,15.4583,12,1440,4.54553,5.28033
2025-02-10,0.998566,4.65342,4.27131,4.15091,3.24117,4.74388,4.58307,3.72564,4.7145,43.2606,19.0112,3.57646,2.16818,2.10312,4.45038,12,1440,1.28624,12.1577,11.3559,11.031,9.79976,14.5813,12.1336,9.74545,11.9656,602.153,101.962,8.87365,5.86118,5.49474,12.4194,12,1440,5.84737,5.76761
2025-02-11,-1.71075,3.72254,3.04995,3.24356,3.81031,5.22107,3.50089,3.38698,3.67982,9.66766,15.7257,3.44729,1.6225,1.42744,3.3805,13,1440,-2.22663,14.0995,9.98122,11.2079,13.6409,16.1568,12.1748,10.0078,13.8798,196.726,153.74,9.88074,5.04202,4.9392,11.8142,12,1440,5.21925,4.38758
2025-02-12,2.16049,8.32084,9.48101,11.4095,9.5264,5.08665,9.40885,8.70717,6.55871,871.036,255.17,8.22025,5.44296,4.03805,10.3507,11,1440,5.08192,24.565,23.4695,31.0745,30.96,13.3308,26.4206,20.4532,22.1745,5697.03,2372.14,18.199,12.2556,11.214,28.316,11,1440,11.3859,12.3814
2025-02-13,-1.2977,3.9655,3.93121,2.61584,2.00778,2.7913,4.00362,3.79312,4.05099,23.1477,17.0774,3.99153,2.01136,1.91985,3.64819,13,1440,-2.30518,10.2035,9.53556,7.55024,5.40128,6.79517,9.82799,8.47099,9.98363,153.518,91.5777,9.136,5.03907,4.49649,9.46001,14,1440,5.04147,5.27815
2025-02-14,0.91943,3.68351,4.98089,4.84668,5.91457,3.67539,4.15372,4.71934,3.60372,74.2173,42.4299,4.13961,2.09677,2.88412,4.50334,10,1440,1.85424,8.68338,9.65977,9.00149,10.4159,6.90407,9.44962,8.84308,8.35696,180.397,96.2441,7.25948,3.86196,5.7978,9.64648,11,1440,4.23429,5.67771
2025-02-15,0.0709283,0.92075,0.906905,0.747283,0.457652,0.382749,0.812035,0.905374,0.879462,0.918791,0.811141,0.923216,0.453855,0.453049,0.73315,14,1440,-1.21463,3.96592,3.63674,3.32872,2.61989,2.46104,3.53589,3.51676,3.72502,19.962,14.0367,3.40041,1.99601,1.64073,3.36243,14,1440,1.33939,1.40549
2025-02-16,-1.49887,1.14099,0.867734,0.812154,1.05796,1.22807,1.01941,0.806413,1.00731,3.24457,1.14153,0.715568,0.576013,0.29172,0.97276,13,1440,-1.18146,4.1645,3.64641,3.52436,3.76127,2.83588,3.98599,3.57052,3.79403,21.3256,15.6386,3.25535,2.03588,1.61053,3.93648,13,1440,1.58708,1.36613
2025-02-17,-0.352396,2.29159,2.41754,2.34376,2.10474,3.06406,2.3827,2.44748,2.18417,7.40255,6.89166,2.36798,1.2485,1.16904,2.32716,12,1440,3.05789,12.7865,13.0501,14.3285,16.312,21.1996,12.8257,11.9007,12.7957,347.116,174.078,12.225,6.08636,6.96379,12.3524,12,1440,3.77944,4.05125
2025-02-18,-0.113094,4.61741,4.38008,4.80788,4.41953,4.43615,4.3036,4.07464,4.50987,48.2823,24.0103,3.64965,1.99045,2.38963,4.28366,12,1440,-2.66114,12.2201,10.7731,9.66038,9.5813,9.82922,11.4276,11.4739,12.3266,154.939,166.157,10.5465,6.18226,4.59088,10.8561,13,1440,5.8126,5.31647
2025-02-19,1.0115,2.87066,3.11888,2.22062,2.17942,2.49313,2.95517,2.84583,2.9817,23.4926,12.2636,2.43787,1.32595,1.79293,2.71389,12,1440,1.61526,7.17086,7.45491,5.97316,5.44759,6.21978,6.88026,7.04043,7.51497,93.9934,57.8359,6.84845,3.22806,4.22686,6.39164,12,1440,3.55658,3.78625
2025-02-20,1.70369,2.19952,2.27604,2.42285,2.54281,1.86475,2.30251,2.4828,2.15517,8.22249,12.384,2.65498,1.00727,1.26877,2.30431,11,1440,0.826624,5.61008,5.15508,5.21832,6.6051,4.18246,5.21615,5.11851,5.49022,45.41,35.9157,4.95633,2.38579,2.76929,5.17026,12,1440,2.54055,2.38517
2025-02-21,-2.18329,6.00728,5.9838,5.44493,3.60318,5.34948,6.41837,5.27646,5.90231,142.793,58.9195,4.95794,3.53378,2.45002,6.35623,11,1440,-2.7789,23.0454,26.9981,23.0327,19.0282,22.8431,25.7588,19.8745,21.9872,4558.24,888.019,20.0629,13.6489,13.3492,27.4761,10,1440,8.76449,10.2171
2025-02-22,0.382945,0.950548,0.901498,0.870536,0.935335,0.424858,0.876613,0.842443,0.816252,1.12923,1.00891,0.812254,0.461152,0.440347,0.832216,13,1440,3.69434,5.77306,5.68818,5.41711,6.33517,5.53758,5.55798,5.04821,5.45782,98.0022,39.4543,4.60885,1.96355,3.72463,5.55802,13,1440,1.33615,1.20993
2025-02-23,-0.303938,0.867576,0.890402,1.07836,1.15422,0.906905,0.872434,0.761464,0.759142,2.22401,0.754678,0.736069,0.380061,0.510341,0.858296,13,1440,2.02303,7.23752,7.38905,7.09042,5.76558,5.5472,6.71338,6.29289,6.77926,138.403,32.8291,6.20892,3.00061,4.38844,6.3308,12,1440,1.4089,1.49921
2025-02-24,-5.01154,6.55684,6.31893,5.99386,5.3291,5.96799,6.9058,6.47685,6.77531,57.4775,84.5583,7.00094,3.99294,2.32599,6.66803,12,1440,-11.4943,23.8208,23.1101,30.8033,24.9547,36.2379,24.1174,19.6189,23.4728,3123.09,732.043,18.8409,16.7491,6.36098,24.8591,11,1440,9.37294,9.4241
2025-02-25,-3.18778,22.2904,19.4952,18.5681,22.4079,14.636,22.8612,19.7682,23.1483,557.446,617.784,21.3381,10.1202,9.37499,22.4089,14,1440,-0.711491,49.1173,42.3646,39.1619,48.7619,39.3963,48.7973,42.56,52.2831,3839.95,4738.46,42.0073,20.4828,21.8818,47.4033,14,1440,26.742,23.1564
2025-02-26,-5.12493,19.4406,22.8015,16.5035,15.1268,10.8434,19.0443,24.5301,19.8754,1997.76,1811.87,27.235,13.2541,9.54741,19.4295,10,1440,-6.59708,33.1025,37.8113,29.4843,25.9421,26.2517,29.5688,35.712,34.2017,5476.38,4391.86,41.6456,21.0463,16.765,30.9056,11,1440,21.7842,25.9472
2025-02-27,0.542726,12.076,10.2973,10.2201,12.889,9.96055,11.632,10.434,12.4663,116.793,127.653,11.1036,4.95798,5.33935,11.2092,12,1440,-1.23384,20.5426,18.5177,15.0501,16.1994,16.36,20.5918,17.3851,20.6173,465.446,306.475,17.8666,9.82812,8.68956,19.6047,13,1440,12.9892,10.968
2025-02-28,-0.42428,28.8957,37.4391,28.5219,25.0034,24.7781,35.516,35.6219,28.9262,4562.63,2679.07,32.594,20.7955,16.6435,36.8601,12,1440,-3.08606,49.9759,58.024,41.9578,36.6761,39.7814,56.6628,49.9979,46.0273,12514.5,3718.79,46.8652,35.4789,22.5451,57.4432,12,1440,33.0658,43.086
2025-03-01,2.01233,4.75835,5.63438,4.95131,5.04317,5.52321,5.04259,5.23585,4.77605,48.8277,38.9617,5.11554,2.59711,3.03727,4.87083,11,1440,-0.906857,10.965,12.3209,11.0294,12.6266,14.3125,11.863,11.4649,10.7263,258.708,152.364,11.2685,6.15738,6.16356,11.4825,11,1440,5.31899,6.41119
2025-03-02,9.10656,18.7689,24.1348,26.3436,21.4319,39.9456,19.9805,22.4704,19.6753,3584.04,1422.31,22.9252,6.3257,17.8091,22.1175,10,1440,12.7178,59.1823,81.4791,110.194,71.0239,94.6481,70.0238,80.3252,58.7813,129878,67633,57.8531,20.0223,61.4569,77.0927,10,1440,26.2776,35.523
2025-03-03,-8.92538,26.5965,24.7403,29.58,44.1482,50.275,23.444,23.7548,28.6475,1476.16,1692.29,23.1939,15.9548,8.78554,23.0137,11,1440,-15.8501,40.8184,39.1857,49.5117,56.2766,76.8884,38.5423,37.751,44.7338,3654,3933.19,38.6879,27.5153,11.6704,39.8636,11,1440,28.9192,27.1021
2025-03-04,1.22348,33.1622,29.3248,33.1209,36.2168,29.0017,34.3903,31.0739,34.0079,2222.85,2224.63,29.3713,13.2823,16.0425,32.2942,13,1440,1.04155,60.6874,59.8137,65.4346,63.8663,37.3417,70.4622,54.7489,61.6196,17368.1,5259.75,46.1558,25.0031,34.8106,67.3129,12,1440,39.5636,36.1276
2025-03-05,3.73765,16.1394,14.6621,12.3351,12.3381,9.82263,15.8579,15.9714,16.3361,322.493,455.63,16.9707,6.69341,7.96864,13.2426,13,1440,3.17627,19.1282,16.2244,14.2899,14.0387,9.88229,17.5163,17.6321,18.9396,284.537,436.311,17.1699,7.53203,8.69236,15.3505,14,1440,14.9577,12.8505
2025-03-06,-0.746794,14.8361,16.4146,12.5699,11.0459,13.6481,16.3195,16.3754,14.5174,571.759,500.053,16.6822,7.77996,8.63468,15.7063,13,1440,-1.77286,17.6457,18.0171,15.2893,14.3798,15.055,19.2303,16.8285,17.3862,572.279,474.045,16.6291,9.44781,8.56932,18.5314,13,1440,13.5115,14.6323
2025-03-07,-3.54258,36.5936,35.182,38.8521,32.5932,51.0418,35.0761,34.9368,37.0947,4082.77,2021.09,33.2905,20.8029,14.3791,35.7696,12,1440,-2.79036,37.5651,36.5821,39.4203,32.8895,38.4403,37.6024,34.9257,36.6291,3961.59,1976.78,34.6541,20.4718,16.1103,39.5555,12,1440,33.1488,32.293
2025-03-08,-0.66962,4.18294,4.01942,3.86446,3.08525,1.66112,3.75014,3.82459,4.16877,50.2385,20.8172,3.59863,2.37433,1.64509,3.80321,11,1440,2.85301,9.84891,9.80692,7.6099,8.48177,6.64271,9.44499,8.2623,9.56225,270.463,102.8,7.30663,4.1909,5.61602,9.68488,12,1440,4.92934,4.71875
2025-03-09,-6.57662,10.2107,8.12279,7.45443,8.66062,10.2957,9.4443,8.60513,9.89019,110.306,112.616,7.80127,5.00571,3.11708,9.30095,13,1440,-8.67828,18.6505,16.3486,13.5561,14.4415,18.1283,18.0653,16.5736,19.1068,520.267,678.391,15.4913,10.9328,5.4158,16.0379,14,1440,11.1129,9.10394
2025-03-10,-2.68454,23.5773,26.5152,21.1254,25.1989,24.618,25.615,26.0407,24.1572,1162.51,1046.42,25.562,12.5805,13.9347,26.9142,11,1440,-7.99858,47.5304,57.3819,63.8964,68.6529,73.9611,54.1446,52.6488,49.2954,9028.42,6064.47,49.463,32.7145,24.6675,58.7817,10,1440,27.4762,33.0977
2025-03-11,5.37139,23.4329,20.4168,23.6807,18.1733,18.7494,19.373,21.5325,23.4956,812.817,1021.41,20.8608,8.78253,11.6343,17.7814,12,1440,3.07954,66.5429,45.4983,48.5317,36.6889,38.312,49.3098,42.6871,63.1441,5425.61,4305.55,41.1858,20.0247,25.4735,41.6327,14,1440,33.2261,26.3226
2025-03-12,0.89685,11.7356,9.88361,9.78593,10.9939,12.5368,11.313,10.3679,11.4516,131.852,132.764,9.99888,5.22472,4.65889,11.2609,12,1440,-0.794966,29.3928,25.9332,19.5283,23.7832,22.8519,27.3455,24.2667,29.3722,2234.92,1042.13,25.0769,14.807,11.1263,25.3776,13,1440,14.3333,11.4356
2025-03-13,-3.11239,8.4608,7.12168,6.51735,8.68439,7.26246,7.31743,7.82857,8.85901,55.0184,86.5475,7.51944,3.97239,3.14929,6.56375,13,1440,-2.31192,17.562,13.1774,12.5853,14.9059,13.6169,15.1682,13.5009,17.1789,186.21,175.916,12.3532,7.05183,6.1256,13.4699,14,1440,9.65905,7.57614
2025-03-14,3.47393,6.80019,5.85843,6.06589,7.25255,4.65143,6.39396,5.43596,6.3342,60.5779,61.2465,5.46799,2.28925,3.56918,6.36124,12,1440,2.49256,8.20702,6.39787,5.18089,4.66499,3.06769,7.24867,6.59881,7.56473,60.8593,78.7483,6.81139,2.58144,3.81643,6.58916,13,1440,5.86644,4.67068
2025-03-15,0.422097,1.46949,1.37505,1.19283,1.04238,0.968751,1.34487,1.38308,1.35833,2.38206,1.65668,1.34985,0.661255,0.713797,1.29836,13,1440,1.32614,3.68403,3.38725,2.99794,3.0346,2.40518,3.41429,3.33908,3.36283,20.9751,12.6603,3.0438,1.36307,2.02418,3.38476,13,1440,1.59583,1.54292
2025-03-16,-2.11365,6.58665,6.55978,5.05581,6.62904,6.28909,5.50841,5.87907,5.92079,376.89,80.0935,4.78314,2.97436,3.58542,5.19686,13,1440,-2.62399,7.88359,7.00319,6.65317,7.95161,7.9258,6.99673,6.52456,6.86564,162.938,54.3059,5.652,3.61882,3.38437,6.88543,12,1440,5.69289,5.73248
2025-03-17,1.72349,5.49854,4.66935,4.10151,2.89814,3.67797,4.87103,4.76873,5.34717,40.5244,55.1039,4.58322,2.0429,2.62644,4.91577,12,1440,2.0618,7.36894,5.89215,4.96678,3.77404,5.02396,6.51748,5.96063,6.94439,51.8094,60.8514,5.54752,2.37238,3.51977,6.17324,14,1440,5.18264,4.39158
2025-03-18,-1.55349,5.21817,4.93081,4.73653,5.45825,5.75883,4.96739,5.46578,5.41755,35.9567,45.0169,5.13658,2.60074,2.33007,4.90219,12,1440,0.271136,6.61378,5.77255,5.98521,6.34225,6.33861,6.27053,5.94535,6.98929,40.6528,43.1908,5.88273,3.00233,2.77022,6.01418,13,1440,4.72956,4.42321
2025-03-19,4.87344,6.79012,5.69251,5.87214,6.00695,5.76548,6.75041,5.6451,6.71798,73.7832,48.3838,5.29458,1.95648,3.73603,6.56644,12,1440,6.24739,15.1542,15.4774,14.0955,15.0799,17.1992,15.3814,13.673,12.7763,1461.56,340.026,11.7721,5.02282,10.4546,14.207,12,1440,7.09817,6.35629
2025-03-20,-3.06631,5.52457,6.1525,6.24723,6.51899,7.58818,5.93441,6.04726,5.56602,77.8499,62.6545,5.6744,3.83872,2.31378,6.05302,11,1440,-3.57824,7.13361,7.59682,7.61061,7.60738,9.13009,7.29614,7.3442,6.91944,136.525,76.5336,7.18208,4.71552,2.88129,7.67364,11,1440,5.04779,5.70196
2025-03-21,-0.159941,3.28366,3.45325,2.99929,3.05391,2.89204,3.36097,3.40053,3.1793,20.4317,18.7648,3.35488,1.6872,1.76605,3.44759,11,1440,-0.91353,6.0202,5.44872,5.19613,4.35249,3.05881,5.56132,5.61426,5.99286,34.7805,43.6388,5.74286,2.96315,2.48557,5.36117,13,1440,3.48416,3.48334
2025-03-22,-0.295601,0.647482,0.548187,0.550077,0.336088,0.35314,0.597722,0.549952,0.492579,0.395354,0.352457,0.506961,0.283142,0.265045,0.596401,13,1440,0.757142,2.72746,2.30753,2.19596,1.64592,1.70916,2.48742,2.2541,2.58766,6.33931,5.76088,2.12137,1.06283,1.2447,2.34652,13,1440,0.821693,0.756677
2025-03-23,2.63889,1.27883,1.54598,1.51915,1.56744,1.44756,1.46532,1.32783,1.1325,5.49189,2.14062,1.24687,0.529308,1.01667,1.53523,11,1440,1.26924,3.3331,3.39892,2.50849,2.53714,3.11998,3.15119,3.19196,3.24912,13.3246,10.5821,3.24188,1.55884,1.84007,2.99824,13,1440,1.20027,1.43033
2025-03-24,1.63116,4.11023,4.37249,4.38201,4.92702,4.13952,4.39174,4.26649,4.15108,25.9877,25.1057,4.33119,2.05638,2.31611,4.51744,11,1440,3.68069,7.43769,7.23507,7.60832,8.44068,7.52614,6.9805,6.9882,7.21588,81.2835,53.9637,6.83245,3.16871,4.06636,7.04127,11,1440,3.75956,4.15068
2025-03-25,-0.120406,4.06147,3.74281,3.36112,2.25606,2.29469,4.11643,3.60214,3.99642,16.3124,16.1986,3.63187,1.70036,2.04245,3.69474,14,1440,-0.725768,6.11605,5.70596,4.65443,4.20837,4.67146,6.18275,5.66717,5.88073,35.5172,37.8838,6.16887,2.93619,2.76976,5.61587,13,1440,3.84595,3.77909
2025-03-26,-0.555015,3.65831,3.61788,3.97393,3.27317,3.62469,3.62127,3.68111,3.60724,23.2593,30.244,3.83631,1.79935,1.81854,3.53233,12,1440,-2.77911,5.88285,5.9154,6.85602,5.95756,7.0589,6.22193,6.0982,5.53525,63.0258,69.1863,6.00462,3.35336,2.56204,6.10977,12,1440,3.6394,3.88777
2025-03-27,0.37078,3.33182,2.86667,2.50796,2.01055,2.40274,3.09933,3.12372,3.0784,10.3058,13.3624,3.03542,1.34985,1.51683,2.97022,13,1440,-0.292038,5.75943,5.55087,5.34435,3.7213,4.59066,5.6351,5.24767,5.60064,53.066,38.3839,5.20467,2.87434,2.67653,5.59596,12,1440,3.51327,3.30305
2025-03-28,-3.27151,4.19835,3.93812,3.53559,3.20784,2.85799,3.85265,3.96568,4.3316,20.6772,18.5706,3.85737,2.27272,1.6654,3.8211,13,1440,-5.47545,15.2908,13.8741,17.31,17.0031,14.9762,15.5912,11.7432,13.6011,1862.02,429.37,9.39154,9.68989,4.18423,15.7902,12,1440,5.74786,5.24561
2025-03-29,-2.12591,3.14572,3.34624,3.37924,2.28444,2.94436,3.30272,3.31356,3.21498,25.8256,24.9527,3.14893,1.83922,1.50702,3.36546,11,1440,-3.69547,10.3026,9.62317,8.79923,4.81043,6.16433,10.0382,9.64242,9.49288,292.653,228.05,8.99832,5.82216,3.80101,10.2255,12,1440,4.69587,4.71094
2025-03-30,-0.313321,3.03981,2.84192,2.73132,2.36107,1.82714,2.903,2.89806,2.9532,13.0083,16.225,2.86406,1.50969,1.33223,3.04968,12,1440,-1.11888,9.3476,9.51335,8.13188,8.19976,6.9585,9.44808,8.77724,8.11732,344.542,245.51,7.46925,5.30407,4.20929,9.72822,11,1440,4.33522,4.37212
2025-03-31,0.194034,7.43939,7.07058,7.87437,6.57679,6.80299,7.30908,6.30516,7.24914,118.492,60.4655,6.18504,3.26767,3.80291,7.18944,13,1440,0.809333,13.4885,12.6568,11.963,10.7585,11.5792,12.9553,10.7183,12.5677,306.579,127.336,9.81808,5.7689,6.88788,12.3879,13,1440,8.5482,7.89358
2025-04-01,3.11081,4.99309,4.28503,5.25612,5.69042,3.89172,4.7282,4.25172,4.87736,53.6555,29.0362,4.05628,1.60867,2.67636,4.81738,11,1440,4.43007,10.5532,7.59902,9.46769,10.552,9.55178,9.26087,7.37025,9.93687,124.236,87.5346,6.9784,2.7177,4.88132,8.97987,12,1440,5.66476,4.52462
2025-04-02,-3.15166,14.7384,13.7755,16.679,10.5082,13.3204,14.8521,12.1196,13.4986,1250.56,361.392,10.8986,7.67217,6.10337,14.2345,11,1440,-5.93439,24.8475,22.8392,24.3861,16.7384,23.8758,23.405,21.8405,24.386,1835.13,1458.55,22.0815,12.9107,9.92855,23.405,11,1440,16.5285,15.3854
2025-04-03,0.840894,7.92018,7.13871,6.00663,5.43741,6.45632,6.89198,6.93019,7.90465,87.9545,74.6311,6.77698,3.20581,3.93289,6.12125,14,1440,1.21858,15.6861,13.2034,13.5199,12.8868,16.4557,14.062,13.3133,16.1918,374.976,359.261,11.8683,6.36829,6.8351,13.0161,13,1440,9.28191,8.18152
2025-04-04,0.81002,11.5243,13.1391,12.196,13.1619,11.7575,11.9059,13.064,11.6504,331.693,346.441,13.4728,6.31339,6.82576,11.912,12,1440,-0.0198123,18.0013,17.9915,16.9704,18.2157,15.4396,16.893,17.3435,18.0276,862.901,558.024,16.5557,9.27342,8.71807,15.7037,12,1440,12.3025,13.3779
2025-04-05,-0.420337,2.10434,1.71691,2.05865,1.95267,1.70565,1.82261,1.77859,1.89622,4.49811,3.67709,1.68317,0.863801,0.853106,1.78779,14,1440,-0.599525,5.97948,3.03435,2.86997,2.58739,2.92827,3.48798,2.94768,6.44197,12.0744,10.2388,2.84081,1.55183,1.48252,2.60149,17,1440,2.44036,1.70119
2025-04-06,-6.3095,11.8968,7.55458,7.04685,9.83521,10.6551,9.37043,7.91738,12.3883,115.198,149.049,7.76769,4.80728,2.7473,8.65892,14,1440,-13.3214,41.8904,23.9549,27.6601,39.5689,43.9321,30.1647,21.8866,40.1489,2196.02,1560.73,20.3756,17.7786,6.17632,25.2557,14,1440,18.1093,10.5333
2025-04-07,0.930554,39.3894,36.5672,41.5982,25.9728,28.6568,37.7737,36.8045,38.7633,4330.75,4444.2,35.612,17.633,18.9342,38.0409,12,1440,-1.76914,84.1524,77.0642,92.6525,86.3774,102.975,84.3665,74.157,81.0273,14209,12613.9,70.1639,37.1882,39.876,84.591,11,1440,50.2778,46.586
2025-04-08,-3.65453,12.0935,9.76085,10.3975,12.5465,13.3899,10.9666,9.55289,11.4889,123.717,125.612,9.25213,5.09624,4.66461,10.0673,13,1440,-5.26349,29.7594,23.3085,27.6327,31.8752,31.7539,26.1594,21.0831,27.4038,884.853,590.86,20.0437,13.2156,10.093,24.7194,12,1440,16.2351,12.9518
2025-04-09,7.92272,25.5317,26.9387,29.6353,35.4898,39.1911,27.4095,23.3628,25.8459,3373.34,869.104,22.0824,9.11093,17.8278,27.6659,12,1440,12.4951,58.9844,68.5628,78.62,94.8502,98.2413,66.8352,53.6918,61.9203,23013.6,4326.94,46.0193,23.0052,45.5576,71.1533,11,1440,32.8849,38.1099
2025-04-10,-3.70881,10.3378,8.84034,9.49828,10.0606,13.7825,8.91955,8.80201,10.8457,161.694,158.634,9.66764,5.26235,3.57799,9.35013,12,1440,-9.23407,30.7239,26.426,24.5097,28.2866,31.545,25.2414,26.1143,31.5247,1611.61,1407.12,26.1834,15.6451,10.7809,26.0476,13,1440,14.8571,13.1797
2025-04-11,4.68283,8.55468,8.83283,10.8736,11.3285,11.5412,8.83035,8.76339,8.51278,197.837,156.66,7.77967,3.02925,5.80359,9.29873,11,1440,2.88777,17.2617,14.9898,15.1058,11.7854,12.2212,15.3552,13.8033,16.4613,467.136,257.149,13.0007,5.73741,9.25235,14.5309,12,1440,10.0539,9.88926
2025-04-12,2.19695,4.17923,4.1069,3.62391,2.52238,2.52103,4.01352,4.0267,3.99298,32.7284,24.4714,3.90089,1.69164,2.41526,3.73483,13,1440,4.81745,14.5083,13.1837,9.99758,8.06736,10.2578,11.3353,12.6921,14.0083,614.432,287.203,11.312,4.7035,8.48016,10.6377,14,1440,5.755,5.62676
2025-04-13,-1.7948,7.29258,6.84207,7.12292,5.43947,5.02434,7.05181,5.16123,6.91087,179.784,27.8506,4.61251,4.53384,2.30824,7.28174,12,1440,-2.86391,22.2838,19.6726,21.3666,19.6453,22.9116,21.9226,16.3345,19.6544,1452.57,663.65,14.6013,12.0804,7.59223,22.932,12,1440,10.1111,9.72001
2025-04-14,0.987917,7.79437,7.71651,7.02842,7.04249,8.09089,7.87558,7.38911,7.03641,123.109,88.6513,7.77835,3.8896,3.82692,7.93412,12,1440,1.6148,18.0402,16.5462,15.7761,16.7663,20.7776,16.6209,15.1402,17.0355,729.132,535.597,14.5158,9.18042,7.36578,15.5273,13,1440,9.43975,9.36194
2025-04-15,-1.12652,4.65092,4.20055,3.96861,2.25807,1.81174,4.63281,3.60603,4.34626,54.2374,30.3374,3.72264,2.49424,1.70632,4.63578,13,1440,-2.17842,12.1538,12.104,11.3272,7.05359,4.94868,12.5607,10.5622,12.2435,558.557,254.453,9.4067,7.74504,4.35894,13.1661,12,1440,6.17638,5.94247
2025-04-16,0.460882,5.49725,6.03253,8.7507,11.2172,8.60846,5.97226,6.1072,5.41481,79.6501,112.673,6.47364,3.12968,2.90285,6.25595,10,1440,-0.735335,18.2785,19.0865,27.8787,36.2282,23.3007,18.932,19.4666,17.2888,1055.44,945.109,18.5379,10.3162,8.77026,20.3392,10,1440,8.21943,9.06512
2025-04-17,1.08598,2.91974,2.56866,2.7862,2.45854,2.0246,2.60772,2.43244,2.69498,9.01691,8.08574,2.52714,1.15902,1.40964,2.42601,12,1440,0.410029,8.57149,8.08976,8.42252,9.00909,8.93188,8.39815,7.07248,8.65541,125.354,62.29,7.33416,3.62692,4.46284,8.03066,12,1440,3.94064,3.63102
2025-04-18,-0.558628,0.878212,0.629743,0.663722,0.737345,0.281493,0.762102,0.633338,0.773375,0.373766,0.456215,0.64769,0.352999,0.276744,0.66597,14,1440,0.313976,3.12501,2.22975,2.34338,2.14675,1.28196,2.53174,2.24255,2.97804,5.48765,5.57271,2.14048,1.11767,1.11208,2.17492,14,1440,1.24763,0.899173
2025-04-19,0.710488,1.01051,1.03959,0.859079,0.904923,0.943426,1.08353,0.915636,0.867559,2.78108,1.0571,0.913972,0.531683,0.50791,0.986433,13,1440,1.541,3.48998,3.09023,2.91399,3.09174,2.89598,3.40695,2.71695,3.01731,45.1626,6.46902,2.37886,1.14586,1.94437,3.02601,14,1440,1.20294,1.1788
2025-04-20,0.12009,1.286,1.21549,1.07824,1.25821,1.34139,1.24064,1.16209,1.07107,2.42206,1.77524,1.16623,0.538755,0.676738,1.20836,11,1440,-1.61909,3.67558,3.28257,3.26292,3.97015,3.21139,3.20363,3.16743,3.15451,22.195,15.9339,2.82536,1.96637,1.31619,3.29425,11,1440,1.53108,1.55531
2025-04-21,2.70665,5.19412,5.77689,5.8205,7.09797,7.49098,5.83561,6.17169,4.85895,97.9172,164.611,6.2003,2.33662,3.44026,6.062,11,1440,-0.49196,10.5312,10.4809,9.91425,12.2977,12.9638,10.8454,10.7993,9.92188,205.334,311.105,10.4329,4.96206,5.51884,10.652,12,1440,5.66548,6.28621
2025-04-22,6.55273,9.96951,9.31262,8.02956,7.50523,9.35922,8.11033,6.50404,8.70456,1383.8,92.0275,4.87049,1.98622,7.3264,8.18542,13,1440,10.6034,27.9207,30.3245,26.0378,23.9726,27.6367,27.069,22.3084,26.7989,8021.86,1149.01,18.7486,7.21112,23.1134,25.3518,13,1440,12.6723,12.6901
2025-04-23,0.265147,7.03216,6.1331,5.09795,6.94014,2.85458,5.63213,6.08333,6.99553,83.3605,119.386,6.10436,2.89597,3.23713,5.09933,13,1440,2.18575,20.7959,22.2084,18.27,23.8008,12.7117,18.5037,20.9209,20.4149,1175.12,665.68,19.5735,9.72947,12.4789,17.4408,13,1440,8.92869,8.48002
2025-04-24,0.308401,3.54692,3.30437,2.78639,2.27609,1.82337,3.58743,3.27859,3.3864,12.726,9.63366,3.58283,1.70945,1.59491,3.33425,15,1440,-1.42622,10.3906,9.03872,8.70913,8.42561,5.58666,10.0706,9.81693,9.5182,108.759,136.363,9.2758,5.21303,3.82569,9.91541,14,1440,4.91849,4.55762
2025-04-25,0.697928,4.19019,4.11346,5.29125,3.79073,4.6929,4.21784,3.75449,4.1353,30.9535,23.3899,3.90185,2.03584,2.07762,4.3182,12,1440,0.841251,11.791,11.2876,12.9794,10.8119,13.422,11.3757,10.9336,11.6026,224.788,148.388,10.751,5.55692,5.73067,11.4683,12,1440,5.43275,5.44021
2025-04-26,-0.0112857,1.59295,1.36607,1.19872,0.732865,0.784682,1.46055,1.35396,1.37491,2.57542,2.10112,1.31173,0.653212,0.712859,1.08579,14,1440,2.01256,7.99898,6.96446,7.8177,7.66747,3.74407,7.29852,6.56171,7.85699,205.31,42.856,6.02963,2.79041,4.17405,7.02403,12,1440,2.60353,2.09645
2025-04-27,-0.932922,1.84105,1.88023,1.60941,1.45799,1.44345,1.83697,1.75149,1.61531,9.24467,3.97545,1.74106,1.12259,0.757633,1.52283,14,1440,-1.63839,7.23461,8.39531,6.98747,6.97459,7.28883,7.04014,7.22526,6.86121,351.188,110.942,6.60355,4.83569,3.55962,6.58559,12,1440,2.90165,3.45075
2025-04-28,1.33704,3.46873,3.63604,4.24758,4.92891,4.97,3.51727,3.64331,3.34167,20.3069,21.8977,3.44424,1.72521,1.91083,3.55104,11,1440,0.478397,10.9953,10.3994,10.2703,9.35092,8.53804,10.6163,9.83622,10.7283,251.762,130.827,9.24598,4.90363,5.49574,10.0832,12,1440,4.77344,4.97335
2025-04-29,-0.797138,3.22318,3.08212,2.68127,2.08414,1.66985,3.24629,3.11822,3.09043,10.1635,11.3498,3.04778,1.64192,1.4402,3.06702,13,1440,-0.115074,8.83681,8.30965,5.62631,5.26981,5.30664,8.53321,7.84236,8.29981,115.294,61.3866,7.76148,4.25406,4.05559,7.76799,13,1440,4.04533,4.12583
2025-04-30,-0.0900287,3.36192,3.2846,4.67521,5.85388,4.53012,3.46046,3.17725,3.19895,26.4187,25.5317,3.01634,1.66768,1.61692,3.52634,11,1440,-0.233891,9.12578,8.67389,10.4071,11.1918,12.2222,8.72324,8.25006,8.51391,138.512,127.946,7.67049,4.04028,4.63361,8.35729,12,1440,4.31351,4.35546
2025-05-01,2.43155,2.82301,3.05686,3.50538,3.76197,2.73546,2.92507,3.13949,2.6717,16.6752,13.8657,3.01118,1.33531,1.72155,2.80853,12,1440,2.45075,7.69707,7.75803,8.54355,7.62242,7.50036,7.5426,7.54655,7.26398,197.894,84.0593,6.27063,3.13997,4.61805,7.17734,13,1440,3.3955,3.92566
2025-05-02,0.410835,2.52955,2.50735,2.41406,2.15594,2.50144,2.47611,2.39913,2.23642,9.8756,9.04975,2.37912,1.13045,1.3769,2.3372,13,1440,0.222264,6.59627,7.40768,4.88342,4.12409,4.42645,6.01505,6.73463,6.36931,527.471,100.654,6.02837,2.9762,4.43148,5.34764,13,1440,3.03652,3.24275
2025-05-03,-1.06953,0.865472,0.77491,0.729844,0.55688,0.698656,0.790799,0.727383,0.706238,0.723004,0.581971,0.704967,0.448773,0.326137,0.746995,12,1440,-0.472289,2.87834,2.75728,2.29061,2.26455,1.99049,2.58865,2.76389,2.78335,14.6667,11.3489,2.63734,1.54525,1.21203,2.45622,12,1440,1.00012,1.07276
2025-05-04,-1.66076,1.60053,1.84996,1.63149,1.22594,1.63046,1.82192,1.50163,1.35783,14.2312,3.17142,1.35438,1.20018,0.649779,1.73525,13,1440,-1.35408,4.21098,4.00882,3.97242,2.84173,2.75628,3.92085,3.29882,3.77618,36.1624,11.3059,3.1245,2.30493,1.70389,3.5489,14,1440,1.93649,2.267
2025-05-05,0.482575,2.75815,2.84154,2.25986,2.25716,2.92343,3.05122,2.57615,2.53548,17.4434,10.2552,2.26298,1.3557,1.48584,2.92843,12,1440,0.624408,6.07916,5.86253,4.57028,3.84279,5.70293,6.30072,5.00987,5.99421,84.743,29.1147,4.60081,3.13246,2.73007,5.78644,13,1440,3.25681,3.4219
2025-05-06,2.19288,2.77847,3.31012,3.2036,4.09287,4.70122,3.18033,2.73955,2.49346,31.3418,14.7409,2.43351,1.09922,2.2109,3.28935,11,1440,-0.17541,7.21807,7.85246,7.19473,8.64415,9.48783,8.03606,6.76612,6.86424,137.323,56.8006,6.23063,3.46298,4.38948,8.16123,11,1440,3.45447,4.27163
2025-05-07,0.202698,3.18261,3.73395,2.79787,2.88896,2.30846,3.61483,3.76786,2.80341,39.5584,36.1475,3.50047,1.92726,1.80669,3.24952,14,1440,-0.324687,8.31855,7.8163,6.12415,5.90263,5.58352,8.26818,7.26564,8.18347,173.248,95.9735,7.11787,3.81299,4.00331,6.95614,14,1440,3.97986,4.60925
2025-05-08,6.22402,6.24233,5.67263,5.89765,6.19244,6.29645,6.54845,5.18369,5.62024,87.5865,65.596,4.72403,1.70309,3.96954,6.96792,12,1440,19.7871,28.0141,28.7372,24.7246,30.5053,43.6457,29.1923,23.5971,25.0748,2532.86,1119.31,21.378,7.31939,21.4178,29.5696,12,1440,9.30561,8.60268
2025-05-09,-0.280856,4.38496,4.30179,3.64411,4.16162,3.1936,4.22199,4.52698,4.38905,38.8298,64.8001,4.58328,2.38914,1.91265,3.81159,13,1440,6.04916,49.462,61.6411,46.755,56.9477,54.2085,55.8563,58.5384,46.3041,18697.5,9734.52,56.9097,31.0988,30.5424,57.5437,11,1440,9.82201,11.0145
2025-05-10,1.76877,2.1636,2.02471,2.15113,2.56071,2.54998,2.24793,1.94353,1.98267,28.6919,20.8637,1.57672,0.689238,1.33547,2.18936,11,1440,9.67381,26.1148,22.5861,21.8805,22.3606,16.6419,25.363,19.2344,24.1497,1107.88,544.196,17.2984,9.33969,13.2464,23.7688,12,1440,4.67402,3.63748
2025-05-11,-0.661983,3.57595,3.72981,3.196,2.89682,2.3005,3.47892,3.41209,3.20261,26.6858,17.3289,3.42543,2.00761,1.7222,3.14801,13,1440,-2.69387,24.1486,24.3303,24.8274,23.1225,17.8932,22.2159,27.6624,22.9589,1797.77,2761.12,24.4334,14.7312,9.5991,20.9176,13,1440,7.02674,7.34998
2025-05-12,-1.2824,6.6542,7.68826,7.00935,7.00495,5.64023,6.86456,7.09084,6.19879,307.739,108.382,6.25659,3.74428,3.94398,6.98892,12,1440,-0.762473,26.0116,27.8,21.5129,27.937,20.8789,26.4218,26.903,25.6721,2096.28,1247.03,25.7913,14.7255,13.0744,25.5796,13,1440,10.3553,12.1997
2025-05-13,1.26868,3.9134,3.74607,4.02065,2.74071,3.22858,3.75952,4.0086,3.71621,17.8946,23.9853,3.73098,1.73158,2.01448,3.64069,13,1440,7.12315,22.1688,19.6512,18.286,13.7363,16.5962,20.0507,19.3677,21.4049,796.617,682.208,18.7426,8.79044,10.8607,18.8669,13,1440,6.83126,5.97869
2025-05-14,-0.574054,2.67552,2.44858,2.0117,2.0331,1.31109,2.51371,2.49271,2.45014,11.0701,10.7063,2.25865,1.39494,1.05364,2.31985,14,1440,-2.6458,19.1194,18.6097,16.4221,14.1305,12.7707,18.3493,19.9332,19.0324,724.631,789.202,19.0752,11.083,7.52667,17.6305,13,1440,5.33655,5.00857
2025-05-15,0.246913,3.99102,4.46367,3.92305,4.23373,5.95764,4.11249,4.65816,3.85117,31.0436,34.0439,4.59602,2.30034,2.16333,4.18559,11,1440,-2.36711,20.5918,22.03,19.7192,20.7245,28.2341,20.2471,22.5646,20.0528,647.343,588.783,21.9212,12.1194,9.91059,20.4374,12,1440,7.23402,8.40612
2025-05-16,-0.289354,2.46558,2.62994,2.29933,1.71046,1.57911,2.52116,2.54236,2.21552,10.286,7.45977,2.51738,1.21021,1.41973,2.50572,13,1440,-0.454992,13.6684,12.8122,11.3879,8.51492,8.92941,12.7833,11.7935,12.5802,251.155,128.806,10.94,6.51968,6.29251,11.8846,13,1440,4.25216,4.56972
2025-05-17,-0.326492,1.55697,1.38387,1.32288,1.33281,1.36084,1.38053,1.36079,1.38573,3.41508,2.71222,1.30911,0.74013,0.643736,1.32363,13,1440,-2.47569,11.5467,10.7095,10.2079,9.07962,8.74273,10.1875,9.62704,11.1407,192.525,102.451,9.40098,5.92997,4.77956,9.48048,13,1440,3.04242,2.73933
2025-05-18,3.17576,3.57992,3.66693,4.25624,4.09482,5.76943,4.11501,3.72221,2.94532,31.4504,30.9711,3.19945,1.36101,2.30592,4.18343,11,1440,0.912962,29.9029,21.6905,24.4271,27.6049,30.0241,25.8779,15.9924,24.5004,2304.88,607.259,14.6185,11.7893,9.90121,23.2235,13,1440,7.27834,7.14183
2025-05-19,-0.830574,5.51809,5.69514,5.35387,5.55473,7.63688,5.63283,5.3503,4.94436,35.7399,26.9671,5.36654,3.09804,2.5971,5.43791,12,1440,1.20815,24.0992,23.8722,21.9368,22.5519,22.879,22.7579,22.6934,21.7281,834.454,725.697,24.0128,11.5593,12.3129,22.2269,12,1440,8.79416,8.88522
2025-05-20,1.20162,4.51151,6.04512,4.8182,5.61266,6.87454,5.449,5.73837,4.08338,60.1868,45.986,5.43249,2.79222,3.2529,5.58988,11,1440,-0.156364,15.5293,15.105,11.0074,11.9322,14.483,15.1754,15.4553,14.9178,268.097,268.78,14.7175,7.82324,7.28173,14.5375,12,1440,6.28828,7.83468
2025-05-21,2.58128,8.58597,10.0302,10.6264,11.6493,13.793,9.09913,10.1556,7.75959,248.515,271.006,9.53324,4.94237,5.08781,9.13913,11,1440,1.05613,25.2461,27.432,30.4163,31.3615,33.9147,25.0336,28.5467,24.4378,1701.97,2833.69,29.0155,14.6144,12.8175,25.6935,12,1440,11.4816,13.7198
2025-05-22,1.85441,6.01856,5.03768,4.17565,3.82126,4.41105,5.50734,4.7501,5.68689,38.3406,30.2429,4.45378,2.3197,2.71798,4.69486,13,1440,4.3655,17.6882,17.3784,13.475,13.2066,11.111,16.7492,15.6845,16.7512,614.272,313.988,16.09,7.37694,10.0014,14.9704,13,1440,7.54883,6.50555
2025-05-23,-3.99836,7.20271,5.8762,5.94051,6.33623,6.86706,6.84832,5.53836,6.68645,75.836,61.1304,6.08257,3.49432,2.38188,6.67396,12,1440,-5.33016,23.8689,17.4879,19.3658,22.5761,25.4362,21.5408,17.8415,23.3998,791.043,719.929,15.8286,10.2495,7.23832,22.1901,12,1440,10.2346,7.61595
2025-05-24,0.412507,3.11456,2.81957,1.89013,2.41848,2.63703,2.87059,2.78368,2.86727,16.3905,12.588,2.62526,1.43009,1.38948,2.77789,13,1440,0.154245,6.23724,5.09645,3.76537,3.52867,3.09674,5.14085,4.58383,6.01455,78.5741,22.8742,4.13317,2.39098,2.70546,4.48802,14,1440,3.45702,2.95269
2025-05-25,1.14621,3.47299,2.78149,3.4901,3.49049,3.62174,3.41004,2.59478,3.2795,15.6226,11.0593,2.37794,1.34449,1.437,3.32156,13,1440,0.819428,9.04923,7.66661,7.71482,9.4995,7.68434,8.68185,6.49681,9.06751,404.456,69.4769,5.77113,4.29199,3.37462,8.45293,12,1440,4.45994,3.59492
2025-05-26,0.394252,2.84246,2.51929,2.12098,1.87368,1.41659,2.75891,2.43453,2.75462,8.94678,9.95118,2.33025,1.25834,1.26095,2.56001,14,1440,0.487985,6.12587,5.18535,4.71786,4.81763,4.72641,5.75764,4.72781,5.97257,45.0089,32.8874,4.61188,2.54552,2.63984,5.32987,14,1440,3.32219,3.02335
2025-05-27,-0.454837,4.70255,3.56811,3.50065,3.43435,2.6445,4.6671,3.68482,4.40864,25.3444,25.4062,3.56671,1.86424,1.70387,4.55878,12,1440,3.71791,12.5175,9.18978,10.7801,10.0931,7.29044,11.2821,9.06366,12.0792,109.924,119.91,9.35675,3.73632,5.45345,10.8125,12,1440,5.57376,3.89959
2025-05-28,-1.06718,2.79967,2.4019,2.60108,2.21944,2.21763,2.47403,2.31551,2.62032,7.09486,7.74519,2.34154,1.38976,1.01214,2.35143,12,1440,0.778304,9.10647,8.59869,8.47713,7.45712,7.64538,8.58486,9.02549,8.58679,95.7907,107.948,8.54861,4.08506,4.51364,8.52452,11,1440,3.85537,3.51021
2025-05-29,-2.05473,4.48749,4.24448,3.14651,2.97964,3.06736,3.6942,4.18206,4.20536,42.0754,24.2791,4.68898,2.25904,1.98544,3.01053,15,1440,-1.89014,14.8699,13.1846,12.8587,11.8093,14.6972,13.1391,11.743,13.8484,403.211,185.937,12.8472,6.83775,6.34683,13.8119,13,1440,5.57715,4.77874
2025-05-30,-1.531,5.00874,4.41972,4.92403,5.11318,5.38273,4.98721,4.57926,4.98795,27.8692,30.1276,4.79341,2.55476,1.86496,4.88636,12,1440,-3.87634,16.7527,14.5306,17.4068,19.1703,20.0619,15.682,15.0178,15.8346,421.174,429.584,14.4581,9.17858,5.35204,16.0256,12,1440,7.29514,6.46113
2025-05-31,0.581465,2.28361,2.2021,1.50023,1.24172,1.36811,1.93114,2.26149,2.02473,10.7641,9.85202,2.39567,1.00216,1.19994,1.78275,13,1440,-0.12966,8.88625,8.64377,5.14894,3.66922,4.29423,6.75119,8.41259,8.33349,323.946,151.346,8.26744,4.53901,4.10476,6.18733,13,1440,3.6851,3.80455
2025-06-01,0.99989,1.67394,1.59844,1.76663,1.23067,1.2059,1.55961,1.34942,1.4799,6.68898,2.15605,1.3028,0.66004,0.938405,1.51924,12,1440,0.44008,5.99104,5.53688,5.44457,3.89539,3.62171,5.30368,5.56895,5.99814,71.5354,55.7834,5.01255,2.93737,2.59952,4.84438,13,1440,2.53747,2.44647
2025-06-02,0.203366,2.624,2.78969,2.75836,2.69512,2.12003,2.85452,3.04702,2.49838,8.58305,15.5389,2.90493,1.36902,1.42067,3.04279,12,1440,2.65044,8.45525,7.39582,6.36163,6.21999,6.26278,7.6472,6.99285,7.7356,62.6512,67.5711,6.97513,3.05307,4.34275,7.29473,13,1440,3.55412,3.63697
2025-06-03,-0.455513,2.12983,2.41542,2.49625,2.66355,3.49225,2.32692,2.12067,1.98603,12.1526,8.95431,2.0522,1.15118,1.26424,2.40899,12,1440,-0.540306,6.72426,6.55743,6.59672,7.65709,8.59395,6.83796,5.83639,6.49123,61.1636,39.2942,5.62009,3.35637,3.20106,6.46561,13,1440,2.70951,3.02149
2025-06-04,-0.647423,1.61728,1.65407,1.28521,1.28351,1.13817,1.62849,1.42612,1.48063,4.60456,2.84424,1.55583,0.883954,0.770118,1.65792,12,1440,0.55066,6.48247,6.70896,5.59147,5.72188,5.80949,6.41208,6.00347,5.82662,63.8782,38.2399,6.20737,3.01542,3.69353,6.83331,12,1440,2.24952,2.44019
2025-06-05,-3.09248,5.31645,5.42366,5.04706,5.80494,8.1549,4.98725,5.29566,5.2307,85.8941,71.7655,5.45201,3.50967,1.91399,5.15876,11,1440,-7.71717,21.9837,19.3621,17.9896,24.678,40.6788,19.1325,17.8109,19.7599,1947.8,1481.72,16.5206,14.1777,5.1844,18.975,11,1440,8.38949,8.53081
2025-06-06,2.70162,2.43179,2.37805,2.32781,1.85151,1.82273,2.41317,2.26052,2.14185,9.86174,6.42555,2.12129,0.941675,1.43637,2.24453,13,1440,2.53955,8.12492,7.82039,7.0262,6.37424,4.75161,8.00813,8.09059,7.61615,71.0381,79.9204,8.03289,3.57036,4.25003,7.87649,13,1440,3.25066,3.24052
2025-06-07,1.20446,1.04834,1.17178,1.13806,1.22129,0.956682,1.09027,1.07887,0.837909,3.07308,1.66366,1.06486,0.413383,0.758396,1.08517,11,1440,1.94098,3.23039,3.51647,3.09576,3.10058,2.00388,3.28078,3.1629,2.88321,25.386,13.8147,3.18965,1.3641,2.15238,3.28295,11,1440,1.2204,1.53439
2025-06-08,0.172136,0.884371,0.84159,0.810668,0.655799,0.835687,0.78752,0.809646,0.755195,1.55824,1.35737,0.791338,0.454519,0.387071,0.746677,13,1440,-0.58795,2.88809,2.94475,2.61916,2.2684,3.10895,2.8491,2.9175,2.39568,15.2946,16.5643,2.84323,1.71999,1.22477,2.9182,12,1440,1.15084,1.2136
2025-06-09,4.19421,3.08792,3.46036,4.13572,5.09517,3.82321,3.06563,2.98173,2.81406,79.9137,11.7337,2.77151,1.03016,2.43021,3.08325,12,1440,6.56503,6.26107,7.45211,8.87602,10.277,10.5256,6.71298,7.32664,5.83413,124.861,81.0964,6.53913,2.29822,5.15389,7.17932,11,1440,3.00807,3.59802
2025-06-10,0.0103112,2.71595,2.96718,2.7409,2.49136,2.02783,2.92937,2.84633,2.55361,18.7988,11.7274,2.85015,1.67346,1.29372,2.93253,11,1440,4.95942,15.2832,18.1611,18.5013,16.0512,13.3614,17.3888,16.8583,14.7122,862.475,397.681,14.9613,8.10083,10.0603,18.658,10,1440,4.57073,5.29722
2025-06-11,-1.48849,2.53428,2.77302,1.83123,1.8199,1.07958,2.85228,3.03113,2.29877,16.8182,20.4166,2.89556,1.49552,1.27749,2.26814,14,1440,-1.60311,13.6114,15.3656,12.0422,11.4208,10.8501,14.7378,15.6818,12.9086,545.069,481.539,14.9257,8.26467,7.10088,14.1939,12,1440,4.43896,5.28353
2025-06-12,-2.77494,3.47404,3.61118,4.17513,4.29243,3.51347,3.42613,3.61947,3.0987,20.8023,18.4043,3.68626,2.28281,1.32837,3.66365,13,1440,-4.76462,12.384,12.4231,13.454,15.8245,14.5522,11.8624,11.7302,10.7562,257.602,278.498,11.4545,8.0411,4.38195,12.6474,12,1440,5.17865,5.37724
2025-06-13,0.37297,6.68339,6.54633,7.36845,7.96361,5.10567,6.40894,6.11072,6.25496,99.9671,71.3582,5.65075,3.31646,3.22987,6.52325,12,1440,-2.43068,23.929,23.3595,29.0062,28.5251,28.0584,24.843,20.9085,23.5001,1148.98,1026.97,21.7566,13.5365,9.823,24.8538,11,1440,10.354,10.5708
2025-06-14,-0.616558,1.37483,1.16874,1.48341,0.781669,0.851651,1.25657,1.08939,1.26183,2.23916,1.58294,1.08894,0.612046,0.556694,1.26936,12,1440,-1.89557,5.33395,4.38208,4.47438,2.75082,3.03233,4.72713,4.06572,4.87272,24.1535,16.4527,3.84757,2.51301,1.86907,4.566,13,1440,2.10901,1.82632
2025-06-15,0.170012,1.37871,1.295,1.27683,1.39405,1.70427,1.36393,1.24725,1.1108,2.36014,2.13339,1.21,0.599423,0.695582,1.25329,12,1440,0.663601,5.0575,4.43232,4.77198,4.49352,5.84648,5.03982,4.48657,4.47519,47.5447,28.0931,3.95896,2.20152,2.2308,4.83883,12,1440,2.04395,1.89783
2025-06-16,1.13051,3.41972,3.0033,3.56815,3.31255,2.82557,2.91325,2.56157,3.16775,26.7359,12.6306,2.95899,1.38189,1.62141,2.97227,13,1440,-0.13512,14.8746,15.2638,24.2418,20.1677,15.6556,13.3693,14.391,13.3644,1510.36,1180.58,16.2075,9.59709,5.66676,15.5978,12,1440,5.35929,5.1975
2025-06-17,-2.12301,3.85912,4.10944,4.09501,4.01455,2.44772,3.69197,3.97576,3.72648,26.2739,21.964,3.85037,2.23463,1.87481,3.79887,12,1440,-1.35416,11.7159,12.688,14.6545,17.094,14.9763,12.0177,12.6097,11.0141,283.549,274.881,12.3697,5.9762,6.71179,12.8706,11,1440,5.25625,6.26583
2025-06-18,0.320487,4.39393,3.83672,4.62427,3.61405,2.84028,4.01549,4.1105,4.15004,21.2256,29.7776,4.21397,1.84991,1.98681,4.14214,12,1440,0.597823,12.8215,12.6451,12.3576,11.4911,7.82602,13.1441,12.247,11.7111,261.193,261.012,11.9623,5.77382,6.87131,12.7227,13,1440,6.50973,6.21442
2025-06-19,-0.217795,1.53278,1.78173,1.99384,1.54184,0.992452,1.85862,1.71377,1.33256,5.28174,4.00939,1.6851,0.884462,0.897264,1.94973,11,1440,-0.153782,4.68961,5.33757,5.64265,3.86381,2.81567,5.62174,4.80796,3.91694,45.4212,33.5064,4.84714,2.56922,2.76835,5.74552,12,1440,2.2307,2.64811
2025-06-20,-1.30856,3.25834,3.70896,3.4081,4.55733,5.05691,3.56905,3.93457,3.00498,33.0735,44.1555,3.44358,2.27853,1.43043,3.47512,10,1440,-4.6534,11.955,12.4272,13.6253,13.3066,14.6376,13.5001,11.7893,11.4977,845.972,672.702,10.4905,8.20844,4.21881,14.1114,10,1440,4.91053,5.48447
2025-06-21,-1.14692,3.43286,3.4685,2.83102,2.92977,2.99185,2.68891,2.58571,3.03557,106.738,53.8676,2.76343,2.08396,1.38454,2.63494,12,1440,-4.71184,45.4493,38.4863,22.4266,22.8054,30.5994,26.6832,26.3518,37.7252,27319.3,17627.4,24.1063,26.7955,11.6908,25.5154,13,1440,10.027,10.244
2025-06-22,-1.1386,7.97609,9.04191,9.12559,9.86501,11.6886,7.73584,8.42128,7.79093,155.685,113.28,8.35688,4.69147,4.35045,7.92388,12,1440,-3.00812,29.5316,31.9613,34.5124,41.0973,27.7988,28.839,30.2188,26.5438,2738.74,1491.37,24.6703,18.2287,13.7326,29.536,12,1440,12.3148,14.2432
2025-06-23,4.23729,6.88174,7.25677,9.53376,12.1802,9.04704,7.5688,7.56817,6.63393,108.518,119.118,7.09729,2.43441,4.82235,8.60524,11,1440,7.93456,22.5235,25.546,29.6445,38.0826,24.3645,24.6309,25.5494,20.7393,1498.51,1169.05,24.6237,7.55892,17.9871,27.2979,12,1440,10.2487,11.5138
2025-06-24,0.708622,3.19779,2.88902,2.58383,2.92943,3.07594,2.93899,3.0915,3.01398,9.71298,10.2958,2.94401,1.39084,1.49818,2.61357,12,1440,1.51399,12.8803,11.2608,8.47235,9.44717,9.31016,11.9371,9.81365,12.1008,306.871,134.993,9.46234,4.70638,6.55443,10.309,13,1440,5.02139,4.43398
2025-06-25,1.1785,2.71459,2.81404,2.73616,2.06978,1.53359,2.77346,2.69518,2.50308,13.0639,9.90467,2.35968,1.43741,1.37663,2.78425,12,1440,-1.23118,9.57184,10.5301,8.42199,8.76875,4.18395,10.6127,9.38602,8.79863,383.411,189.441,7.92032,6.38085,4.14926,10.4521,12,1440,4.00806,4.43093
2025-06-26,-0.367282,2.48046,2.30442,1.95141,1.27802,1.23818,2.26427,2.16226,2.18687,11.1988,8.07349,2.15989,1.13092,1.17351,2.18216,14,1440,-0.104665,11.7766,13.6639,9.68523,6.87487,8.32471,12.5942,10.1966,10.1358,998.435,276.404,10.0439,5.82987,7.83404,12.6139,13,1440,4.29217,4.65607
2025-06-27,0.0939556,1.94468,1.95117,1.52096,1.84941,1.63478,2.00995,1.954,1.7536,6.41337,7.06481,1.77177,0.970887,0.980283,2.00457,13,1440,0.297988,6.37572,6.16783,4.73603,5.66713,6.44529,6.13477,5.47779,6.00317,136.07,56.0864,5.03727,2.81938,3.34845,5.54676,13,1440,2.84396,2.76942
2025-06-28,0.232523,0.2706,0.245619,0.328984,0.381825,0.308073,0.283747,0.198694,0.171208,0.10066,0.0599432,0.199803,0.105768,0.139851,0.315038,12,1440,0.512474,1.58515,1.32234,1.27491,0.965364,0.871154,1.43771,1.22651,1.37211,3.1209,1.96738,1.05997,0.576786,0.745551,1.41359,13,1440,0.418927,0.396302
2025-06-29,0.983195,0.840701,0.899315,0.988285,0.827626,0.886171,0.862471,0.795839,0.646206,1.4456,0.894513,0.768178,0.360388,0.538927,0.861231,12,1440,2.61254,3.73533,4.51358,4.52925,5.57241,9.02709,4.06616,4.08291,3.21094,91.981,61.6962,3.55297,1.4614,3.05219,4.25166,11,1440,1.1965,1.44264
2025-06-30,-1.12336,1.58877,1.80427,1.60023,1.85005,2.11453,1.65355,1.69356,1.36704,7.15587,5.71353,1.68487,0.939723,0.864544,1.55301,12,1440,-0.586495,7.76662,6.97384,6.52412,8.41154,10.0243,6.7555,5.74952,7.04804,110.137,49.8427,5.283,3.54102,3.43282,6.49447,13,1440,2.58834,2.77647
2025-07-01,-1.37706,1.79149,1.76433,1.97406,1.53112,1.99416,2.04727,1.91671,1.59946,4.4788,6.11672,1.91516,1.00742,0.75691,2.16239,12,1440,-3.29077,5.34472,5.18467,5.2987,3.85865,4.30346,5.49934,5.20424,4.94345,36.8829,30.1502,5.27224,3.10387,2.0808,5.40013,13,1440,2.38742,2.42493
2025-07-02,2.95407,2.20871,2.46495,2.03597,1.74364,2.65778,2.27145,2.2252,1.81012,18.2703,9.07175,2.12519,0.923988,1.54096,2.09391,12,1440,6.65114,8.62752,9.53586,8.16697,8.62716,11.9197,8.86539,7.2685,7.14758,439.272,89.3574,6.03985,2.90212,6.63375,8.59654,11,1440,3.32335,3.74313
2025-07-03,0.673138,2.32779,2.5113,2.33691,2.27884,2.5549,2.26164,2.14419,2.18707,14.1979,5.31846,2.27087,1.22196,1.28934,2.26925,12,1440,0.807497,7.9419,7.81646,6.03457,5.69373,6.35631,6.59884,7.46364,7.31626,121.015,112.151,7.32174,3.99871,3.81776,6.35848,12,1440,3.40764,3.65273
2025-07-04,-1.47132,1.38234,1.36681,1.20463,1.26635,1.31427,1.36221,1.28084,1.2207,3.10718,2.32198,1.25903,0.725941,0.640871,1.23179,12,1440,-3.26388,5.05519,4.73619,4.88564,4.81481,5.01909,4.71299,4.5337,4.53919,30.6036,25.9148,4.71554,2.95973,1.77647,4.62069,11,1440,2.13598,2.10886
2025-07-05,0.19787,0.386646,0.459971,0.433582,0.493709,0.206047,0.420972,0.403981,0.273642,0.606718,0.20481,0.329529,0.210994,0.248977,0.434717,11,1440,0.333171,2.04788,1.89397,1.90495,1.91028,1.33798,1.98791,1.77755,1.8055,4.40557,3.30869,1.73763,0.874593,1.01937,1.98759,12,1440,0.602517,0.733466
2025-07-06,0.925224,1.22775,0.855316,0.901664,0.925082,0.826593,1.09893,0.780789,0.90225,1.77143,1.42298,0.70064,0.377211,0.478105,1.12376,13,1440,2.12088,6.12055,4.38871,4.98285,4.80372,6.33097,5.03969,4.00357,4.89583,86.08,60.4189,3.74334,1.51363,2.87508,5.33652,12,1440,2.1312,1.47448
2025-07-07,-0.865333,1.64785,1.64422,1.71067,1.63032,0.962281,1.65257,1.5201,1.40699,4.41342,3.31232,1.47232,0.903791,0.740426,1.64565,12,1440,-1.09768,6.17954,5.67888,5.05523,5.54157,4.63401,5.84408,5.14325,5.47811,60.977,38.3254,4.82127,3.22028,2.4586,5.34327,13,1440,2.50354,2.54445
2025-07-08,0.607813,1.3961,1.36045,1.38653,1.21879,1.5087,1.42108,1.27717,1.17486,3.98159,2.29179,1.17241,0.59716,0.763291,1.41618,12,1440,2.82944,5.66149,5.37103,6.27241,5.48556,5.77226,5.62482,5.24285,5.12411,115.822,60.8485,4.47291,1.89919,3.47184,5.84824,12,1440,2.13862,1.99732
2025-07-09,2.0995,2.30281,2.50302,3.29333,4.10058,5.81145,2.56105,2.54932,2.00232,18.3996,17.5244,2.48283,0.966643,1.53638,2.86487,10,1440,5.70326,10.0444,12.2091,11.5677,11.3466,13.8628,10.8093,10.8122,8.3692,796.191,312.38,9.84458,3.75859,8.45052,11.0983,12,1440,3.31687,3.98122
2025-07-10,4.20404,4.88926,7.39791,6.18891,6.68354,9.62741,5.52614,3.11246,4.72232,2268.63,32.1625,2.26435,0.920858,6.47705,5.81849,10,1440,6.385,16.7872,15.6635,18.4425,21.1316,33.3301,17.1534,14.3581,14.4313,1742.94,387.055,14.1813,4.16338,11.5001,18.1268,12,1440,6.43661,6.92287
2025-07-11,1.29973,3.93857,3.82828,3.21007,3.22469,3.0151,3.63315,4.04231,3.69917,18.7786,18.9215,3.88816,1.80716,2.02112,3.3182,12,1440,0.234537,15.1527,14.2581,13.4868,13.2888,9.91461,13.6661,14.3808,13.6757,308.771,243.637,13.694,7.87278,6.38534,11.5531,13,1440,6.00635,5.84883
2025-07-12,-0.091646,1.0981,0.864162,0.988976,0.881296,0.78839,0.866194,0.878005,0.888842,1.18645,1.03943,0.826646,0.48081,0.383352,0.787038,13,1440,-0.506313,4.4998,4.22285,4.36977,4.0734,3.26281,4.07648,4.31946,4.03648,24.6077,23.8115,4.09723,2.38646,1.83638,3.88453,12,1440,1.56535,1.48578
2025-07-13,1.4094,1.47821,1.54843,1.48928,1.35072,0.827952,1.54527,1.27112,1.3066,10.314,2.45182,1.17561,0.536107,1.01233,1.5605,12,1440,0.972062,5.79982,5.12726,3.72138,3.96941,2.98465,5.38935,4.61676,5.53527,108.736,55.234,4.35145,2.43333,2.69394,4.86664,12,1440,2.10468,2.3009
2025-07-14,0.631607,4.60245,5.64009,5.08628,3.64214,4.69971,4.98577,4.71283,4.40733,149.309,34.2355,4.2203,2.19107,3.44903,4.85706,12,1440,1.38968,9.84399,9.13341,8.55597,5.72655,6.56429,8.59845,9.95413,9.15076,103.458,132.304,9.1798,4.45185,4.68156,7.97665,14,1440,4.60141,5.06748
2025-07-15,-1.75349,6.43427,7.07048,7.08369,5.90011,7.74821,6.45919,7.24154,6.11834,85.4202,80.5158,6.89201,4.02289,3.04759,6.69189,12,1440,4.04086,16.0874,16.1319,15.8138,18.0804,23.554,15.8728,14.8967,15.6621,637.607,345.498,15.0865,7.15053,8.98138,17.5014,12,1440,7.38387,7.70899
2025-07-16,0.738059,3.66907,3.70403,3.74203,2.84222,2.31047,3.74796,3.75897,3.40887,20.2393,30.4706,3.41709,1.89333,1.81069,3.84692,12,1440,7.17627,14.9721,14.8332,11.8647,11.4533,11.2106,13.6035,13.0507,13.695,560.996,204.443,12.2776,5.19962,9.63357,13.0416,12,1440,4.28598,3.27374
2025-07-17,0.460145,4.3258,4.30859,4.86556,5.16951,3.12125,4.3142,4.34346,4.15597,26.1085,24.901,4.23024,2.04764,2.26095,4.38306,12,1440,3.08192,20.6599,20.0753,19.8735,17.8264,12.128,19.9188,17.7283,19.0251,1071.26,458.565,16.5659,9.13646,10.9388,20.4442,12,1440,6.60519,6.49204
2025-07-18,-1.0567,4.0024,3.63862,4.41626,3.35789,2.6493,3.87079,3.94625,3.80606,24.166,27.8469,3.90867,2.00714,1.63148,4.18234,12,1440,1.99472,22.7138,19.8622,22.5415,23.7575,19.3209,20.5469,19.3394,21.9721,534.5,333.157,19.8288,10.3159,9.54628,21.1309,12,1440,6.33314,5.80146
2025-07-19,-0.07197,1.00254,1.01867,0.765065,0.665075,0.622657,0.902672,0.96204,0.980684,2.27364,1.63516,0.914921,0.533429,0.485237,0.837703,13,1440,1.26323,7.63107,6.52851,5.81553,5.04647,4.50607,6.46535,6.29936,7.41436,52.2925,44.3983,6.0012,3.08399,3.44452,6.16503,14,1440,1.92331,1.95712
2025-07-20,-0.489042,1.9768,1.58543,1.77718,1.20629,0.806704,1.83189,1.51222,1.7781,6.2411,5.59381,1.47689,0.882871,0.702559,1.82153,13,1440,4.48263,13.9711,11.5632,10.7634,10.1604,11.2213,12.1287,10.3212,11.9032,275.196,213.991,9.31741,4.97811,6.58506,12.6326,11,1440,3.58306,2.65285
2025-07-21,0.0982248,3.0311,3.15542,3.05956,2.95048,2.67362,3.42585,3.49165,2.88265,9.01529,13.9007,3.49865,1.56966,1.58575,3.54408,12,1440,0.15002,12.0934,12.4415,10.9995,9.4152,5.74063,12.5498,12.8037,11.885,179.07,213.95,13.1341,6.21984,6.22168,12.3119,12,1440,4.22614,4.51353
2025-07-22,2.16922,4.58018,4.35317,4.67248,4.29366,4.47614,4.47325,4.49674,4.30298,37.1952,41.4664,4.57345,1.95462,2.39855,4.44269,12,1440,-0.429378,14.906,13.0998,15.2597,18.0394,19.3598,13.6332,13.7875,14.5049,220.391,253.714,13.7771,6.7139,6.38587,13.4084,11,1440,6.54098,5.74726
2025-07-23,-1.0041,2.89527,3.2016,2.82405,2.85716,2.94998,2.75391,3.02838,2.75686,15.1909,13.2044,2.96781,1.73313,1.46847,2.3401,12,1440,-3.19832,14.2085,15.2351,13.4931,16.0227,12.8941,13.6123,15.3697,13.0193,322.506,375.737,15.0281,8.73319,6.50191,12.0298,13,1440,4.92378,5.56689
2025-07-24,-0.350068,2.90086,2.61649,2.63309,2.81139,2.53832,2.57969,2.59998,2.76834,8.94186,9.62844,2.6006,1.31924,1.29725,2.56272,13,1440,2.14453,15.4274,15.934,17.3226,15.6539,18.7861,14.4898,17.8396,14.9328,325.265,483.697,18.192,7.24856,8.68547,14.7486,12,1440,5.06937,5.09804
2025-07-25,-0.615949,4.91081,4.98568,4.60769,3.94433,5.38466,5.01828,4.85544,4.53731,35.8942,38.7731,5.17306,2.4753,2.51038,4.70038,13,1440,0.484938,17.4925,16.6483,16.802,15.3957,18.8989,17.8829,15.4365,15.8646,415.435,267.869,14.945,8.61822,8.03005,17.5399,13,1440,7.01941,7.06254
2025-07-26,0.259563,0.54036,0.690459,0.68007,0.554688,0.50187,0.621568,0.697984,0.451479,0.934783,1.1427,0.646472,0.364039,0.32642,0.615727,12,1440,0.432357,5.05207,5.56495,3.97354,3.43333,3.11733,5.01717,5.14426,4.17066,134.519,58.5467,4.64275,3.32785,2.2371,4.36761,15,1440,0.975865,1.39971
2025-07-27,1.26031,1.06914,1.2583,1.04581,1.02047,0.679593,1.22864,1.13186,0.911374,4.37591,4.66678,1.12592,0.493202,0.765094,1.21626,11,1440,3.44173,6.50237,5.88443,5.44368,4.5205,4.93013,6.01092,5.49243,6.25952,48.7957,44.0282,5.13595,2.36958,3.51485,6.00008,12,1440,1.55265,1.61296
2025-07-28,-1.13968,2.36987,2.47405,2.19819,1.86038,1.068,2.50068,2.45842,2.35633,8.74646,8.2557,2.23466,1.27505,1.199,2.2335,14,1440,-1.90591,10.1083,10.7634,9.57526,8.83595,6.3548,10.6556,10.9239,9.708,151.573,155.37,9.96417,5.6698,5.09359,10.5866,13,1440,3.74102,4.2432
2025-07-29,-0.0945371,2.54768,2.56837,2.27653,1.43738,1.62929,2.77101,2.56718,2.36332,11.4924,9.16081,2.41841,1.40704,1.16132,2.83951,12,1440,-0.137235,11.7316,11.0926,12.0711,8.90757,8.92907,11.6838,10.6869,11.1369,217.027,151.48,10.7742,6.43322,4.6594,11.7718,13,1440,4.26807,4.40656
2025-07-30,-0.0936931,2.52452,2.27584,2.51263,2.95978,3.09642,2.49889,2.01859,2.44302,13.4395,7.21463,1.92341,1.28672,0.98912,2.59813,12,1440,0.426367,11.7059,10.8177,10.8657,11.1005,9.61848,12.3632,10.4197,11.3866,230.878,252.215,9.79715,5.56763,5.25009,12.6976,13,1440,4.4925,4.15302
2025-07-31,-1.7776,2.42314,1.99416,1.8732,2.05006,2.38872,1.97271,1.97604,2.20726,8.34615,4.28369,2.0341,1.04801,0.946143,1.77278,14,1440,-2.97316,8.61515,6.58313,5.64974,4.89664,5.84077,6.63383,6.828,8.37932,52.5708,58.5307,6.90014,3.755,2.82814,5.68012,15,1440,3.68855,2.90958
2025-08-01,-2.15334,6.86272,5.34746,5.40817,6.64271,5.52529,6.31253,5.20698,6.301,39.4369,34.1476,5.23907,2.89803,2.44943,5.78513,13,1440,-5.85117,22.9581,19.1513,16.3552,16.7369,15.2127,21.1933,19.3861,20.7835,489.947,512.305,18.5606,10.8883,8.26298,19.1015,13,1440,10.6566,8.78963
2025-08-02,-0.665576,2.2441,1.90406,2.35615,2.24999,1.45721,2.00564,1.8127,2.06223,6.23549,5.38475,1.77372,1.03499,0.869067,1.98983,13,1440,-2.73944,11.9995,10.7328,12.5285,15.0038,10.551,11.325,10.899,11.2913,158.912,157.375,10.1135,6.36465,4.36811,11.3708,12,1440,4.02333,3.5023
2025-08-03,1.46632,1.28541,1.22322,1.09137,0.952853,0.541812,1.23248,1.08244,1.19979,3.5785,1.68758,0.99812,0.609472,0.613747,1.25818,12,1440,2.98396,6.60338,5.70989,5.10209,4.17973,2.42352,5.66381,4.84417,6.64277,87.1036,32.5763,4.53483,2.82159,2.8883,5.58754,13,1440,2.27287,2.24641
2025-08-04,0.738218,1.8457,1.75577,1.92132,2.02014,1.2203,1.78992,1.75452,1.73365,5.06553,4.25417,1.76481,0.743427,1.01235,1.84789,13,1440,6.21587,9.1762,7.72234,8.03201,8.18848,8.37129,7.68841,7.62637,8.36467,105.671,66.6896,8.24645,2.35593,5.36641,7.70469,13,1440,3.23443,2.85294
2025-08-05,-0.807458,2.77484,2.41851,2.32466,2.54225,3.01715,2.33727,2.10286,2.71305,21.8148,8.02599,2.06451,1.46024,0.958266,2.26257,12,1440,-2.97281,10.9224,9.98818,8.54638,9.82445,10.9744,9.36953,9.87618,10.907,182.987,171.984,8.99506,5.90286,4.08532,9.3777,12,1440,4.52907,4.11433
2025-08-06,0.752895,2.01879,2.00665,2.00719,2.02353,1.69351,2.30544,1.75497,2.04188,22.0157,4.82237,1.39187,0.752613,1.25404,2.2463,12,1440,1.95502,8.0639,7.97102,7.73292,8.2852,9.26653,8.56001,8.18547,7.76805,119.537,118.287,7.58368,3.72508,4.24594,8.54264,11,1440,3.22454,3.30293
2025-08-07,2.13352,2.09337,1.97127,2.12306,2.39037,2.60441,2.09627,1.97392,1.87652,7.14461,6.10491,1.94099,0.765273,1.206,2.07301,12,1440,5.98049,9.59538,8.69233,10.0357,10.455,11.1673,9.19115,7.07341,8.32819,233.409,69.6757,6.73037,2.87764,5.81468,8.79371,12,1440,3.26478,2.89024
2025-08-08,-0.681003,1.46848,1.75116,1.25249,0.99831,1.20677,1.55977,1.62659,1.4163,8.65642,4.04818,1.57182,0.950501,0.800658,1.56924,11,1440,2.50499,10.676,12.1808,11.6639,12.9405,14.581,11.1134,10.0892,10.5194,652.238,188.878,8.01196,4.47782,7.70295,11.6631,11,1440,2.67738,2.92918
2025-08-09,-0.182288,0.827616,0.890798,0.91584,0.890282,0.563449,0.915248,0.933258,0.744001,1.20705,1.42343,0.91334,0.412791,0.478006,0.879061,13,1440,6.07481,11.9666,10.8096,9.16964,10.6662,10.8908,11.9879,9.87499,11.5152,652.632,159.405,8.26375,3.57973,7.22984,10.5827,13,1440,1.71323,1.81691
2025-08-10,2.40239,1.76196,2.16062,2.18306,2.28217,2.44548,2.07115,2.02412,1.7492,7.57978,6.00684,1.88815,0.92153,1.23909,2.23703,11,1440,-0.23616,8.62178,9.01919,7.31073,8.42906,9.39613,8.12837,9.18564,7.96418,120.377,126.935,9.44779,4.77827,4.24092,7.76522,13,1440,2.06047,2.23347
2025-08-11,-0.510977,4.13956,4.05616,4.08221,4.44038,5.31019,4.05131,3.51342,3.96934,35.3571,18.5387,3.32724,1.79645,2.25971,3.9517,12,1440,-0.645522,14.2019,13.3171,10.5187,12.1715,11.7526,13.0985,13.9394,13.6337,283.96,343.077,12.5292,6.60513,6.71197,12.4097,14,1440,5.22425,4.71309
2025-08-12,1.21271,3.00549,2.49281,2.15881,2.02638,1.75506,2.80294,2.37365,2.81915,14.1424,8.01161,2.15523,1.287,1.20581,2.51423,13,1440,8.33954,15.2101,13.8226,16.0835,15.5578,19.855,15.38,11.7936,15.3915,833.626,359.599,10.1004,3.90218,9.92044,15.3229,12,1440,4.63982,3.57078
2025-08-13,2.60641,3.91249,4.26973,5.07972,3.53055,4.09978,4.16456,4.24173,3.89368,61.0022,36.0008,4.54356,1.65061,2.61913,4.40321,12,1440,3.40039,14.3853,14.4496,13.2933,10.1464,7.92569,14.1473,14.3412,13.6072,297.656,265.883,14.2799,6.99023,7.45933,13.312,13,1440,4.42323,4.06294
2025-08-14,-4.14903,6.90705,9.52752,6.61703,7.14384,5.24211,7.48188,7.0858,6.20528,1675.22,193.205,5.88884,6.76638,2.76115,7.09871,13,1440,-4.35648,26.4638,36.8822,22.9488,27.6845,24.6125,28.205,33.9734,25.8269,13887.8,4302.33,30.4534,24.857,12.0252,29.2114,12,1440,9.74642,15.6886
2025-08-15,-0.808909,2.91459,2.24815,2.00446,1.82908,1.59641,2.39583,2.40203,2.80883,6.91262,9.86858,2.38897,1.14699,1.10116,2.18685,14,1440,-2.38975,16.3549,14.7005,13.7628,13.4554,12.6234,14.8217,14.6765,14.8777,348.405,386.186,15.1433,7.48187,7.21866,14.4634,13,1440,5.49063,4.71176
2025-08-16,0.0328984,0.726258,0.555708,0.529393,0.59882,0.646316,0.627914,0.559596,0.651168,0.416889,0.400564,0.564072,0.282933,0.272774,0.520914,13,1440,-0.394518,6.99916,5.54056,5.35727,5.51345,5.59529,6.04173,5.09435,6.71638,81.4469,32.8448,4.8344,3.28521,2.25536,5.27794,13,1440,1.61495,1.28959
2025-08-17,0.0207423,0.77007,0.707853,0.666355,0.730485,0.903611,0.770439,0.588228,0.67686,1.21298,0.441988,0.513305,0.356738,0.351115,0.695999,13,1440,1.13197,7.70534,6.51874,6.89169,7.4812,9.21479,7.50117,4.92483,7.51067,202.013,29.3024,4.37976,3.23001,3.28873,6.94894,13,1440,1.70896,1.53851
2025-08-18,-1.0084,2.96546,2.8684,3.20438,3.02635,3.09762,2.7751,2.81009,2.75033,9.86109,9.70701,2.8753,1.473,1.3954,2.86448,12,1440,-3.62781,17.13,16.75,17.0454,17.2249,16.4894,16.0009,16.9584,16.2116,488.095,405.346,15.0221,8.62248,8.12755,16.2683,12,1440,5.2437,5.36671
2025-08-19,-2.92828,3.66202,2.91065,2.93137,3.22935,3.54004,3.02263,2.96668,3.54161,11.0617,11.0506,2.87391,1.66466,1.246,2.7688,14,1440,-5.66159,16.3204,14.6638,14.327,15.2667,16.8235,14.4032,14.4,16.3163,309.207,247.216,13.4324,8.49604,6.16779,13.6485,13,1440,6.00144,5.33771
2025-08-20,1.23122,3.34635,3.06725,3.73041,4.70105,3.10544,3.41361,3.14213,3.39177,14.8524,14.1006,3.1873,1.39198,1.67527,3.69056,11,1440,6.19736,17.179,15.5172,18.2048,21.3066,17.2575,17.1842,14.6165,17.7068,395.586,245.556,14.4336,5.95482,9.56236,17.8928,11,1440,5.90777,5.66516
2025-08-21,-1.56217,2.68467,2.81967,2.37215,1.96744,1.46111,2.79635,2.80871,2.57808,12.5746,13.4227,2.71178,1.57701,1.24266,2.56731,13,1440,-2.58989,12.4253,11.4087,9.69089,8.28976,5.12275,11.3897,11.8088,12.3632,174.336,196.248,11.2498,6.26069,5.14804,10.7414,12,1440,4.63341,4.71831
2025-08-22,3.86735,5.00519,6.16707,8.93458,8.6195,10.1707,6.24889,5.44287,4.2049,505.844,135.705,4.58775,1.51596,4.65111,6.777,10,1440,13.4185,29.9772,35.8489,69.6056,64.5245,67.7172,34.5876,29.9393,28.5075,15173.6,12521.3,27.2695,5.48689,30.362,37.5475,9,1440,9.18325,11.3446
2025-08-23,-1.28927,0.980258,1.05835,1.10741,1.03164,1.01199,1.08403,1.09459,0.897471,1.62099,1.71625,1.04292,0.611695,0.44666,1.15266,11,1440,-1.11692,6.87141,7.03949,7.43838,6.49564,5.80789,6.7365,7.12452,6.70359,102.059,95.0929,6.95434,4.11527,2.92422,7.29654,12,1440,1.66584,1.92272
2025-08-24,-1.69877,6.61401,4.43332,4.22533,4.7049,3.73202,6.40928,4.9004,8.02114,152.697,137.007,4.69133,2.81382,1.61951,5.54681,14,1440,0.0366164,15.017,16.3226,16.3718,14.5276,11.9299,15.4236,16.8057,15.9659,938.209,840.614,15.8964,8.83795,7.4847,15.4402,13,1440,6.92753,6.22516
2025-08-25,-3.02485,5.70022,6.55489,5.86783,4.8892,6.33244,6.18257,6.36424,5.76346,99.5615,63.7337,6.82091,4.09524,2.45965,5.56022,13,1440,-8.82957,19.9459,20.7719,16.8504,20.0347,29.6499,20.2296,20.7057,20.3691,565.274,642.069,20.8127,13.1988,7.57309,18.6771,12,1440,8.31905,9.6091
2025-08-26,1.48847,5.01263,4.94349,4.03886,2.70821,3.26029,4.54995,5.10127,5.24362,56.0414,38.2554,4.7011,2.26317,2.68032,4.11645,14,1440,5.00171,18.5488,21.5408,16.9472,13.4976,15.3301,18.4872,21.0955,19.1738,1298.55,847.196,19.2385,9.66854,11.8723,18.0037,13,1440,7.83555,8.73328
2025-08-27,-0.449466,4.9759,3.09811,2.28187,2.14155,1.63997,3.51202,3.2939,4.70066,14.2998,20.2588,3.30026,1.47659,1.62152,2.96002,15,1440,-2.06259,17.1317,12.3221,10.566,8.95547,7.5518,12.8177,10.8778,16.1735,242.313,178.985,10.696,5.75407,6.56807,11.3678,15,1440,7.92227,5.10802
2025-08-28,1.16598,2.46765,2.25095,2.19417,2.48358,2.18934,2.50702,1.9876,2.42491,8.20858,8.01956,2.05606,1.11985,1.1311,2.48627,13,1440,0.0998013,9.25579,8.46997,7.38788,7.64135,7.02794,8.42706,8.22555,9.06883,140.503,121.317,7.96215,4.7855,3.68447,7.56637,14,1440,3.80294,3.51864
2025-08-29,-3.79281,5.3693,3.3435,3.64757,5.09974,6.16121,4.44589,3.16736,4.43449,17.0113,13.348,3.27615,1.98629,1.3572,3.59546,13,1440,-3.40521,16.7264,12.0588,13.3465,11.87,14.318,15.3414,11.5799,14.1155,236.736,180.118,11.338,5.96206,6.09677,13.0688,14,1440,8.01586,5.11077
2025-08-30,0.404183,1.0021,1.08992,1.27845,1.2572,1.37531,1.01936,1.05031,0.896585,1.90289,2.34958,0.967341,0.567519,0.522397,1.02169,11,1440,0.309599,5.54602,6.17241,6.76263,6.65878,6.97248,5.67832,5.95785,5.41705,97.5107,76.2892,5.59875,2.90175,3.27066,5.51076,11,1440,1.64452,1.95301
2025-08-31,-0.525177,1.12254,1.0331,1.07565,1.2426,1.38408,1.11066,0.978607,1.04134,1.34837,0.998153,0.951992,0.566005,0.467097,1.06544,12,1440,0.413666,4.95496,4.85845,6.27285,7.83246,9.86803,4.81783,4.78864,4.82327,33.1677,43.5945,5.03661,2.17893,2.67952,5.00243,11,1440,1.53506,1.47463
2025-09-01,0.911403,3.45002,3.53196,3.84887,3.90211,5.21846,3.7958,3.42194,3.41157,15.4271,16.0029,3.2884,1.65477,1.87719,3.68751,11,1440,-1.77646,9.73327,10.8796,11.8707,8.43676,11.1686,10.6032,10.3387,9.64443,229.216,148.8,9.08053,6.07305,4.80659,10.1818,11,1440,4.65596,5.0739
2025-09-02,1.81664,4.08924,3.82241,4.13476,5.16143,7.2032,4.3089,3.91889,4.008,32.767,42.2777,3.84828,1.47637,2.34604,4.48771,12,1440,0.277746,11.5837,10.1717,9.2723,10.9034,15.4193,11.5331,9.77793,10.8434,166.79,165.881,9.22964,4.67706,5.49467,10.4704,13,1440,5.59051,5.11285
2025-09-03,0.41777,2.47205,2.79929,2.73778,2.06017,1.59217,2.63998,2.52694,2.37858,18.3916,16.3728,2.38955,1.39718,1.40211,2.53105,13,1440,2.82486,7.40535,7.97809,6.74649,6.05554,5.60065,7.23394,7.48654,6.9923,128.056,97.4872,6.96369,3.21085,4.76724,6.78807,13,1440,3.16832,3.47757
2025-09-04,-0.876516,2.37353,2.50437,2.89991,2.31666,2.99151,2.56889,2.27567,2.2893,17.5396,5.21088,2.06501,1.20429,1.30007,2.70239,12,1440,-3.49624,6.9675,6.7564,7.73692,5.85475,6.97927,6.92271,6.72927,6.56954,67.7095,52.1682,6.67654,4.12889,2.6275,6.90984,12,1440,3.1038,3.22729
2025-09-05,-0.0640316,4.64082,3.19339,3.90516,6.20831,8.65661,3.47465,3.35821,4.6318,40.9797,37.9869,2.98964,1.84715,1.34624,3.54983,12,1440,0.230099,11.0933,8.435,11.1579,15.5636,23.0803,9.22508,8.79608,11.0765,224.765,241.147,8.1021,5.01416,3.42084,9.63061,12,1440,5.84027,4.15934
2025-09-06,-0.427462,0.530631,0.571085,0.539011,0.619744,0.506489,0.532836,0.493718,0.430278,0.649008,0.486146,0.53556,0.31228,0.258805,0.487834,12,1440,-0.799716,2.49121,2.30741,1.9271,1.95356,2.04152,2.22726,2.22987,2.34785,10.0743,10.3432,2.01602,1.22142,1.08599,2.03612,13,1440,0.64543,0.798064
2025-09-07,0.857901,0.620471,0.724569,0.715214,0.746916,0.517001,0.705234,0.742823,0.495,0.955572,0.734137,0.713071,0.312556,0.412012,0.715467,11,1440,0.77046,1.83093,1.94433,1.7489,1.63047,1.06607,1.76258,1.98549,1.6533,4.51622,4.06424,1.98822,0.898366,1.04597,1.71482,12,1440,0.641188,0.836866
2025-09-08,0.831438,1.71375,1.70983,1.50566,1.41929,1.34321,1.6927,1.66041,1.53537,4.60251,3.58318,1.70294,0.767477,0.942355,1.6631,11,1440,0.00417994,4.97887,4.51555,4.25402,4.59857,3.75593,4.58585,4.39545,4.82565,26.7705,29.6993,4.14182,2.29122,2.22433,4.32609,12,1440,1.95044,1.98357
2025-09-09,-0.464055,2.09725,2.2417,2.24632,1.91888,2.71933,2.18063,2.17959,2.06558,15.6461,9.74139,2.00766,1.28721,0.954483,2.03924,13,1440,0.0863464,4.44332,4.80516,3.47741,2.74003,2.97625,4.45716,4.49181,4.39263,54.4418,32.92,4.33836,2.74742,2.05774,3.93539,13,1440,2.22538,2.5949
2025-09-10,2.1407,2.47647,2.71339,2.00823,1.96312,2.20703,2.21985,2.69853,2.03007,26.9092,22.752,2.39098,1.02667,1.68672,2.1221,14,1440,0.906073,5.31531,6.42427,5.72634,5.57158,4.1302,5.50881,6.17182,4.48326,161.638,93.0356,5.30291,2.85729,3.56698,5.37951,12,1440,2.63949,3.25768
2025-09-11,1.32731,1.95245,2.03539,2.0337,2.04073,1.36966,1.7388,1.8524,1.84846,15.4004,7.8139,1.66321,1.00491,1.03048,1.62994,11,1440,2.48646,9.87269,8.14193,6.52263,4.75227,1.91575,6.91543,6.50532,9.04242,716.839,117.193,5.58992,4.68016,3.46177,5.10955,16,1440,3.32238,3.25908
2025-09-12,0.472313,1.59393,1.82663,1.35494,1.28017,1.29663,1.65696,1.7873,1.49806,4.55255,4.36593,1.88436,0.839825,0.98681,1.59402,12,1440,5.52622,6.26149,6.34012,7.50058,7.52255,5.91404,6.71496,6.59256,5.68959,71.1849,55.1082,6.79382,2.08298,4.25714,7.03559,11,1440,1.95669,2.19588
2025-09-13,-0.0958233,0.567214,0.537574,0.436077,0.455336,0.541572,0.521784,0.489831,0.442986,0.440958,0.315874,0.463551,0.283934,0.25364,0.49229,13,1440,-0.973065,4.6892,3.89105,3.3606,3.51822,3.79192,4.01425,3.62219,4.59975,43.5062,22.2525,3.35989,2.26608,1.62497,3.8128,13,1440,0.933075,0.87605
2025-09-14,-0.562561,0.695489,0.713519,0.72081,0.709931,0.891038,0.760181,0.695058,0.595035,0.822224,0.713629,0.733027,0.39203,0.321489,0.743663,11,1440,-1.33838,3.58911,3.28454,3.13823,2.39367,2.22496,3.53578,3.40605,3.50682,12.7717,13.718,3.38532,1.88673,1.39781,3.22289,13,1440,0.990491,1.047
2025-09-15,0.0708532,1.96062,2.169,2.32383,2.12547,2.03582,2.11725,2.00485,1.90319,6.73103,5.35948,1.82977,1.10688,1.06212,2.24934,12,1440,-1.76928,6.32878,6.51815,5.81191,5.02768,5.95309,6.07556,6.2643,6.20652,86.2907,57.3951,5.92576,3.99332,2.52483,5.84343,13,1440,2.46229,2.83961
2025-09-16,1.24001,1.59545,1.5233,1.65782,1.78253,0.961875,1.69398,1.23787,1.54994,4.71521,1.84993,1.20182,0.724757,0.798546,1.75626,12,1440,-0.497506,4.52483,4.33529,4.97372,3.65715,2.19882,4.58551,4.52013,4.34779,39.4978,51.6601,4.2166,2.42326,1.91203,4.96933,12,1440,1.95056,1.92294
2025-09-17,-0.292724,3.07349,3.03228,2.87933,1.79682,1.61145,2.56493,3.07891,2.98131,32.2891,38.9072,3.24484,1.49132,1.54096,2.31332,17,1440,1.96315,12.4269,14.0372,10.8238,9.42219,8.64954,8.85421,14.3374,11.2632,1864.44,1173.15,14.9917,7.33642,6.70078,7.36487,14,1440,4.76009,5.37262
2025-09-18,0.53609,1.64839,1.56668,1.57404,1.72933,0.89918,1.66907,1.44233,1.51595,3.84691,2.17246,1.32831,0.777035,0.789642,1.62455,12,1440,-0.0625396,4.31996,4.01716,3.75323,3.51375,2.73635,4.25891,3.7309,4.02193,20.4304,13.5991,3.69205,2.10487,1.91229,3.87191,13,1440,1.82701,1.73157
2025-09-19,-1.23862,0.996491,0.945156,0.93361,0.730076,0.926946,0.910579,0.879645,0.938884,1.28242,0.943365,0.878677,0.575584,0.369572,0.873306,12,1440,-2.62972,3.66883,3.39046,3.82152,3.86424,3.13054,3.48518,3.16746,3.38949,23.1207,11.1874,2.88959,2.1581,1.23236,3.57667,12,1440,1.3458,1.3493
2025-09-20,0.0460405,0.204845,0.247979,0.282458,0.263862,0.244908,0.240345,0.205663,0.114341,0.0819213,0.0431839,0.222337,0.127793,0.120186,0.254914,10,1440,0.264387,1.37922,1.32321,1.25184,1.37417,0.945697,1.36401,1.07568,1.27256,5.08353,1.4589,0.973922,0.630123,0.693084,1.31389,13,1440,0.290403,0.396349
2025-09-21,-0.392642,0.313133,0.397272,0.522475,0.476215,0.41294,0.412483,0.333345,0.229693,0.262919,0.102064,0.340562,0.204737,0.192535,0.449781,10,1440,-0.794367,1.70684,1.62706,1.73298,1.17284,0.86732,1.77303,1.58654,1.49475,4.60178,3.50602,1.54422,0.915408,0.711657,1.84071,12,1440,0.475033,0.578297
2025-09-22,-2.26555,3.94548,3.74041,3.06469,3.23814,2.86042,4.28217,3.56732,3.80681,138.558,55.3826,3.13198,2.64729,1.09313,4.30424,13,1440,-5.69077,17.7788,14.1976,12.4372,12.6193,14.6476,19.0088,12.8071,17.3771,2344.47,863.204,13.4371,10.9652,3.23231,18.9579,14,1440,6.52296,5.55217
2025-09-23,-0.58063,1.71582,1.68172,1.9744,1.58194,1.45969,1.7986,1.60119,1.61416,3.31532,3.12998,1.71158,0.827342,0.854382,1.89985,14,1440,-0.832686,5.83488,5.73723,6.01698,4.65836,4.21009,6.06484,5.63464,5.78179,38.8135,38.9788,5.88662,2.64218,3.09505,6.13746,13,1440,2.40336,2.50305
2025-09-24,1.16128,1.80799,1.64095,1.64417,1.22085,1.70931,1.73068,1.6768,1.71416,6.12575,4.14665,1.58519,0.673201,0.967747,1.6558,11,1440,-0.275338,5.39228,4.63947,5.99073,4.38633,3.97075,5.07978,4.63741,5.31776,42.9518,49.9979,4.47502,2.37943,2.26004,5.31711,11,1440,2.45983,2.22156
2025-09-25,-3.88036,4.00011,4.11423,4.58854,5.74486,6.45733,3.88344,3.96175,3.91079,26.3052,19.3154,4.10069,2.44273,1.67151,4.12705,11,1440,-6.94047,21.0437,20.5388,20.7816,21.4735,22.0614,18.0873,20.8487,20.2636,1165.18,590.762,19.376,11.6636,8.87522,17.9551,13,1440,7.05883,7.5325
2025-09-26,0.59365,2.62893,2.7684,3.02958,2.57664,2.16283,2.83659,2.46645,2.5485,13.0639,9.73903,2.42343,1.26678,1.50162,2.83725,12,1440,3.99416,10.7297,11.3826,13.3701,10.8847,10.3007,11.7484,10.5395,10.0134,279.866,145.772,11.01,4.19324,7.18937,12.4383,11,1440,4.22118,4.66704
2025-09-27,-0.00694092,0.415795,0.339703,0.366145,0.307136,0.188874,0.321643,0.338232,0.333172,0.164885,0.177464,0.318207,0.171513,0.16819,0.296327,13,1440,-0.344322,2.66657,2.2947,2.7282,2.36093,1.47173,2.27251,2.20227,2.39415,13.0467,7.53505,2.1732,1.21266,1.08204,2.14553,13,1440,0.616367,0.56554
2025-09-28,2.27972,0.905963,0.957922,1.12212,1.10295,1.49159,1.02164,0.752899,0.816876,6.39074,1.18532,0.798193,0.276789,0.681133,1.06817,11,1440,3.03386,4.31946,4.17078,3.27851,3.92517,5.76357,4.27868,3.77223,3.86537,147.749,70.2552,3.10186,1.32836,2.84243,3.91062,13,1440,1.28462,1.50795
2025-09-29,1.89696,1.68295,1.95283,2.19127,1.93568,2.18055,1.80401,1.61156,1.59582,40.2002,4.04203,1.35398,0.530837,1.422,1.94063,13,1440,1.74488,4.96186,4.74587,5.07161,5.28036,6.25791,4.57747,4.25032,4.38484,67.5741,32.5462,4.05575,1.84855,2.89732,4.54826,12,1440,2.00569,2.18476
2025-09-30,-0.230364,1.95133,1.83637,1.56776,1.68777,1.87011,1.88441,1.91892,1.92315,4.41515,4.62258,1.82904,0.892984,0.943382,1.72256,13,1440,-1.67272,6.21939,5.63266,5.22945,5.56348,4.87664,5.69742,5.59283,5.80402,44.3984,33.2392,5.28376,3.07702,2.55565,5.18227,12,1440,2.66592,2.50244
2025-10-01,3.90867,2.19252,2.65881,2.43163,3.07512,4.09425,2.32131,2.38419,2.10387,14.3418,9.76219,2.16622,0.852488,1.80632,2.44146,11,1440,4.77839,6.44072,7.30859,10.3612,13.1973,16.8157,6.83399,7.8355,6.18727,253.67,468.069,6.95302,2.12174,5.18685,7.81909,10,1440,2.42744,3.14045
2025-10-02,1.6179,2.37527,2.6467,2.80602,2.58789,2.52892,2.4801,2.4745,2.31417,11.0997,9.18884,2.31263,1.127,1.5197,2.46913,12,1440,3.08707,6.46447,6.53609,6.72739,5.89455,7.16689,6.61155,5.94649,6.26546,84.2078,92.5956,6.53568,2.702,3.83409,6.60111,12,1440,2.66323,2.78084
2025-10-03,1.40276,3.5381,4.02377,4.18865,4.01346,2.36291,4.07172,4.25281,3.49552,41.2311,75.0881,4.09494,1.90137,2.1224,4.40218,11,1440,0.633976,8.58165,8.8101,8.19481,5.88001,5.51478,9.04543,8.95344,8.41186,166.362,213.946,7.86957,4.41801,4.39209,9.26936,12,1440,4.24854,4.7649
2025-10-04,0.129996,0.791183,0.793408,0.695409,0.718451,0.657372,0.779611,0.749418,0.660504,0.826901,0.720427,0.78654,0.357055,0.436353,0.846668,13,1440,-0.571556,2.5078,2.43157,2.22526,2.20322,1.49314,2.31789,2.31312,2.29449,8.4865,7.86389,2.23275,1.25768,1.17389,2.47618,12,1440,0.908548,0.966487
2025-10-05,0.887707,3.44484,4.55288,3.193,3.59581,5.63511,4.35092,4.00172,3.24367,160.546,44.9777,3.17402,1.52612,3.02676,4.81577,11,1440,0.603681,5.28408,5.79544,4.14869,4.74736,6.14877,5.98183,5.36954,4.99136,121.845,42.332,4.91813,2.41439,3.38105,6.41159,12,1440,3.12137,4.21406
2025-10-06,0.948041,2.92908,3.31051,2.45403,2.52693,2.25215,3.15132,3.32598,2.97593,29.3551,23.6421,3.16953,1.4008,1.90971,3.15396,12,1440,3.69,6.41422,7.21744,6.19563,7.31079,5.0203,7.33143,7.30257,6.30146,84.9598,87.7207,7.18674,2.78407,4.43337,7.59997,11,1440,3.17785,3.87066
2025-10-07,-2.70399,3.27349,3.92648,3.95651,3.62579,3.77553,3.68524,3.85394,3.31601,42.3407,27.3703,3.59049,2.44617,1.48031,3.79971,12,1440,-5.17675,8.67803,11.0216,10.7726,10.8725,14.2352,9.82302,10.8158,8.79583,543.024,299.115,10.0875,7.30567,3.71589,10.0252,12,1440,4.0778,5.33125
2025-10-08,1.61307,3.15601,3.39169,3.55595,2.68167,3.40272,3.67063,3.50533,3.30464,17.1508,15.7366,3.33281,1.5093,1.88239,3.6202,12,1440,1.73896,7.32149,6.70527,5.45025,5.04009,4.95838,7.21417,6.80767,7.31503,83.8093,54.6771,6.03366,2.71363,3.99164,7.08441,13,1440,3.83912,3.85825
2025-10-09,-1.34191,3.28166,3.31778,4.22598,5.13916,6.27062,3.37605,3.29812,3.14202,16.6364,21.4264,3.49811,1.89784,1.41994,3.43879,11,1440,-3.54508,8.28511,8.07681,11.0889,11.7169,15.7304,7.80596,8.29575,7.96304,87.993,134.367,8.20318,4.89684,3.17997,7.92439,11,1440,4.03732,3.9817
2025-10-10,-7.58597,54.9964,101.772,42.2977,61.919,10.0171,61.1617,90.8652,41.7668,356900,135034,75.8203,70.3803,31.3916,63.6459,8,1440,-13.1534,129.306,138.292,120.837,192.314,47.0668,128.511,146,92.0478,252559,308192,144.257,87.9976,50.2941,126.495,10,1440,42.1395,99.0089
2025-10-11,-1.90688,7.28005,8.12235,7.86112,9.8057,11.531,7.48855,7.98635,7.30901,96.7692,99.8271,7.79007,4.20086,3.92149,7.88627,11,1440,-2.18922,21.7124,25.4087,22.6489,23.599,28.6161,22.9488,23.1237,21.698,1261.9,733.475,20.7696,13.4408,11.9679,23.3322,11,1440,9.63432,11.6732
2025-10-12,3.82523,9.42266,8.05708,6.56765,5.21372,5.00154,8.34588,7.48335,8.71335,161.31,176.802,7.47312,2.76206,5.29502,7.49769,13,1440,10.2761,28.1186,26.8016,27.8505,26.9641,29.7729,29.9255,23.9475,26.0374,6227.91,2520.84,18.9156,6.09612,20.7055,31.2869,11,1440,12.7065,11.6439
2025-10-13,0.180076,5.54302,5.01144,4.37295,4.47634,3.94693,5.16892,4.76337,5.38248,57.5797,36.8534,4.39605,2.16471,2.84673,4.4225,14,1440,2.11037,18.1231,17.7794,16.4872,21.4124,19.2064,17.1746,16.9677,17.8607,1150.03,471.556,15.3896,7.87193,9.90749,14.3541,13,1440,8.41045,7.90527
2025-10-14,-1.87378,7.91861,6.46446,6.83358,6.46258,5.06059,7.37903,6.05557,7.82708,58.2657,73.7686,6.93355,3.3472,3.11726,7.28595,13,1440,-2.76929,29.0946,23.7653,23.421,21.5376,18.5213,27.3473,23.1575,27.6763,821.415,1005.19,23.7951,11.8524,11.9129,26.8942,13,1440,12.7336,10.522
2025-10-15,-2.02415,6.14414,5.05193,4.56555,4.89141,1.63819,5.56179,5.00895,6.13601,39.6321,47.2277,4.87957,2.92432,2.1276,5.37714,14,1440,-3.43805,16.6195,14.2001,13.548,15.4799,9.38242,14.7719,13.6606,15.9111,321.428,296.456,12.8873,8.3316,5.86846,15.088,13,1440,8.36904,7.11564
2025-10-16,-2.34668,8.97229,10.0297,8.9317,8.21007,8.55641,9.0886,8.83116,8.05908,426.93,167.395,8.71791,5.11961,4.91005,9.51991,11,1440,-2.31225,20.6072,19.0464,19.3989,18.3669,18.7623,17.7391,20.2029,18.8551,1087.39,1110.2,18.9695,9.40884,9.63756,18.1669,11,1440,11.9376,12.6588
2025-10-17,-1.64252,8.70927,8.65871,7.60658,9.39364,9.55312,8.68409,8.16121,8.42026,131.636,100.25,8.75266,4.38458,4.27413,8.92861,12,1440,-1.62932,21.2426,20.124,15.362,17.4459,17.1054,19.9398,20.3147,20.5717,715.337,624.288,20.9032,10.009,10.115,19.9361,12,1440,11.6574,11.4869
2025-10-18,0.705313,1.86401,1.76393,1.84665,1.39175,1.48402,1.79422,1.65898,1.69553,6.21719,3.25605,1.62463,0.914187,0.849742,1.78964,13,1440,1.49314,5.38756,5.45885,5.04537,3.06186,3.3249,5.51552,4.60991,4.9897,190.242,32.6188,4.43654,2.21908,3.23977,5.57773,14,1440,2.42521,2.40502
2025-10-19,1.35088,3.5963,3.53793,2.87285,3.08001,2.56584,3.22335,3.59044,3.04744,89.098,64.5391,2.95885,1.17485,2.36308,3.04335,13,1440,2.37238,9.07516,8.50506,7.10898,6.86291,7.01877,8.03752,8.41199,8.17989,429.79,186.413,9.18848,3.38615,5.11892,7.74381,11,1440,4.16705,4.30511
2025-10-20,1.72406,4.29883,4.58652,3.75384,4.21902,4.06376,4.65353,4.08589,3.90038,83.1254,30.7172,3.68814,1.73542,2.8511,4.71039,12,1440,-0.084403,8.59845,8.65446,7.53504,8.5672,9.19195,9.49604,9.02516,8.06347,195.864,184.786,7.86473,4.46365,4.19081,10.1173,12,1440,4.99034,5.30463
2025-10-21,-2.04222,10.2555,10.9932,12.1872,13.9325,20.3903,10.7101,10.2674,9.64917,239.542,241.515,10.3945,5.44531,5.5479,11.4035,10,1440,-2.70435,16.0484,19.1708,20.1263,21.0652,28.1025,17.7971,17.8601,15.4837,782.237,578.716,16.8541,10.0866,9.08417,19.1349,10,1440,10.5653,12.8208
2025-10-22,-0.676564,7.62504,6.57872,6.01727,5.8607,2.39517,6.41283,6.16562,7.00395,95.1859,84.8235,5.81448,2.91223,3.66649,5.19909,14,1440,-1.7587,18.7413,14.7314,14.2292,13.843,7.37131,16.1018,12.6701,16.8193,479.627,196.071,13.0887,7.21231,7.51905,13.2227,14,1440,9.9558,8.41598
2025-10-23,2.30728,4.27893,5.51442,4.32714,4.35403,4.71801,4.63715,4.6614,4.11417,69.0277,31.6995,4.53777,2.26251,3.25191,4.57896,11,1440,1.33826,8.57444,9.79164,7.75545,7.04705,6.50289,8.64628,8.65572,7.57468,218.926,120.969,8.10057,4.47931,5.31233,7.98327,12,1440,5.11124,6.59315
2025-10-24,0.838341,3.59671,3.29937,2.86619,2.74397,1.71447,3.44105,2.9058,2.84857,22.3698,10.3078,2.69538,1.60062,1.69875,2.94736,14,1440,2.00426,8.2944,7.60709,7.33493,7.62512,8.02059,7.99672,7.27904,6.50447,138.302,75.243,7.30518,3.40321,4.20388,7.60196,13,1440,4.46054,4.07229
2025-10-25,0.576132,0.811414,0.797993,0.644478,0.593975,0.616366,0.784758,0.750426,0.695695,0.889889,0.682899,0.725353,0.360213,0.43778,0.679951,13,1440,0.480181,2.08566,1.94059,1.6399,1.59202,1.81276,1.87006,2.04085,1.81651,5.2718,5.46791,1.92533,0.924154,1.01643,1.68748,12,1440,0.904717,0.92203
2025-10-26,2.57579,3.94863,2.9552,3.42592,2.42731,2.40715,2.97879,1.79007,3.52434,159.963,8.77978,1.59802,0.62781,2.32739,2.80367,16,1440,5.04626,6.81486,6.23728,6.73077,6.35507,8.31274,6.00255,4.33739,6.65502,511.534,46.7379,4.16721,1.36021,4.87707,5.71239,13,1440,3.88477,3.69189
2025-10-27,-0.395116,2.68747,2.4886,1.85803,1.70335,2.11987,2.45314,2.458,2.61609,7.05452,7.70707,2.51696,1.23969,1.24891,2.18474,13,1440,-0.925524,9.01177,8.9901,7.61431,7.19639,7.54027,8.65516,8.85605,8.23749,118.788,97.3873,8.0916,5.23972,3.75038,8.44218,13,1440,3.79163,3.65408
2025-10-28,-1.06536,3.85854,3.81179,4.78406,4.86287,4.48354,3.72624,3.41504,3.55722,37.5079,19.9181,3.2181,2.33892,1.47288,3.90693,12,1440,-3.48088,10.743,10.0807,10.4762,11.1098,12.3979,9.52224,9.57002,9.81905,186.219,133.568,8.82852,6.47129,3.60937,9.63998,13,1440,5.39569,5.49812
2025-10-29,-2.58148,6.94092,8.64008,7.12947,3.7511,4.85284,6.39357,5.96972,6.10363,1859.54,202.127,4.36769,6.22639,2.41369,6.56786,11,1440,-1.93379,19.4892,23.0059,20.8372,9.9459,12.5662,16.9841,11.6569,14.831,16561.8,323.148,11.0244,17.1848,5.82113,17.9929,12,1440,10.3353,13.1328
2025-10-30,-1.55575,7.28656,8.73558,8.77249,11.8663,12.7447,9.10819,8.02906,7.30856,268.471,98.5302,8.49299,4.54878,4.1868,9.36502,12,1440,-2.54033,14.0191,13.9817,14.1612,17.7845,18.3349,14.0558,12.7016,13.1859,578.874,195.859,11.242,7.51858,6.46309,14.0162,12,1440,8.30309,9.05763
2025-10-31,1.17941,5.67116,6.76723,5.91131,5.60683,6.12573,6.31741,6.54947,5.08116,66.5827,53.473,5.82123,2.8901,3.87713,5.74991,12,1440,1.12113,9.38412,11.0079,9.41192,7.19711,7.71536,9.82498,10.5188,8.56893,470.187,146.332,8.82609,4.52697,6.4809,9.10983,12,1440,5.82123,7.14464
2025-11-01,0.446133,1.00776,1.13643,0.912169,0.792214,0.832918,1.05731,1.04104,0.872218,2.62065,1.38329,1.02442,0.528838,0.607592,1.07796,12,1440,0.667726,2.43705,1.94401,1.85405,1.66581,1.67404,2.03262,1.9015,2.05642,9.64041,4.32439,1.72633,0.866102,1.0779,1.86796,14,1440,1.14291,1.15244
2025-11-02,0.401181,1.639,1.83506,1.76914,1.65098,1.5681,1.71935,1.59618,1.56957,7.03604,3.00824,1.50268,0.914291,0.920771,1.74033,11,1440,0.843412,3.4825,3.27853,3.35978,3.93857,3.97423,3.35017,3.0629,3.07699,17.7378,10.1784,2.82679,1.57764,1.70089,3.32368,12,1440,1.81333,1.9509
2025-11-03,-3.64592,7.6606,6.95171,7.31878,8.67036,9.37826,7.80879,6.22917,7.72445,171.267,49.6713,5.76833,4.35091,2.6008,7.75537,13,1440,-8.06651,18.643,17.6849,15.2952,19.4057,28.6897,18.71,18.1283,18.7656,766.066,1015.52,16.1013,11.4864,6.19855,18.0596,12,1440,10.1316,9.65454
2025-11-04,-4.8893,14.9265,14.4125,11.2109,12.0075,14.2935,12.831,14.5212,14.7591,358.579,429.561,15.4237,6.82531,7.58719,12.5134,11,1440,-9.20067,56.1634,54.5514,47.9243,41.4798,41.4774,52.4263,49.5548,55.9033,8080.77,5871.18,48.4157,28.2052,26.3462,52.8669,11,1440,24.0963,23.9523
2025-11-05,2.32546,8.44826,8.02127,8.61967,9.06045,4.13778,7.97221,8.69869,8.041,111.117,143.429,8.39818,3.62327,4.398,8.14368,12,1440,4.09036,20.1999,19.4834,21.3863,23.0218,17.356,18.1149,20.3623,19.7387,566.969,601.915,20.757,8.91354,10.5698,18.381,12,1440,10.8433,10.7965
2025-11-06,-2.47453,7.77305,7.77757,6.41009,6.71003,6.34524,7.77647,7.57195,7.50921,90.5812,71.2206,7.71702,4.25541,3.52217,7.19621,13,1440,-3.23943,16.5911,16.4496,14.2986,14.9819,16.3734,15.5228,15.7173,15.5413,392.375,289.796,14.6527,9.01661,7.43301,15.249,13,1440,9.77534,9.96995
2025-11-07,1.94748,8.07125,8.81465,7.17496,7.3312,5.22264,8.05578,8.89765,8.48756,272.277,196.845,7.6956,3.51507,5.29958,8.00534,13,1440,3.58227,21.1948,24.6993,20.2779,21.8019,16.0195,21.9377,20.6826,21.6615,3912.21,977.096,16.5297,8.99079,15.7085,22.3406,11,1440,11.3276,13.2019
2025-11-08,-0.997946,2.60994,2.7294,2.10416,1.87247,1.26485,2.59991,2.62571,2.5265,11.2916,11.4914,2.59856,1.51255,1.21685,2.48493,12,1440,-1.01031,7.1516,7.56848,6.88604,5.74728,4.3203,7.12926,7.81827,7.2364,86.1171,95.2482,7.3094,4.00522,3.56326,7.28541,12,1440,3.30199,3.67418
2025-11-09,2.32822,3.58958,3.7589,4.04473,4.52414,2.93847,3.64836,3.65275,3.47056,32.4187,20.4006,3.49102,1.47165,2.28725,3.6894,12,1440,5.21094,8.73821,11.1826,13.4685,15.9312,7.91541,10.284,8.86697,8.29314,1359.94,193.665,8.19053,3.28523,7.89738,10.9828,12,1440,3.94199,5.00763
2025-11-10,1.22257,4.617,4.58867,4.28096,5.19264,7.34928,4.34909,5.01405,4.5577,28.3093,42.986,5.05016,2.32985,2.25882,4.57648,13,1440,-0.436564,10.6474,10.7863,10.0414,9.4925,12.155,10.621,11.5625,10.2701,160.233,206.763,11.2426,5.89299,4.89328,10.9278,13,1440,5.667,5.91112
2025-11-11,-2.82425,4.95847,5.86042,3.77854,3.456,3.45826,5.73947,5.25524,4.90157,145.028,40.9385,4.61347,2.81671,3.04371,5.80621,11,1440,-4.29778,13.6235,15.9943,10.218,8.56944,7.2914,15.2468,15.3579,12.5439,562.743,301.953,14.257,8.7293,7.26498,15.4763,12,1440,6.67551,8.44695
2025-11-12,-1.3723,5.00536,5.18016,4.71537,4.91031,6.66696,4.73969,5.0026,5.0653,63.5372,39.3288,4.72789,3.1847,1.99546,4.6157,12,1440,-0.0831299,14.9493,16.0582,13.6421,14.5835,16.674,15.0833,13.5971,14.0967,843.581,240.634,11.9342,8.57625,7.48198,15.0584,12,1440,7.18308,7.92605
2025-11-13,-1.94929,11.4837,9.12122,9.72165,7.19577,9.59524,10.117,9.09464,11.2554,133.741,128.174,9.77015,5.15668,3.96454,9.56541,13,1440,-5.51953,29.7694,24.5725,23.0858,18.2797,23.7777,25.0983,24.4734,29.0374,720.738,719.642,24.6305,14.1503,10.4222,23.9916,13,1440,15.999,12.8181
2025-11-14,-5.24916,16.8915,16.8949,13.5945,10.9729,12.2066,16.2655,17.0623,17.7441,596.267,691.715,15.5547,9.89172,7.0032,15.4095,12,1440,-3.75647,41.3737,42.9477,38.1179,29.1333,31.5409,42.0375,42.6712,40.7735,3785.05,4094.96,39.1922,23.8672,19.0804,41.3203,11,1440,23.2228,24.1573
2025-11-15,1.05394,4.50454,4.63293,3.29643,3.37841,3.06832,4.18496,4.43734,4.14868,26.3451,23.7248,4.3921,2.18799,2.44494,3.80932,14,1440,1.76685,8.24737,8.42207,6.37056,6.20775,7.54575,8.05818,8.21283,7.2763,88.112,94.1189,7.8614,3.78504,4.63704,7.52202,13,1440,5.05907,5.37768
2025-11-16,-1.40613,6.91866,7.65415,6.23209,5.46104,4.09465,7.54509,7.18284,6.6312,260.601,127.454,6.29278,4.36504,3.28911,7.45989,13,1440,-2.3181,22.2739,24.4789,20.7462,19.0088,18.3143,25.5662,20.6033,20.4156,3941.6,1249.92,18.0446,14.1855,10.2933,25.0401,12,1440,10.6272,12.5686
2025-11-17,-2.19479,10.0288,9.18568,8.47077,7.0353,9.7376,10.3505,9.37033,9.34369,151.599,181.398,9.88164,4.38486,4.80082,10.1699,11,1440,-2.08438,25.1496,24.5201,21.7698,17.5382,20.9254,25.6933,23.1134,22.1334,1337.65,1384.51,23.5444,11.0528,13.4673,25.2721,11,1440,13.7624,13.5152
2025-11-18,0.80539,10.6426,11.6545,10.5925,10.9405,8.05631,10.6888,11.4532,10.5147,237.053,167.521,11.0755,5.14493,6.50957,10.5181,12,1440,2.99676,24.0514,26.5124,22.447,24.4889,14.6499,25.2656,25.4187,22.6851,1690.67,1006.77,25.0241,10.5219,15.9905,24.0906,12,1440,14.0016,15.7286
2025-11-19,-1.52388,8.66573,9.31608,9.69095,8.72195,11.6528,9.45072,8.74757,8.21012,115.999,106.3,9.07386,4.7924,4.52367,9.48865,11,1440,-3.19356,20.8961,23.233,25.0514,22.8356,28.4529,22.5395,22.7581,19.0757,914.893,902.957,21.4967,12.201,11.032,22.5665,11,1440,11.501,13.0001
2025-11-20,-5.52098,11.8659,10.6806,14.6985,10.8243,15.3452,11.2713,11.5511,11.6401,115.755,179.96,12.0307,6.40003,4.28059,11.2185,13,1440,-6.5303,23.6891,20.6932,28.0649,20.0204,25.1939,21.4964,21.7607,21.9574,523.092,728.187,21.7565,12.0797,8.61353,20.933,13,1440,14.2307,13.0985
2025-11-21,-1.75568,28.2653,30.689,30.794,35.2887,29.0757,27.7624,28.1725,26.9248,3299.36,1154.11,28.1321,15.234,15.455,27.9497,12,1440,-2.44188,43.6638,52.5921,48.3419,50.535,43.6291,44.9131,50.9033,45.3688,8417.35,3887.41,48.8621,26.6266,25.9655,45.3636,12,1440,31.2872,37.3357
2025-11-22,-0.458813,5.57616,5.27923,5.25939,3.79414,3.69909,4.83178,5.15791,5.27811,30.841,25.9576,5.06205,2.58712,2.69211,4.21248,13,1440,0.154264,9.54324,9.99711,8.38176,7.45282,7.94945,9.24452,8.76707,8.52932,213.343,74.3864,8.05168,4.52125,5.47587,8.72096,12,1440,6.30337,6.43245
2025-11-23,2.43675,5.46427,5.06603,5.37082,4.99266,5.7724,5.24421,4.99238,5.26858,31.9899,24.9289,4.83222,2.49826,2.56777,4.76054,12,1440,1.14999,9.16211,9.49327,8.36999,8.10983,9.52479,9.4825,8.60297,8.26244,144.986,75.685,8.53183,4.95328,4.53998,8.75218,12,1440,5.95818,5.90668
2025-11-24,1.6788,8.77184,9.46022,10.3876,8.47239,7.75493,9.40214,8.89673,8.68795,151.342,144.287,8.55045,4.20049,5.25972,10.3326,12,1440,5.25597,18.9137,22.4111,24.666,23.4385,18.8142,21.39,18.9012,17.349,1664.22,717.01,16.1606,8.46503,13.9461,23.231,11,1440,10.7887,12.6529
2025-11-25,-1.05887,5.65478,7.25501,6.42678,5.86102,3.79549,6.1643,7.37899,5.37211,75.8266,104.437,7.30106,3.69969,3.55532,5.95173,12,1440,0.202275,13.0179,15.8682,15.3102,15.7683,11.0435,14.4842,15.0757,11.7802,471.63,470.593,14.3405,7.75338,8.11478,14.1898,12,1440,7.05697,9.35065
2025-11-26,3.50217,5.5294,6.40622,6.63227,6.95415,8.91794,6.10526,6.18797,5.43106,86.3638,74.0921,5.67645,2.47487,3.93135,6.32242,11,1440,2.24536,9.75439,10.8737,10.4494,9.99159,13.3127,10.67,11.0766,9.30961,234.334,262.641,10.7986,4.64083,6.23288,10.5999,11,1440,6.09395,7.30662
2025-11-27,0.934931,3.26868,3.78858,2.98264,2.32849,1.84736,3.43823,3.50908,3.22302,22.8451,13.9821,3.47444,1.65668,2.1319,3.05409,13,1440,-0.375055,5.46223,6.17557,5.42924,5.14864,4.17602,5.64361,5.4645,5.0719,78.8251,35.0535,5.37313,2.89547,3.28011,5.04961,13,1440,3.33956,3.99318
2025-11-28,-0.486488,4.2969,4.5785,6.41482,6.34127,5.58881,4.57499,4.7147,4.04677,49.3479,51.992,4.25173,2.43181,2.14669,4.59765,12,1440,0.526597,8.23998,8.59848,10.3463,11.2152,11.1482,8.71468,7.3617,7.2379,284.528,95.643,6.8135,3.95042,4.64806,8.62944,12,1440,4.90255,5.23312
2025-11-29,-0.0971528,1.63255,1.46583,1.22174,1.12355,1.20798,1.43434,1.42941,1.50848,2.95521,2.11554,1.36094,0.81964,0.646189,1.32128,13,1440,-1.39497,3.88442,3.50565,2.91385,2.80141,4.06308,3.48722,2.75792,3.12715,34.7288,7.94397,2.9233,2.14473,1.36092,3.23023,12,1440,1.96831,1.80572
2025-11-30,-0.488447,1.88239,1.91127,1.87653,1.79346,1.96344,1.81907,1.66041,1.60279,5.96481,3.81377,1.71312,0.963038,0.948236,1.81831,12,1440,0.0702292,3.41311,3.48326,3.70953,3.65047,4.52562,3.41657,3.00414,2.92213,25.228,9.66597,2.9536,1.61576,1.86751,3.43402,12,1440,2.02731,2.14056
2025-12-01,-4.61342,11.3276,12.4237,15.0784,13.7519,21.7497,11.6311,12.2076,10.6485,249.963,249.921,13.123,6.93104,5.49268,12.2206,10,1440,-6.64075,18.907,18.7125,22.1819,23.4379,39.1021,17.7314,16.0626,18.0439,1218.25,538.226,16.0578,11.7908,6.92172,18.6303,11,1440,12.1097,13.0784
2025-12-02,5.6241,8.04294,7.71954,8.71638,9.32878,10.5531,7.67111,7.55469,7.48854,126.593,92.571,7.99693,2.56247,5.15708,7.75259,12,1440,6.80142,11.4584,11.8143,12.9711,14.9012,22.264,12.3266,10.4818,11.2874,431.214,242.322,10.7934,3.49066,8.32364,12.1659,11,1440,7.74575,7.63213
2025-12-03,2.33035,9.06874,11.1434,8.93579,4.16386,4.7325,8.85942,10.9069,9.1859,656.56,331.707,9.59725,5.99043,5.15295,7.46248,15,1440,6.22052,17.6294,20.0763,17.2302,6.81702,5.71925,17.2777,18.7465,17.1814,2560.56,1814.12,15.722,9.5056,10.5707,14.2499,17,1440,10.5969,13.4819
2025-12-04,-1.45753,6.70062,6.90564,6.29053,5.86906,4.62943,6.28709,6.20191,6.26097,119.301,56.5307,5.67347,3.67124,3.2344,5.96044,12,1440,-1.74327,13.6874,15.7735,16.0559,12.3525,10.6177,13.2905,13.7386,12.8423,805.499,265,13.3619,7.92965,7.84389,13.2468,12,1440,8.23757,9.23731
2025-12-05,-3.02989,6.52571,6.23101,6.70172,7.35443,7.15625,6.40956,5.5794,6.2514,156.175,52.4687,4.67621,3.43787,2.79314,6.31856,12,1440,-3.62279,14.1042,13.9561,14.7009,11.2877,11.8416,13.8679,12.557,12.8889,513.709,243.029,11.4769,7.05,6.90607,14.3897,13,1440,8.13613,8.14252
2025-12-06,-0.104443,2.10893,1.55505,1.46312,1.19593,0.799932,1.58238,1.34619,1.76163,5.69059,2.09968,1.14819,0.785241,0.769809,1.39891,14,1440,0.537309,4.12191,3.71255,2.88406,2.44552,2.12693,3.67564,3.29869,3.40228,42.2788,16.9519,2.90921,1.78878,1.92377,3.19201,13,1440,2.4433,2.00632
2025-12-07,1.2899,5.94676,6.03025,7.37893,7.36021,8.76285,5.82042,5.19221,5.84275,115.34,66.5745,5.03727,2.65017,3.38007,6.08113,11,1440,0.714674,15.2601,15.0537,24.0414,26.5527,30.8418,16.4393,14.882,14.5668,1088.41,782.963,14.1421,7.80295,7.25075,18.3494,11,1440,7.83774,8.10806
2025-12-08,0.264078,6.20384,5.77446,4.37985,3.82498,4.0969,6.14922,5.63805,6.23271,68.8055,81.8509,5.7464,3.19622,2.57824,5.6173,12,1440,2.07996,13.432,12.0302,9.88679,6.33175,6.24901,13.8866,12.0408,12.8643,351.27,434.55,10.9746,5.72705,6.30317,12.2607,13,1440,7.95767,7.42752
2025-12-09,2.23066,7.44722,7.05323,6.91078,7.61135,11.2717,6.80926,6.10003,7.25777,142.845,63.1313,7.11499,2.6245,4.42874,6.7881,13,1440,6.02088,16.5874,17.3384,17.9273,22.299,35.0651,15.4498,13.928,15.7125,1053.34,400.868,16.1455,5.36677,11.9717,16.3743,12,1440,9.41012,9.64424
2025-12-10,-0.718412,8.8727,8.59667,7.09809,3.98729,2.28883,8.32186,8.29402,8.35185,284.137,264.468,8.44713,4.4288,4.16787,7.5157,14,1440,0.183675,17.9256,16.5818,10.9815,6.44405,5.33665,15.2562,18.6331,17.3509,774.36,1282,18.3956,7.93022,8.65159,12.7221,14,1440,11.2455,10.6422
2025-12-11,0.539765,7.79989,6.44039,8.6227,7.82327,6.09594,7.47762,6.30278,7.71456,74.3938,75.2153,6.55346,3.01948,3.42091,7.66631,12,1440,-2.64435,14.9275,12.5449,13.711,10.2949,9.02061,13.7758,12.1995,14.6853,258.631,255.177,11.887,6.75629,5.78865,12.849,13,1440,9.45381,7.79961
2025-12-12,-2.45656,5.28533,5.20434,6.43374,7.38763,9.66,4.7575,5.64677,5.05195,71.8967,83.2546,5.11798,3.35199,1.85235,5.11165,11,1440,-4.82612,12.1105,12.1357,14.6439,20.5543,31.6472,11.518,12.4322,11.3611,487.449,491.952,11.1608,7.94848,4.18718,12.3346,10,1440,6.89692,7.11766
2025-12-13,-0.0314778,0.779487,0.637775,0.615514,0.439533,0.266035,0.626586,0.632701,0.61522,0.740219,1.07236,0.58236,0.27881,0.358964,0.507062,16,1440,0.96073,2.67324,2.46547,2.7698,2.5358,0.924396,2.44099,2.55429,2.47478,12.9922,12.4748,2.38739,1.05498,1.41048,2.44463,15,1440,1.03633,0.960866
2025-12-14,-2.31815,3.20229,2.5103,2.54106,1.26059,0.950971,2.53117,2.25995,3.0458,16.7231,12.5872,2.27358,1.58093,0.929365,2.01336,16,1440,-1.65555,8.17293,5.21359,4.91334,2.33233,2.18027,5.77355,4.9366,7.75552,52.1154,45.1978,4.82603,2.99525,2.21834,4.36115,16,1440,4.26568,3.08867
2025-12-15,-1.99325,7.64204,7.28014,6.757,7.3899,6.85122,6.99107,8.53793,7.41816,99.3697,225.278,8.26867,4.25083,3.02932,7.13996,11,1440,-3.27316,15.4703,16.2952,16.4962,16.5971,16.3098,15.0758,18.1417,14.0139,582.137,1192.03,18.7208,9.32844,6.96675,16.3032,11,1440,9.56228,9.87034
2025-12-16,1.64247,7.39726,4.47961,5.14833,5.18291,5.33963,6.29876,4.08272,7.18186,41.3114,23.9793,4.0804,2.0707,2.40891,4.89501,14,1440,-0.0860447,14.7218,11.4788,11.3696,12.435,9.17655,12.7693,10.8942,14.381,481.547,251.876,9.78708,6.33802,5.1408,10.4068,14,1440,9.18474,6.18021
2025-12-17,-1.86121,10.0113,12.6072,16.178,19.0878,16.1236,12.4518,10.2711,8.906,1973.32,348.77,8.4763,5.09572,7.51153,14.0551,10,1440,-4.44568,17.0403,19.1055,21.1611,26.5219,18.5941,20.1114,18.1767,15.0907,2404.56,1600.54,16.4594,9.61834,9.48716,22.8702,11,1440,11.4398,14.1628
2025-12-18,-0.846316,10.2794,11.8249,15.0217,14.0533,12.8704,10.4601,11.5503,9.94649,410.454,290.903,10.5247,6.40243,5.42245,11.0538,11,1440,-0.173788,19.2821,25.2269,28.2999,32.8807,29.6942,21.2108,23.4613,18.0941,3132.43,1577.16,23.4245,13.8689,11.3581,22.6356,10,1440,12.1508,15.8213
2025-12-19,3.01835,9.47839,8.9403,7.65094,7.37908,5.86873,9.70466,9.0529,9.62578,192.638,161.713,8.24083,3.41853,5.52177,8.78717,14,1440,5.19842,18.0305,16.2671,12.6686,12.8086,11.2549,17.9345,15.2703,17.7084,974.843,570.783,13.4811,5.24967,11.0175,14.0329,15,1440,11.3511,10.5625
2025-12-20,0.253782,0.837455,0.672336,0.592558,0.524398,0.147021,0.618562,0.558744,0.635104,1.01432,0.375377,0.541154,0.359644,0.312692,0.543595,13,1440,-0.0527073,1.60433,1.2996,1.24679,1.09256,0.471764,1.24144,0.932549,1.29372,7.36129,1.07115,0.8528,0.740728,0.558868,1.15488,13,1440,0.861944,0.716797
2025-12-21,0.336641,2.14565,1.78985,1.56628,1.81448,2.42622,1.90169,1.75344,1.79387,5.4556,4.57359,1.62691,0.854405,0.935449,1.58896,14,1440,0.805697,3.62853,3.40181,2.45993,2.73488,3.99141,3.49178,3.07145,3.15336,33.8184,18.3146,2.75756,1.73274,1.66907,2.94697,14,1440,2.27018,2.14882
2025-12-22,-0.0429491,6.11819,5.35729,5.76487,4.48589,3.1027,5.57731,5.45934,5.58233,59.0766,51.4501,4.81351,2.98273,2.37456,5.00366,13,1440,0.248523,10.8958,9.04258,9.17611,7.06434,4.49449,9.32542,8.39519,9.66355,294.696,118.727,7.4769,4.32364,4.71894,8.12551,13,1440,6.96403,6.11004
2025-12-23,-1.28877,4.87696,4.71563,3.8518,4.00997,4.18701,4.49306,4.3453,4.56131,55.1673,20.56,4.23099,2.48713,2.2285,4.16636,13,1440,-1.48869,9.12256,7.60671,6.53706,7.77703,9.21496,7.83753,7.02955,8.49876,106.174,69.8982,6.52874,4.31869,3.28802,7.2229,13,1440,5.71979,5.25325
2025-12-24,0.209471,3.02881,2.67506,2.01409,1.37422,1.29198,2.78358,2.59983,2.5964,27.3362,21.3364,2.47421,1.351,1.32405,2.18776,14,1440,-0.59366,5.1854,4.78618,4.1457,2.86499,2.93677,4.97626,4.91832,4.75828,66.1571,55.6496,4.47237,2.45988,2.3263,4.10757,13,1440,3.44606,3.20262
2025-12-25,-0.507941,1.60432,1.76451,1.5571,1.30727,1.32593,1.61537,1.63258,1.39687,11.8986,6.58182,1.25184,0.980086,0.784423,1.62896,13,1440,-1.48753,2.99042,3.0483,2.89228,2.82843,2.88079,2.92382,2.74483,2.66027,27.8455,12.3855,2.73969,1.7781,1.2702,3.10625,12,1440,1.79838,2.03678
2025-12-26,0.165286,4.30633,3.9483,6.08495,9.2476,9.17833,4.49735,4.3667,4.12446,51.9942,81.8953,4.2895,1.99707,1.95123,5.03585,10,1440,0.82443,6.40585,5.11454,7.43316,11.8894,10.5491,6.3204,5.74524,6.05598,112.039,156.111,5.43477,2.51952,2.59502,6.91056,11,1440,4.57478,4.06358
2025-12-27,0.579129,0.494006,0.396631,0.335953,0.251292,0.239332,0.415212,0.371749,0.347402,0.539047,0.230498,0.364274,0.1618,0.23483,0.343799,14,1440,0.71669,1.18957,0.874426,0.810856,0.595789,0.646283,1.0121,0.650786,0.985808,4.79876,0.735875,0.554547,0.305749,0.568677,0.909003,14,1440,0.519221,0.458186
2025-12-28,0.086106,0.654551,0.546091,0.549795,0.501523,0.234175,0.579022,0.50665,0.533952,0.507492,0.386621,0.493775,0.248227,0.297863,0.554624,14,1440,0.0630513,1.76466,1.30716,1.09543,0.923681,0.805861,1.40394,1.19018,1.48176,3.35795,1.64984,1.04386,0.652511,0.654649,1.21054,14,1440,0.806086,0.641156
2025-12-29,-0.816924,4.36017,4.35029,5.86105,5.04638,5.45137,4.43953,3.98759,4.29081,56.7718,30.8925,3.24115,2.43155,1.91874,5.06051,11,1440,-0.441856,7.95307,7.90973,10.4047,7.09811,6.98585,8.04736,7.52153,7.46453,141.719,103.531,7.29373,4.04937,3.86036,9.06239,11,1440,4.89396,4.94188
2025-12-30,1.42085,2.96391,3.12879,3.12018,2.46535,1.77869,3.13557,2.48589,2.72195,40.5912,12.1182,2.81306,1.52179,1.607,3.31937,11,1440,1.21086,5.86317,5.17608,5.55266,3.46535,2.44914,5.81714,4.34998,5.1622,108.612,49.8984,3.65758,2.47887,2.69722,6.08525,12,1440,3.44765,3.40086
2025-12-31,-0.950728,1.85958,1.80504,1.63002,1.53883,1.59784,1.60192,1.6059,1.55773,7.36776,3.47072,1.59586,1.0009,0.80414,1.54318,12,1440,-0.0689617,3.49091,2.77039,2.74541,2.25041,1.78521,2.78255,2.29377,2.72478,23.8068,7.72164,1.95571,1.32641,1.44398,2.64268,13,1440,2.08507,1.87686
2026-01-01,1.34949,0.76833,0.637542,0.616727,0.552204,0.657104,0.736139,0.648461,0.595533,0.582447,0.654314,0.649514,0.254452,0.383089,0.647184,12,1440,1.0894,1.33035,0.83382,0.840598,0.694253,0.667954,1.10299,0.848882,1.09567,0.796015,0.845512,0.848108,0.384164,0.449656,0.870453,15,1440,0.746831,0.547212
2026-01-02,1.29294,4.76402,4.68352,3.33534,3.42176,2.62149,5.11141,4.6097,4.3542,64.7947,67.0984,4.52304,1.8368,2.84672,4.9571,12,1440,3.95703,8.40683,6.68255,5.00589,5.79121,5.48666,7.95995,6.03394,8.10071,187.908,124.619,5.6516,2.08386,4.59869,7.4154,13,1440,5.57738,4.95676
2026-01-03,0.700777,1.04289,0.954486,0.953,0.810822,0.578293,0.91874,0.858473,0.927513,1.22263,1.01419,0.8644,0.42985,0.524637,0.901879,13,1440,0.0530983,2.07356,1.81237,1.72795,1.21631,0.740477,1.66899,1.8526,1.97807,4.37126,3.98007,1.88819,0.91888,0.893489,1.57149,14,1440,1.1398,1.05268
2026-01-04,0.990051,1.81982,1.70501,2.00033,1.12547,1.27379,1.87142,1.74384,1.5657,5.84014,7.29781,1.57242,0.772134,0.932875,1.82797,13,1440,0.560924,3.3069,2.50872,2.1999,1.32939,1.59383,2.79149,2.43313,2.97407,10.8184,9.04677,2.20157,1.23394,1.27478,2.26937,16,1440,1.96876,1.77521
2026-01-05,2.51374,4.11578,3.54212,3.8589,4.81066,3.37702,3.59615,3.24624,3.91405,23.042,17.1956,3.37982,1.39919,2.14293,3.42577,13,1440,2.52114,7.68145,7.79615,7.9143,8.90773,5.46076,7.2907,6.4733,7.14826,140.06,77.1075,6.22536,3.03114,4.76501,6.83687,13,1440,4.72293,4.56284
2026-01-06,-0.119121,4.79983,4.45448,4.26796,5.46389,4.44575,4.54379,4.12263,4.56103,91.1058,36.5051,4.14614,2.06798,2.3865,4.74963,11,1440,2.20346,8.32832,8.47744,10.1761,14.2012,8.39939,8.19186,8.21267,8.09194,201.233,130.031,7.65108,4.04326,4.43417,8.82308,10,1440,5.33512,5.36945
2026-01-07,-2.57567,3.80389,3.24115,2.8834,4.16669,3.89428,3.3892,2.84636,3.6542,21.8569,9.45405,2.75601,2.16507,1.07609,3.12632,12,1440,-3.96367,8.52251,5.90674,5.08823,6.16777,7.2154,6.55716,5.08573,8.08288,73.6415,28.7103,4.85487,3.68323,2.22351,5.80962,13,1440,4.77135,3.71516
2026-01-08,-0.289558,4.06109,3.51172,3.7239,3.54503,3.71287,3.59474,3.17148,3.83399,24.5167,13.7491,2.74681,1.63905,1.87266,3.36805,12,1440,-1.97827,7.71711,5.98315,6.41604,6.04728,6.27536,6.30995,5.12364,7.44658,59.6843,41.0312,4.79159,3.33961,2.64355,5.86916,13,1440,4.88961,4.09578
2026-01-09,-0.504796,4.57844,5.10554,6.43726,6.70138,3.82103,5.1629,5.34267,4.30204,94.12,88.9602,5.2107,2.33199,2.77355,5.67255,11,1440,-0.589182,8.45048,9.00751,11.2098,9.67285,4.95004,8.92638,9.24761,7.86946,350.386,324.801,9.61527,4.14965,4.85786,8.78739,13,1440,5.45349,6.03278
2026-01-10,-0.150796,0.303414,0.334251,0.325995,0.230481,0.234382,0.310678,0.307175,0.213864,0.156724,0.140512,0.301748,0.196534,0.137716,0.292164,13,1440,-0.0544119,0.731609,0.593512,0.706981,0.429002,0.488932,0.627741,0.553701,0.574038,0.505265,0.41788,0.554659,0.315594,0.277918,0.61416,12,1440,0.319521,0.333837
2026-01-11,0.560771,0.920616,0.954509,0.576682,0.546824,0.717824,0.939754,1.02016,0.741246,3.50477,6.6056,0.94796,0.442561,0.511948,0.944644,11,1440,1.18291,2.21166,2.29894,1.45715,1.20738,1.21698,2.28199,2.07113,2.0004,18.2239,19.4923,2.04788,1.07097,1.22797,2.32009,12,1440,1.12982,1.24264
2026-01-12,0.309967,4.15212,4.52863,4.67447,4.26808,4.16617,4.44163,4.37863,4.15244,44.6642,31.5765,4.18187,2.31348,2.21515,4.76845,12,1440,-0.890796,6.70174,7.25671,7.01075,5.94741,4.28323,6.65221,7.03647,6.52637,106.762,80.3681,7.39415,3.81741,3.43931,6.88513,13,1440,4.57692,5.20292
2026-01-13,4.41162,6.59113,4.81176,5.93182,5.25229,6.03057,5.7995,4.86502,6.27341,112.205,69.6993,4.53158,1.36906,3.4427,5.59229,13,1440,7.16861,12.361,11.3118,15.5029,14.5362,17.2717,14.5929,8.88491,13.9318,3233.76,188.659,7.15019,1.9326,9.37924,14.9259,11,1440,7.51524,5.7036
2026-01-14,1.59884,4.71643,5.06637,5.14951,4.41411,4.73807,5.03036,4.34114,4.52664,68.808,31.495,4.01149,2.30016,2.76621,5.25437,12,1440,0.871166,9.32266,8.37259,9.11616,8.39029,6.82089,8.10251,8.29822,8.70885,168.283,130.9,8.04621,4.0485,4.32409,7.43635,14,1440,5.37534,5.49405
2026-01-15,-1.39907,4.45412,5.16583,4.61499,3.48312,3.24236,4.59624,4.72059,4.03592,157.543,66.7114,4.33022,2.4592,2.70663,4.41998,11,1440,-1.08578,7.97466,9.2393,6.27709,4.72851,5.41024,8.22546,7.40015,7.32233,278.16,105.147,8.57788,5.05269,4.18661,7.48478,13,1440,5.02741,6.03308
2026-01-16,-0.056352,2.39981,2.45954,2.45253,1.7151,1.34161,2.20989,1.92797,2.22677,32.1571,12.0104,1.98198,1.36749,1.09205,2.08239,15,1440,-0.677557,4.27797,4.06523,3.67019,2.59742,2.37041,3.76492,4.15964,4.08435,46.6428,56.0477,3.7787,2.38742,1.67781,3.64224,14,1440,2.69014,2.70408
2026-01-17,-0.422835,0.474631,0.45267,0.255328,0.26845,0.33497,0.437916,0.443794,0.296633,0.387646,0.524896,0.436886,0.25503,0.19764,0.337662,14,1440,0.43228,0.98473,0.807701,0.587205,0.609318,0.784075,0.777703,0.80659,0.855377,1.23826,1.53697,0.780905,0.415149,0.392552,0.675299,13,1440,0.432055,0.402814
2026-01-18,-1.56197,1.13128,1.4317,1.61924,2.20141,4.03161,1.24466,0.852032,0.925684,26.5469,2.06802,0.626555,1.14319,0.288514,1.32441,10,1440,-0.804603,2.78392,2.8275,2.98909,3.49529,5.23377,2.63699,2.11065,2.40866,43.6324,7.28509,1.90869,1.71381,1.11369,2.66764,12,1440,1.42751,1.69287
2026-01-19,-1.11876,4.25507,2.75459,3.02351,2.08449,1.98559,2.35822,2.41441,4.56671,41.8824,21.219,2.4108,1.65001,1.10458,2.47404,16,1440,-2.91915,7.9352,5.1078,6.66517,7.48898,6.21778,4.92797,4.53501,7.33539,124.243,101.293,4.24147,3.37759,1.73021,5.62099,13,1440,4.9606,3.16365
2026-01-20,-4.6439,7.58688,8.41248,5.346,3.72842,3.50692,6.68,6.4472,5.28011,496.243,81.1805,5.95606,5.63089,2.7816,5.94074,12,1440,-8.15111,12.9029,14.2406,9.25821,6.5703,9.65072,11.4164,11.2776,10.5297,1166.15,373.659,9.27007,10.3075,3.93304,10.4813,12,1440,8.63963,10.1144
2026-01-21,1.15479,8.70688,9.4514,11.0382,12.9378,17.8546,8.47214,9.90302,8.04054,322.014,349.492,8.90697,4.27067,5.18073,8.75099,11,1440,1.4316,18.4648,21.9355,25.7665,28.949,41.5484,19.2129,22.2328,17.6955,1705.75,1965.14,22.9838,9.40718,12.5283,20.7402,10,1440,11.3709,13.1639
2026-01-22,0.117242,3.9454,3.45132,3.08234,2.50112,2.04022,3.5149,3.59711,3.62621,19.0463,26.4174,3.4223,1.8402,1.61112,2.91689,14,1440,-0.996814,9.15323,8.73357,8.55976,8.29121,5.29494,9.25549,8.67933,8.28779,171.583,127.259,7.48077,4.86557,3.868,8.13372,14,1440,5.31977,4.89372
2026-01-23,0.0453115,4.36175,4.57257,4.44211,4.8628,2.88394,4.38656,4.46655,4.05278,71.0233,59.5128,4.29236,2.25977,2.3128,4.31833,11,1440,0.125908,9.05827,9.39512,7.77609,6.98865,7.10405,8.97129,9.25113,8.31382,247.581,249.823,8.87317,4.6645,4.73063,8.42682,11,1440,5.51432,5.97012
2026-01-24,-0.419314,0.454156,0.352417,0.363332,0.366481,0.277982,0.399527,0.263541,0.384131,0.295529,0.0841742,0.29468,0.194466,0.15795,0.340899,14,1440,-0.107959,1.1418,0.976038,0.92042,0.954942,0.812039,0.971184,0.839665,1.09025,3.02059,0.784866,0.747312,0.549871,0.426167,0.830342,14,1440,0.536252,0.430836
2026-01-25,-2.90531,3.9103,3.08392,3.62728,2.90533,2.36956,2.9012,3.22836,3.62517,17.1201,24.3264,3.28303,1.97116,1.11276,2.76328,13,1440,-4.72627,7.64143,6.38404,6.16886,6.06553,5.53787,6.09342,5.95916,7.11544,93.0499,84.1846,5.3256,4.09125,2.29279,5.72076,13,1440,4.50775,3.67041
2026-01-26,1.91612,5.01582,4.85216,5.34491,4.54394,3.42758,5.478,3.67137,4.77519,80.1955,15.1642,3.52289,2.23742,2.61474,5.51543,13,1440,3.94884,10.3593,10.2169,10.7654,8.94047,8.80483,11.2778,8.26484,9.18654,212.339,65.3084,8.02003,3.98842,6.22845,11.1059,12,1440,5.89431,5.89058
2026-01-27,1.01683,3.72235,3.27821,4.39588,3.79878,4.75181,3.62144,3.00659,3.61762,25.3425,19.9967,2.86124,1.5007,1.77751,3.68486,11,1440,3.23742,8.41973,7.81991,10.7849,9.66442,13.6112,8.64192,6.75976,7.87533,170.939,113.099,6.36008,3.18744,4.63246,9.18261,11,1440,4.82695,4.47266
2026-01-28,0.0559955,4.71851,3.98125,3.78396,3.54674,3.16444,4.06774,4.1933,4.4913,37.4142,44.9534,4.02286,1.89552,2.08573,3.70235,14,1440,-0.529686,7.24764,5.69704,5.18038,3.70783,2.88184,5.76289,5.9446,7.04026,45.2279,47.6378,5.59224,2.79067,2.90636,5.01748,15,1440,5.14708,4.04951
2026-01-29,-5.34744,6.38493,6.52213,10.2947,8.84461,11.7734,7.10531,7.00128,5.85665,128.445,211.838,6.49674,4.49385,2.02828,7.80437,11,1440,-6.45443,12.6283,12.7549,17.9934,12.7056,16.6675,13.4829,13.4037,10.7628,422.241,666.236,12.0121,8.47074,4.28417,14.5801,12,1440,7.54758,7.74252
2026-01-30,-0.461393,15.0834,12.8679,14.9254,12.2962,8.54263,14.7114,12.0617,14.7669,425.952,204.845,13.2083,7.06646,5.80148,16.352,13,1440,-4.16735,28.643,25.8496,27.427,25.7312,16.3635,29.1652,22.6146,28.3147,2658.25,947.127,20.7847,14.9782,10.8714,31.3458,13,1440,18.6808,16.3033
2026-01-31,-6.77479,24.4485,13.3315,12.6807,9.62395,10.1222,17.4875,12.2166,22.7111,544.176,349.604,12.2047,8.89673,4.43473,14.7729,15,1440,-9.90978,75.4723,33.4551,38.7955,34.355,34.5953,47.741,31.356,68.7931,4227.71,2372.52,27.8149,22.1221,11.333,40.4121,16,1440,39.5357,18.0544
2026-02-01,-2.27726,12.7597,15.8024,13.0096,9.8651,6.41433,15.3771,16.4335,12.2007,660.32,711.814,16.5082,8.98382,6.81863,14.8184,11,1440,-7.70377,36.3113,42.7474,44.1238,33.8539,27.0625,43.2938,43.8041,33.3621,5912.09,4601.86,40.848,25.7616,16.9858,43.8475,10,1440,18.3941,23.3605
2026-02-02,2.27412,22.5541,20.6751,21.5893,16.6562,10.0937,19.8298,16.6679,20.7763,2177.1,624.795,15.0828,7.42522,13.2499,19.196,11,1440,3.33005,55.8448,49.0615,52.7072,52.3536,21.4737,49.8171,44.644,49.9182,8125.29,4837.52,38.1718,18.4849,30.5765,49.9857,12,1440,31.7588,29.2013
2026-02-03,-3.84284,16.9055,16.8991,20.7262,25.0481,33.8992,16.3628,17.2321,16.3548,648.694,513.089,15.7661,8.71299,8.18613,17.3615,11,1440,-4.94781,44.387,42.6114,50.0193,58.106,85.4039,43.9713,39.0483,40.8311,4614.63,2806.18,32.2922,20.2915,22.3199,47.6673,11,1440,23.0628,23.409
2026-02-04,-3.49767,21.1909,20.6914,22.3871,18.9242,12.898,21.2084,21.7945,19.8358,657.985,794.422,21.2944,11.1206,9.57083,19.5718,13,1440,-3.90101,47.6444,47.5977,47.2916,36.8349,23.9761,47.4251,48.1935,44.9661,4077.59,3529.48,48.7324,23.2793,24.3184,46.0852,12,1440,27.7824,27.4823
2026-02-05,-15.1026,52.8742,53.8232,45.2931,50.2795,38.1262,55.0902,55.1393,49.7292,5162.28,6718.89,52.7241,28.8876,24.9356,53.6573,13,1440,-16.2076,86.2028,89.1862,76.4975,82.8156,54.4495,92.467,83.8288,78.8786,13277.8,12120.8,85.1943,46.9026,42.2836,88.3479,13,1440,61.1202,64.0638
2026-02-06,11.5048,45.6308,47.8033,57.6544,52.8042,46.2711,45.1348,48.7818,47.2487,5249.97,6190.1,51.9247,19.8522,27.9511,47.3557,10,1440,12.1763,66.2633,64.1024,62.8002,64.3971,58.941,60.15,60.978,64.3832,11904.5,9255.44,63.1012,25.7854,38.317,58.701,10,1440,48.5232,48.716
2026-02-07,-1.84589,17.161,18.3767,14.9238,14.9142,12.4457,17.3896,16.9976,16.1726,954.404,427.898,17.1196,9.99038,8.38628,16.995,10,1440,1.14205,28.524,24.4739,19.6041,17.2656,16.424,25.8926,25.233,26.3137,1241.89,989.937,24.2643,12.1508,12.323,22.7531,12,1440,18.4131,18.5456
2026-02-08,1.49122,10.4034,11.0075,8.37493,6.23019,8.72535,10.9259,10.1618,9.87416,401.017,314.559,10.7197,5.79997,5.20749,10.4525,13,1440,0.12737,14.8208,16.7988,13.923,12.0205,13.7827,16.5075,14.9525,14.4246,817.18,617.011,13.3705,9.03286,7.76597,16.5215,12,1440,10.5618,12.2273
2026-02-09,-0.273912,13.967,12.0471,12.1702,8.84194,8.3507,13.0444,11.4438,12.9654,241.174,169.557,10.0598,5.65011,6.39701,12.5339,14,1440,0.728531,23.7271,23.3928,22.3668,17.1515,12.4707,24.6694,19.2573,19.8914,1479.25,491.541,16.9555,9.37222,14.0206,25.8586,13,1440,16.1191,14.9044
2026-02-10,-1.8661,10.9157,9.80097,8.34855,8.53692,9.22083,10.3712,9.17795,10.2603,215.557,147.722,8.66973,4.92751,4.87347,10.1422,13,1440,-3.99065,17.6648,16.1367,12.4989,14.1685,16.3536,17.1433,14.9978,15.8854,538.183,508.832,13.9189,8.82175,7.31493,16.3403,13,1440,12.1222,10.8465
2026-02-11,-2.58802,14.6239,14.017,15.8447,14.1247,8.90729,15.3214,13.5795,13.8711,321.25,295.233,14.4153,7.54905,6.46798,14.8938,12,1440,-4.11224,22.1758,21.4848,24.2351,19.0709,11.6115,22.3888,18.0861,18.8555,1038.88,572.874,18.9291,11.977,9.50781,21.9721,11,1440,16.1119,15.8088
2026-02-12,-1.21535,11.3724,11.199,9.66972,10.303,10.1576,10.5231,10.3148,10.289,218.009,143.419,10.3811,6.34758,4.85146,9.61054,14,1440,0.343016,16.1199,13.6197,11.7601,11.789,12.4197,13.6927,13.121,14.4762,282.408,250.983,12.9355,7.48318,6.1365,12.283,14,1440,12.0291,11.0198
2026-02-13,3.82177,9.6133,7.38443,5.63913,5.60999,5.0825,8.95023,7.08139,9.67813,136.468,64.3364,6.54433,2.75958,4.62485,7.19772,15,1440,5.0489,14.0144,11.5964,9.66851,10.9875,11.3283,13.3945,10.2685,12.6146,427.153,132.788,9.13995,3.86012,7.73632,11.9824,14,1440,10.1811,8.10092
2026-02-14,1.3975,4.00785,3.42419,3.23729,3.81459,4.33348,3.34802,3.28529,3.68412,18.7243,16.7116,3.40464,1.59004,1.83415,3.07275,13,1440,1.83159,5.88567,4.69497,4.11709,4.73917,5.47321,4.92117,3.93487,5.08018,51.4896,24.1451,3.8953,1.90411,2.79087,4.50977,14,1440,4.09136,3.37553
2026-02-15,-1.42856,6.40818,7.44774,7.54359,5.61646,4.80848,7.14971,6.77277,5.799,141.594,92.6628,5.95024,4.21721,3.23052,7.26045,11,1440,-5.92352,13.8976,16.6323,17.559,14.6279,14.7781,17.2186,16.2346,12.1658,803.671,724.429,14.5645,11.6269,5.00541,18.6241,11,1440,7.60318,9.58005
2026-02-16,0.0869123,6.88432,8.08606,8.08765,7.95517,10.7648,7.85972,5.56903,6.10895,377.026,34.9853,5.24447,4.80478,3.28128,7.9111,10,1440,1.60158,12.4567,13.2786,10.4332,8.50249,11.5327,13.037,10.1329,11.0121,627.342,113.312,9.54455,7.21721,6.06144,12.0506,12,1440,8.20225,9.38728
2026-02-17,-2.03666,8.4962,8.00394,7.09344,6.91278,7.22638,8.69117,7.88045,7.51727,128.436,88.6272,7.89033,4.32918,3.67476,8.36254,12,1440,-0.334337,14.7702,12.8864,11.4192,11.1328,12.1658,14.4697,11.148,12.8936,449.587,235.312,10.3226,5.97274,6.91368,14.1792,12,1440,10.0272,9.04454
2026-02-18,-1.55644,7.27312,7.46297,5.97922,3.58912,4.37625,7.4525,5.47324,6.6357,251.495,37.4907,5.57336,4.14294,3.32003,6.94706,13,1440,-1.81129,12.0479,11.6903,9.14766,6.46797,6.19241,11.6144,10.0865,10.6494,358.299,156.763,10.5473,6.14735,5.54298,11.5921,12,1440,8.23462,8.35661
2026-02-19,0.813298,6.38887,6.07874,4.02785,4.44417,3.74839,5.63223,6.0656,6.00649,60.2991,70.0831,6.02496,2.84833,3.23042,5.29342,13,1440,-0.349809,10.698,10.8232,7.89675,6.88937,5.66519,10.0005,10.8685,9.96618,217.605,247.9,10.8153,5.63907,5.18412,8.97738,14,1440,7.38214,7.43567
2026-02-20,1.50536,10.631,7.87373,7.54223,6.501,4.86868,8.15077,7.22364,9.8094,166.804,121.166,6.50685,4.30323,3.5705,6.28429,15,1440,1.01074,13.1839,10.7455,8.86039,8.31112,5.57148,10.8602,8.87713,11.1108,362.031,177.843,8.64303,5.23643,5.50903,8.88955,13,1440,10.4751,7.90099
2026-02-21,-0.0648255,1.92365,1.52814,1.58816,1.5958,1.63278,1.6059,1.32308,1.58473,5.47843,2.39752,1.20031,0.770203,0.757935,1.49505,13,1440,0.226775,2.75022,2.10215,2.0112,2.11478,1.50962,2.27415,1.68545,2.40009,10.7483,3.75635,1.62849,0.945222,1.15693,2.06145,13,1440,1.77147,1.43086
2026-02-22,-0.490388,1.57951,1.4134,1.5059,0.96306,1.17155,1.42502,1.24941,1.42827,3.75398,1.70435,1.14628,0.845523,0.56788,1.38223,12,1440,-0.7901,2.62729,2.51333,3.07588,1.95741,2.2467,2.65477,1.94502,2.32146,24.6247,8.36922,1.7076,1.56514,0.948187,2.71966,12,1440,1.55136,1.50305
2026-02-23,-4.51686,10.0759,10.4272,12.7278,14.5708,19.2083,10.0005,9.57518,9.79617,436.683,251.167,9.53295,6.66958,3.75758,10.4765,10,1440,-5.32464,16.5631,16.4955,16.9124,18.5001,24.5126,14.8631,16.8915,15.0974,1627.92,2064.67,14.8583,10.8477,5.64781,15.6024,11,1440,11.3019,11.7378
2026-02-24,-0.928995,10.8919,10.3959,7.44642,6.07826,5.22449,10.3066,9.98583,10.5666,246.71,264.71,9.69258,5.5519,4.844,9.76546,13,1440,-0.235152,16.8939,13.7627,9.17608,6.81495,6.01527,14.7949,13.4006,15.7925,462.127,698.43,12.9118,6.95357,6.80915,14.0257,13,1440,12.3183,11.0868
2026-02-25,5.95405,12.7074,13.223,14.195,13.8459,15.4937,13.6955,10.5162,12.2818,1219.59,210.893,9.45186,3.96562,9.25734,13.6574,11,1440,10.5248,23.0319,22.8764,27.3647,23.7587,29.3364,26.3665,19.928,20.8813,2603.16,961.675,18.7252,6.48024,16.3961,26.6106,11,1440,14.5251,15.2034
2026-02-26,-0.742379,9.25152,8.49124,6.02487,6.80463,4.81083,8.07981,6.84839,8.45278,145.315,51.8427,6.29221,4.28903,4.20221,7.13801,15,1440,-1.45897,16.2013,14.4672,12.183,14.8421,13.2593,14.4336,11.7538,14.4869,483.999,143.278,10.9446,7.87466,6.59253,13.57,14,1440,10.8745,9.88134
2026-02-27,-2.4193,8.22845,7.0035,5.24856,6.40195,5.54256,6.51805,6.69105,7.44328,93.0149,84.6126,6.17178,4.15736,2.84613,6.26418,13,1440,-4.94552,15.9129,13.6037,10.4154,11.4963,9.29218,12.3183,13.2362,13.8164,497.184,544.068,12.4643,8.13773,5.46595,11.1394,14,1440,10.2333,8.82118
2026-02-28,1.65785,12.2465,13.7909,16.0078,16.6941,22.6529,13.6944,14.1458,11.7053,335.188,437.443,14.2486,6.24479,7.54609,14.0545,10,1440,1.78058,19.496,19.9075,24.0764,22.5131,29.1881,19.9439,20.3116,17.9952,634.287,799.227,20.0733,8.73145,11.176,20.0685,11,1440,13.8412,15.1991
2026-03-01,-1.80313,12.4775,13.5649,11.0248,11.0471,7.25509,13.7946,9.93017,10.8496,728.376,112.973,8.07919,6.40191,7.163,12.8324,12,1440,-1.27044,23.6098,25.4256,24.9488,24.9338,20.5019,26.3569,20.638,20.7398,3013.32,807.121,17.64,10.1154,15.3102,25.7731,11,1440,15.0458,16.8555
2026-03-02,4.53784,13.7767,13.9869,18.2109,16.3812,20.6491,13.2919,12.0184,13.0906,512.544,168.329,12.0234,4.7699,9.21705,14.414,11,1440,4.4191,23.0172,23.6142,29.5219,24.68,28.2911,23.0174,21.3367,21.0474,1590.73,827.976,20.7824,8.68003,14.9342,24.9134,12,1440,15.9506,16.6391
2026-03-03,-0.717459,12.5966,12.8467,14.1241,11.725,9.46587,12.8514,12.4111,11.9361,329.124,258.785,13.0665,6.21083,6.63588,12.6395,13,1440,-2.22195,19.7303,18.8373,18.9313,14.9434,10.7418,19.0003,16.6906,18.1486,751.823,361.913,18.8991,10.0411,8.79622,18.329,13,1440,14.2855,14.404
2026-03-04,6.14182,14.2259,14.8314,15.6592,16.8774,17.2135,14.731,13.5795,13.754,456.632,421.426,13.8306,5.5928,9.23858,14.6447,11,1440,7.03342,24.6649,26.0287,25.08,25.0675,27.6261,23.4486,25.1133,21.8936,2112.81,1686.74,24.9791,9.39975,16.629,22.1847,12,1440,16.379,17.9594
2026-03-05,-2.47447,9.79804,9.51964,9.49395,9.59979,6.70151,9.17393,9.62198,8.84962,145.623,129.206,9.19633,5.61831,3.90132,9.07277,12,1440,-2.59149,15.3541,16.0907,14.9508,14.6452,12.8283,15.0731,14.9556,13.7443,471.899,297.339,14.0787,9.62131,6.46939,14.761,13,1440,10.9243,11.3463
2026-03-06,-3.99565,8.31666,8.47119,7.99143,7.82131,5.00494,7.92824,6.79479,7.55033,244.212,86.4872,7.59413,5.57705,2.89414,7.75509,13,1440,-4.64993,11.3586,11.8707,10.8919,10.2999,8.73165,12.1922,10.065,9.71899,398.411,186.687,10.4926,7.52093,4.34976,12.0471,12,1440,8.67011,9.08426
2026-03-07,-1.25741,2.59168,2.1792,2.02262,1.63962,1.71303,2.19671,1.57649,2.41096,10.9672,2.9437,1.45354,1.14483,1.03438,2.1222,14,1440,-0.460456,3.7404,3.90339,3.51208,2.52284,2.43242,3.53715,2.97223,3.286,57.3814,13.1799,2.54363,1.88877,2.01462,3.34556,13,1440,2.60637,2.50276
2026-03-08,-1.93907,7.0554,8.83205,7.87805,7.35623,4.83863,7.13274,5.54853,6.2213,1240.18,44.4645,4.85581,6.3008,2.53125,6.71874,11,1440,-1.66334,9.63174,11.4983,11.445,10.3225,8.33775,10.66,8.50888,8.27265,1027.19,75.9877,6.80598,7.6078,3.89054,10.57,11,1440,7.17432,9.14106
2026-03-09,3.66246,10.6812,10.1993,11.7711,9.07847,8.2459,10.0142,10.4519,9.85098,189.295,233.834,9.7683,4.06613,6.1332,9.8139,12,1440,2.8439,16.6021,16.4284,18.6974,14.1512,11.6338,16.2428,17.1386,14.3742,557.421,747.183,16.5025,6.89567,9.53277,15.9559,12,1440,12.0195,11.8789
2026-03-10,2.19182,11.1873,11.261,13.0675,15.1551,14.7771,11.6316,10.0285,10.4564,320.287,231.176,9.5663,5.32937,5.93168,12.4806,11,1440,2.16066,13.3728,12.3146,13.5585,14.9125,13.0413,13.0173,11.1764,12.7105,348.205,309.964,10.3208,5.84999,6.46458,13.5028,11,1440,11.1339,10.8062
2026-03-11,0.347123,8.61475,7.42808,6.23825,6.28689,5.64577,8.04334,7.23059,8.27116,123.713,156.965,7.41363,3.42696,4.00112,8.09758,12,1440,0.756275,10.5524,10.0311,8.98585,7.15688,8.29662,10.844,10.5992,10.3642,226.6,430.954,10.6245,4.47606,5.55508,11.3138,11,1440,8.53808,7.87341
2026-03-12,0.496657,6.64421,6.06328,5.4182,4.31142,5.06784,6.73822,5.43992,6.2019,68.7071,47.8034,5.83736,3.07481,2.98847,5.70361,13,1440,1.04473,9.86693,9.98908,8.70418,6.62063,7.08052,10.8649,8.17442,8.67455,249.067,92.729,7.92371,4.53986,5.44922,10.498,11,1440,7.28444,7.10786
2026-03-13,0.549455,8.8894,8.24247,7.81129,10.5797,8.91378,9.1372,7.37423,8.64516,143.139,100.059,6.35914,3.79012,4.45235,9.04274,11,1440,0.897806,15.4339,17.2727,16.4137,23.0567,18.9138,16.4616,14.3555,14.0558,2051.1,570.507,12.478,6.4343,10.8384,17.4155,10,1440,9.80832,9.88712
2026-03-14,0.396717,1.89235,1.61615,1.82806,1.47893,1.5418,1.65118,1.26463,1.73412,4.75917,1.71806,1.25716,0.862884,0.753266,1.56582,13,1440,0.18814,2.50222,2.53643,2.30132,2.08892,2.13985,2.50695,1.91933,2.37675,30.0589,5.46446,1.7469,1.54471,0.991728,2.5221,12,1440,1.78996,1.65241
2026-03-15,2.22646,3.85936,3.25975,3.73283,3.40865,2.80872,3.45309,2.85806,3.5582,24.9756,13.0036,2.63341,1.32622,1.93353,3.49897,12,1440,3.84377,7.36714,7.52156,9.43047,9.05266,8.44047,7.25711,6.63315,6.47137,209.167,124.414,5.68223,2.75605,4.76551,7.85052,11,1440,4.49214,4.24081
2026-03-16,2.80239,8.60174,9.51542,8.88476,5.91217,6.17349,8.44925,7.74452,7.98035,315.812,133.744,7.35159,3.98849,5.52693,8.74211,11,1440,7.71336,18.5486,19.8538,17.9711,14.3771,14.8025,17.6356,15.6288,16.5358,1798.95,465.755,15.3913,6.35852,13.4953,17.5828,11,1440,10.4163,11.58
2026-03-17,-1.31097,7.4431,6.78975,6.09777,4.88913,5.07547,7.43468,6.54232,6.97018,72.7683,84.9003,6.38424,3.49406,3.29568,6.97153,13,1440,-1.52368,12.0903,11.3473,8.81189,6.88868,7.13461,12.3267,10.597,10.8965,191.556,195.762,11.3401,5.69932,5.64801,11.8796,13,1440,7.97811,7.45692
2026-03-18,-3.66932,5.82847,5.84774,4.82264,4.60582,5.88331,5.82449,5.46664,5.40444,70.6832,76.0376,4.99043,3.75432,2.09342,5.64873,11,1440,-5.04445,12.3878,13.084,9.93565,10.6259,14.4333,12.5561,11.5002,10.5957,417.751,312.868,10.3599,8.43424,4.64974,12.5946,11,1440,7.36708,7.83792
2026-03-19,-1.86515,7.53479,6.78429,7.54989,7.34103,5.0963,7.57036,6.64461,7.09814,73.7793,69.5413,6.67886,3.40234,3.38194,7.5177,12,1440,-3.02151,13.3434,12.3179,12.4272,12.6999,8.97431,13.684,11.4574,13.0668,365.86,175.266,10.2752,5.90688,6.41104,13.1615,12,1440,8.75559,7.92814
2026-03-20,0.827016,6.60858,5.97147,5.31627,4.95928,3.11272,6.10044,4.70234,6.21725,74.9754,25.7931,4.72363,2.86332,3.10815,6.01825,12,1440,0.392621,10.1133,9.63916,8.61569,6.20822,4.56448,9.68167,7.48638,9.16712,215.958,75.4868,7.00933,4.18402,5.45514,9.21816,13,1440,7.34969,6.91938
2026-03-21,-2.28458,2.03277,2.26973,4.32253,4.05584,4.52096,2.45472,2.15586,1.97421,65.8433,47.1816,2.26203,1.74606,0.523668,2.87561,9,1440,-2.90017,3.34069,5.19502,9.73766,9.04594,10.1958,5.33665,4.58167,2.78559,729.445,180.429,4.82742,4.45997,0.735048,6.28969,8,1440,2.24583,3.11022
2026-03-22,-1.54871,5.15756,4.9274,3.93521,3.26154,2.87751,4.55977,4.67519,4.47672,64.3167,60.529,4.32945,2.7765,2.15091,3.9794,13,1440,-1.49709,10.6467,9.05175,7.56563,5.43658,3.86143,8.39299,8.12102,9.13011,366.431,151.399,7.81802,5.26934,3.78241,7.9522,13,1440,6.59453,6.09368
2026-03-23,4.39294,15.6709,22.6408,20.7357,18.4303,16.1227,18.692,10.808,14.2807,19715.3,283.967,8.40385,4.34378,18.297,20.2679,12,1440,4.6676,33.3534,41.3261,47.9046,49.5408,32.8942,37.0273,18.498,21.1425,68227.4,411.832,13.6497,8.00456,33.3216,41.0902,10,1440,20.4838,29.1689
2026-03-24,-0.494419,6.57173,6.31916,5.07591,4.82519,5.46844,6.34002,5.05351,6.15972,78.7359,31.245,4.6736,3.52457,2.79459,5.90998,13,1440,0.194974,10.1677,9.11068,6.83581,5.84286,6.97519,8.92824,8.28271,9.33897,213.515,93.071,7.03539,4.62861,4.48208,8.10167,13,1440,7.39775,6.89888
2026-03-25,1.09913,5.28144,4.70527,4.70135,3.80949,2.79506,5.39197,4.30834,4.52079,43.3767,29.3662,3.92645,2.05424,2.65104,5.48443,12,1440,0.591413,6.70598,5.70018,5.53894,3.89354,2.49525,6.42031,5.31273,5.85184,64.1496,40.8777,5.41705,2.72033,2.97985,6.42882,13,1440,5.25998,4.65191
2026-03-26,-3.59096,5.94423,5.24458,4.80659,5.08404,3.54317,5.49233,3.67688,5.03982,149.374,20.5151,3.4167,2.99279,2.25179,5.12812,13,1440,-5.13608,10.1056,10.2148,9.05076,8.59849,7.55315,9.75667,5.23459,8.39424,1235.33,36.8624,4.53103,7.01181,3.20302,9.22194,12,1440,6.9161,6.49775
2026-03-27,-3.56922,6.16463,6.3548,6.89557,7.43282,5.87448,6.53695,5.23346,5.70977,188.569,37.2932,4.70032,4.38614,1.96866,6.83176,12,1440,-3.33991,8.73766,9.27918,8.80975,10.5622,9.0045,9.28209,5.31519,7.6007,729.808,38.7042,4.95948,6.70209,2.5771,9.49995,12,1440,6.4725,6.938
2026-03-28,-0.0455626,2.15688,1.84483,2.11864,1.47449,1.5029,2.10751,1.73118,1.78832,8.32705,10.1007,1.64266,0.906334,0.938494,2.05637,13,1440,0.0998122,4.46525,4.20315,4.01728,3.32925,3.79124,4.29843,3.15164,2.78672,198.787,27.1198,2.56182,1.63436,2.56879,4.09223,12,1440,2.56422,2.27666
2026-03-29,-0.553073,3.8963,4.61234,3.16451,2.31466,2.67248,4.85877,4.9139,3.17992,184.134,433.311,4.59735,2.7971,1.81524,5.70787,14,1440,-0.507618,5.65116,7.95957,5.28437,3.66221,4.39369,7.50529,8.38539,4.99451,570.29,1376.25,7.78608,4.78994,3.16963,8.88562,14,1440,4.23646,5.74324
2026-03-30,1.18434,6.58572,7.42184,5.98333,4.94651,3.48686,7.048,5.63526,5.91571,657.509,43.1546,4.99636,2.55523,4.86661,6.71339,12,1440,2.08628,10.5381,11.9718,9.54455,9.37674,6.81599,11.1674,9.23015,9.00164,1123.07,98.7017,7.6819,4.01775,7.95404,10.8427,12,1440,7.41979,8.56243
2026-03-31,2.20188,8.18123,9.83931,10.534,10.0016,8.74447,9.55448,8.32531,7.75038,329.333,111.041,7.76295,3.59983,6.23948,9.46339,11,1440,3.82194,12.5784,14.3978,15.1835,14.0453,14.1323,14.4663,12.897,11.6274,647.332,293.999,12.2416,5.15769,9.24011,14.8052,11,1440,9.01194,11.1832
2026-04-01,-0.250091,5.14953,4.91882,4.33077,3.96444,4.63331,4.71471,4.43489,4.98322,44.4214,28.4723,4.19826,2.59044,2.32838,4.31919,13,1440,1.64496,8.82682,9.15832,7.37402,6.45317,7.55711,8.20922,8.03665,8.26671,196.24,91.2328,7.09045,3.96977,5.18855,7.38047,14,1440,5.96706,5.96287
2026-04-02,-1.79529,6.19421,5.76863,6.82194,6.26755,7.42911,6.18046,4.9182,5.78695,98.3624,53.9061,4.78114,3.54801,2.22062,5.75702,12,1440,-3.96381,11.1885,10.8891,13.7202,11.4762,13.7926,11.1775,10.0905,9.7052,374.614,265.488,9.24806,7.07318,3.81592,10.0681,12,1440,7.27881,7.0359
2026-04-03,0.0930929,2.01398,2.12563,1.45262,1.27054,1.00175,2.00531,1.94028,1.96856,10.7378,5.66737,1.88487,1.20284,0.922793,1.82377,13,1440,-0.162491,2.92623,3.01464,2.23945,1.88944,1.08938,3.08497,2.64329,2.78329,25.5518,11.6248,2.42278,1.57038,1.44426,2.84606,12,1440,2.06854,2.25451
2026-04-04,0.500684,0.675974,0.623647,0.61949,0.36468,0.276879,0.633141,0.590346,0.497793,0.630177,0.51532,0.573683,0.278598,0.345048,0.573735,13,1440,0.567567,1.22437,1.43739,2.29572,0.95914,0.55073,1.15447,1.50991,1.09129,22.5864,22.6078,1.17895,0.50502,0.932373,1.21487,11,1440,0.660341,0.692975
2026-04-05,2.54353,2.33577,2.81657,2.89203,3.89973,3.36881,2.74582,2.03815,2.0829,50.0148,16.3902,1.83276,0.74157,2.075,2.86818,10,1440,2.13865,4.13875,5.29442,5.17225,6.66439,5.22532,5.36037,4.38769,3.57707,145.287,52.0932,3.84815,1.69567,3.59875,5.75945,10,1440,2.6332,3.54614
2026-04-06,-0.261836,4.76268,4.43274,4.72313,4.11745,3.35987,4.6234,4.20054,4.34121,34.1129,34.1055,4.33163,2.24199,2.19075,5.05519,12,1440,-0.142744,7.89165,7.3791,8.43256,7.83149,6.64341,7.99159,7.28911,7.16049,108.371,124.792,6.51864,3.89306,3.48604,8.76642,12,1440,5.29111,4.97892
2026-04-07,4.36297,7.68906,7.6324,10.9879,11.0972,10.9057,8.01015,7.30142,6.90418,202.392,238.963,6.14093,2.36527,5.26713,8.11947,12,1440,6.11393,12.5822,12.6286,16.7961,21.3743,22.7304,14.1894,10.7733,11.1649,540.339,455.036,9.23581,3.80768,8.82089,14.3343,12,1440,8.65659,8.85923
2026-04-08,-1.19487,4.81196,5.02641,4.82592,5.17866,4.84986,4.96122,4.38913,4.70221,64.2065,29.5465,4.36795,2.86973,2.15668,4.67921,12,1440,-2.25788,7.69622,7.93014,8.18301,8.35839,9.42142,7.96055,6.94043,7.24074,140.33,63.1089,6.87542,4.90835,3.02179,7.58694,13,1440,5.24934,5.62761
2026-04-09,1.00526,5.76784,6.37762,4.78291,5.25972,4.66252,5.84876,5.70213,5.59899,251.379,87.8982,4.69228,2.38698,3.99064,5.50871,13,1440,0.009132,8.49931,9.68573,7.22758,7.10872,6.92343,9.16651,8.13548,8.04344,570.513,130.63,6.38677,3.95968,5.72606,8.53435,13,1440,6.34847,7.40142
2026-04-10,1.62314,3.97979,3.6345,3.19168,2.94309,2.91632,3.59362,3.06979,3.45132,35.939,13.3255,2.96301,1.78012,1.85437,3.40295,12,1440,2.47349,5.90901,5.60161,4.52669,4.7646,4.47731,5.37598,5.13169,5.37257,72.9648,51.4081,4.78039,2.53682,3.06479,5.32581,12,1440,4.27178,4.04237
2026-04-11,0.110215,1.86631,1.75526,1.35693,1.13601,1.4655,1.79097,1.69264,1.61237,7.41337,6.18444,1.47046,0.842934,0.912324,1.64032,13,1440,1.76339,4.8898,5.62931,5.332,6.23614,6.32332,5.60768,4.8998,4.74577,227.924,92.6249,3.70093,1.9376,3.69171,5.68857,11,1440,2.49865,2.6608
2026-04-12,-3.20255,4.0088,4.37206,5.23691,5.91642,5.33536,4.15531,4.52416,3.39009,106.583,154.067,4.08051,3.21381,1.15825,4.27795,12,1440,-4.1707,6.92116,7.80555,9.82909,12.2236,11.3732,7.18922,8.25958,6.13972,328.567,592.057,7.31784,5.74968,2.05588,8.01021,12,1440,4.70031,5.44953
2026-04-13,5.06727,5.91802,5.72538,5.47718,6.59369,8.85438,5.45877,5.44335,5.78722,97.7036,66.0254,5.47488,1.77292,3.95245,5.26863,11,1440,7.80074,11.4565,11.3298,14.544,18.708,23.6382,11.4394,10.9942,10.911,573.328,493.315,10.2992,2.54901,8.78076,11.6451,10,1440,7.07776,6.86911
2026-04-14,-0.38565,5.08655,5.21104,5.18151,5.91039,5.22328,4.78045,5.08,4.74887,49.2121,42.8882,5.19662,2.8877,2.32334,4.59637,12,1440,-2.00437,8.21971,7.44402,7.46023,7.80805,8.04874,7.78087,6.82172,7.66483,104.95,68.5101,6.65723,4.32787,3.11615,7.49646,13,1440,5.48034,5.52656
2026-04-15,0.911021,4.54306,4.44862,3.95943,2.91628,2.64046,4.39045,3.75236,4.1271,38.9285,16.7817,3.60829,1.99717,2.45144,4.33324,13,1440,1.60221,6.93301,6.70788,5.59603,4.08061,3.67246,6.58863,6.50122,6.09004,64.3555,55.7004,5.93508,2.94459,3.76328,6.32979,13,1440,5.08515,4.91479
2026-04-16,0.459177,5.22792,6.35198,4.88481,5.78407,4.8142,5.13931,5.46679,4.98882,435.535,65.6296,4.78837,3.87666,2.47533,4.92539,12,1440,-0.500413,7.70842,8.97448,7.34024,7.86619,6.6888,7.78468,7.17066,7.49394,624.609,125.079,6.02824,5.59428,3.38021,7.37647,12,1440,5.76052,7.06261
2026-04-17,2.51968,6.85794,5.94264,6.18276,6.14056,5.90365,6.06401,5.00142,6.46297,104.321,41.9496,4.99124,2.69917,3.24347,5.50383,13,1440,2.97179,10.0278,9.73383,9.08102,9.40405,11.8043,10.0957,8.08439,9.2243,274.513,142.94,7.52524,4.31703,5.4168,9.72729,12,1440,7.18866,6.73137
2026-04-18,-1.80707,2.1841,2.05441,1.57215,0.89324,1.00825,2.01746,1.86111,1.97718,7.21287,4.34863,1.73573,1.2952,0.759204,1.81331,13,1440,-2.88027,4.30131,3.62384,3.01671,2.04849,2.71641,3.95281,3.37117,3.8408,28.513,17.9716,3.25051,2.34501,1.27883,3.35552,14,1440,2.53677,2.25965
2026-04-19,-2.52863,3.9526,3.50992,2.7896,2.91536,2.6133,3.74645,2.93815,3.5101,41.529,20.5003,3.07294,2.24877,1.26115,3.41898,13,1440,-3.77408,6.75235,6.10643,5.21111,4.44143,3.27854,6.42613,5.34199,6.24549,86.1828,63.1955,5.11427,4.06291,2.04352,5.68559,14,1440,4.61515,4.16927
2026-04-20,2.72557,5.35914,4.69053,5.2455,5.41667,4.13472,4.76434,4.0905,5.11144,43.5668,31.2824,4.18647,1.7298,2.96074,4.76114,13,1440,2.21021,9.23305,9.40384,8.53772,8.51331,6.77296,8.7657,8.31089,8.80154,451.209,163.896,7.44535,3.36886,6.03499,8.25299,13,1440,6.29597,5.89094
2026-04-21,0.650797,4.92327,5.71878,6.68262,4.77704,4.10839,5.8001,5.47234,4.85066,68.2251,54.2134,5.13498,3.09759,2.62119,6.14367,12,1440,0.572724,6.88444,7.36719,9.12246,4.95465,2.98205,7.58789,6.7818,6.63729,104.311,105.677,6.63955,3.80194,3.56525,7.98133,13,1440,5.23836,5.96686
2026-04-22,2.38446,4.53837,3.84272,4.08224,4.33454,5.44229,3.86484,3.53694,4.39505,31.3431,19.9631,3.70293,1.49182,2.3509,3.57294,14,1440,1.99657,7.91159,7.08608,6.23575,6.27451,9.38453,6.76658,5.63566,7.45628,169.975,61.5013,5.56537,2.91033,4.17575,6.02405,13,1440,4.87768,4.44944
2026-04-23,0.10132,4.87192,4.37131,4.51458,2.89481,2.58936,4.32253,3.96722,4.87706,44.6813,40.1699,3.49703,2.12672,2.24459,4.40398,13,1440,-1.86259,6.72792,6.0443,5.24061,3.41603,4.28405,5.72213,5.18444,6.73539,64.5544,48.3288,4.69397,3.42834,2.61596,5.5965,14,1440,4.99419,4.55048
2026-04-24,-1.0538,3.00306,2.85038,2.74793,2.98432,1.6336,2.77107,2.83966,2.73526,13.8013,9.74164,2.49131,1.59243,1.25795,2.70723,13,1440,-0.657448,3.92349,3.68302,3.18979,3.05942,1.97546,3.48104,3.28293,3.51053,26.1478,12.7299,3.08824,1.92151,1.76151,3.21017,13,1440,2.9603,2.82385
2026-04-25,0.242316,0.554478,0.533067,0.598327,0.577721,0.462862,0.523684,0.471822,0.45876,0.778522,0.299493,0.518972,0.296174,0.236893,0.535296,11,1440,0.194628,0.769336,0.637788,0.522749,0.440412,0.320246,0.656078,0.537032,0.640703,1.13156,0.589819,0.501707,0.355892,0.281896,0.620527,13,1440,0.517218,0.470147
2026-04-26,1.32141,2.54618,2.43564,1.72774,1.33623,1.0387,2.17262,1.88197,1.9508,49.2419,11.0839,1.47349,0.965351,1.47029,2.16231,13,1440,2.1302,2.68331,2.55981,2.198,1.70478,1.45004,2.76904,2.38321,2.23366,21.78,12.6431,2.18564,1.11494,1.44487,2.90444,11,1440,1.97006,1.90902
2026-04-27,-1.64875,3.49151,3.82033,4.04514,6.04991,5.25856,3.87873,3.39285,3.12175,44.4281,39.1791,3.62333,2.38734,1.43299,4.29849,10,1440,-2.81501,5.42532,6.11318,6.89541,10.4461,11.1989,6.39045,5.61913,5.0836,128.748,111.573,5.01245,3.97289,2.14029,7.2129,10,1440,3.80743,4.36984
2026-04-28,-1.33828,2.03441,1.92786,1.77527,1.37055,1.03042,1.85338,1.74986,1.9033,5.70494,3.16802,1.62531,1.02789,0.899967,1.73317,12,1440,-0.620499,3.33689,3.31768,3.15279,2.3295,1.50784,3.17957,2.89965,3.22029,21.203,8.32078,2.78965,1.72307,1.59462,3.13658,12,1440,2.24979,2.23784
2026-04-29,-0.739893,3.72382,4.58457,4.63799,4.80094,3.84029,4.01815,3.58417,3.52921,214.105,57.0237,3.0256,2.99946,1.58511,4.11583,11,1440,-1.60802,6.91121,9.01358,9.73214,9.50548,8.98465,7.78842,8.18965,6.60141,754.107,338.875,6.58558,5.78918,3.2244,8.23296,11,1440,4.34208,5.84782
2026-04-30,0.74487,2.73356,2.14519,2.46645,1.97281,2.09871,2.38161,2.11518,2.43191,11.1036,10.317,1.92282,1.04749,1.09771,2.27651,12,1440,0.204416,4.76335,3.66644,3.70157,3.33861,3.40418,4.12886,3.44781,4.01018,38.9048,24.4172,3.06311,1.89912,1.76732,3.91995,13,1440,3.24753,2.54051
2026-05-01,2.43845,2.91651,2.95643,2.62696,2.9583,3.47714,3.12451,2.18129,2.39883,43.0412,8.54756,1.79797,0.906788,2.04964,3.22048,12,1440,1.67449,3.50514,3.18916,2.8529,3.11774,3.24284,3.50471,2.41692,2.84875,44.491,9.27003,2.29158,1.16843,2.02074,3.39164,13,1440,2.78848,2.75526
2026-05-02,0.58084,1.18018,0.794509,0.681944,0.472919,0.448836,0.911175,0.617786,0.788775,4.85956,0.549789,0.564727,0.277826,0.516683,0.756844,14,1440,0.925298,1.50927,1.46063,1.20151,1.08338,0.88763,1.55003,1.03669,1.20323,38.5073,2.84599,0.806453,0.382669,1.07796,1.36412,12,1440,1.12765,0.943505
2026-05-03,-0.15043,1.34278,1.57018,1.52765,1.10942,1.26164,1.41385,1.40233,1.1348,6.98812,7.43531,1.39798,0.741738,0.828441,1.38756,12,1440,0.244848,2.8743,3.37585,3.047,1.96908,2.42991,2.9053,2.84029,2.62386,46.0914,36.914,2.75911,1.45328,1.92258,2.78506,12,1440,1.66371,2.08978
2026-05-04,1.6316,6.7115,6.97827,8.01607,9.62897,8.17049,7.36819,6.0468,6.30632,153.336,81.8629,6.14975,3.04325,3.93503,7.97452,10,1440,1.04973,8.69528,8.60851,9.78676,10.6908,9.55749,9.67775,7.46923,8.10627,258.675,112.424,7.14429,4.01735,4.59116,10.2101,11,1440,6.85646,7.08508
2026-05-05,1.29943,2.87185,2.64174,2.55706,1.42099,1.33421,2.63829,2.44759,2.72329,11.4055,7.98464,2.35722,1.21905,1.4227,2.40394,13,1440,0.578175,4.5843,3.79775,3.34054,2.21033,2.36673,3.9976,3.40692,4.41617,22.0754,12.1902,3.26007,1.97153,1.82622,3.42827,14,1440,3.17114,2.74726
2026-05-06,0.667057,3.02625,2.89044,2.6645,2.04332,2.07867,3.01886,2.42988,2.98389,12.4488,6.21416,2.12084,1.40011,1.49034,2.83625,13,1440,-0.421513,4.90304,4.32305,4.84236,4.09347,4.92514,4.44387,4.14509,4.74492,30.8071,37.659,3.65903,2.20569,2.11736,4.28511,13,1440,3.24822,2.93883
2026-05-07,-1.7851,2.66816,2.61458,2.59759,2.59912,2.42501,2.58483,2.7756,2.49151,7.68653,9.84106,2.54801,1.47277,1.14181,2.53705,13,1440,-2.57581,4.37501,4.05944,3.52401,3.18478,2.83027,4.05994,4.19106,4.19906,19.8673,22.5419,4.32304,2.3332,1.72624,4.00627,13,1440,2.97684,2.85963
2026-05-08,0.233672,2.50444,2.3971,1.81739,2.32949,1.50617,2.48862,2.17867,2.25381,15.4858,7.84533,2.03578,1.11442,1.28268,2.29262,12,1440,0.695939,3.5379,3.30143,2.67997,2.61281,1.95351,3.4217,3.00225,3.25691,19.8014,12.9452,2.96004,1.53772,1.76371,3.09177,13,1440,2.58593,2.43837
2026-05-09,0.603253,0.688708,0.660136,0.625086,0.529142,0.352074,0.68689,0.558982,0.553711,0.841379,0.370462,0.559744,0.281319,0.378816,0.65665,13,1440,0.836522,1.22723,1.28636,1.19455,0.958743,0.637543,1.36695,1.09724,1.1094,3.48459,1.47424,1.00927,0.513061,0.773299,1.34237,13,1440,0.699866,0.749644
2026-05-10,1.88069,2.20571,2.41225,2.10604,2.4925,3.90501,2.12469,2.3724,2.08042,31.0373,20.5892,2.05858,0.984911,1.42734,2.14356,12,1440,1.90865,3.65123,4.16756,3.22441,4.21296,7.01157,3.66266,3.92045,3.6488,92.7919,68.1427,3.38205,2.08128,2.08627,3.61089,12,1440,2.28,2.73926
2026-05-11,-0.56652,2.96643,3.1591,2.71654,2.88797,2.16875,2.99108,3.16956,2.68444,19.207,15.0139,2.89617,1.6261,1.533,2.95811,12,1440,-1.33303,3.91279,3.92499,3.31673,3.26773,2.6155,3.80647,4.11315,3.5956,24.3117,27.3148,3.85921,2.07545,1.84954,3.58856,13,1440,2.98994,3.22199
2026-05-12,-1.52999,2.09169,2.22873,1.83634,1.3783,1.63842,2.29901,2.00525,1.89507,11.7751,9.37748,1.95335,1.21522,1.0135,2.28906,12,1440,-2.81329,3.52444,3.78635,2.97094,2.27812,2.75497,3.58012,3.60857,3.18087,32.3128,26.7151,3.75759,2.25526,1.53109,3.40625,12,1440,2.32599,2.55408
2026-05-13,-1.4903,1.93508,1.95189,1.9635,2.5586,3.45984,2.01861,1.88322,1.71626,7.14938,7.90883,2.03687,1.17946,0.772437,1.98818,10,1440,-0.719518,3.44411,3.55329,3.53709,4.32472,5.66982,3.64925,3.61208,3.19797,30.0317,40.4332,3.78353,2.12269,1.4306,3.52775,10,1440,2.1948,2.36149
2026-05-14,2.21498,3.21576,4.07408,3.1129,3.6231,4.97404,4.02053,3.77682,3.1044,73.0837,24.4503,3.16521,1.56532,2.50876,4.34212,11,1440,1.08326,4.33278,5.24444,4.03622,5.19456,6.46353,5.04619,4.99202,4.29905,73.7816,32.9225,4.48421,2.20485,3.03959,5.14113,11,1440,3.25768,4.18824
2026-05-15,-2.46797,3.08768,3.00623,3.83455,4.69848,6.08109,3.09651,3.00299,2.96899,20.6817,23.4786,2.88979,1.92814,1.07809,3.11488,11,1440,-2.59958,4.79208,4.10819,4.29952,5.43635,5.90452,4.37618,4.02182,4.54211,38.4812,32.2562,3.64596,2.61242,1.49576,4.17119,12,1440,3.32137,3.08456
2026-05-16,-1.22748,1.306,1.09839,1.09923,0.907,0.689073,1.14185,1.09053,1.18092,3.57205,2.27584,1.03905,0.695009,0.403382,1.02567,12,1440,-1.99261,2.51369,2.84899,2.79695,2.95761,2.12223,2.72527,2.36718,2.41464,74.4716,11.5867,1.73348,2.04711,0.801884,2.69492,11,1440,1.48519,1.48213
2026-05-17,-0.887351,2.51108,1.42928,1.60093,1.36915,1.38872,2.14151,1.02174,2.57384,17.1591,1.71462,1.04435,0.963535,0.465747,1.76931,16,1440,-2.30867,10.688,6.48189,6.88432,4.82485,6.15371,8.48379,2.30633,11.5087,2304.28,24.0006,1.50368,5.72628,0.755607,6.96832,17,1440,4.3597,2.52515
2026-05-18,-0.590189,4.71586,3.52484,3.48723,3.3794,3.76525,3.97729,3.42515,4.33718,34.5482,17.8422,2.9104,1.63893,1.88592,3.45559,14,1440,-0.0431815,8.80768,6.9767,7.86545,8.83513,11.6272,7.94588,6.05691,7.69752,302.102,46.3023,5.28987,2.97279,4.00391,7.23964,13,1440,5.78257,4.29116
2026-05-19,-0.217777,2.41374,2.45246,2.17055,2.11228,1.98605,2.32916,2.52283,2.27431,9.74254,10.4109,2.60648,1.30251,1.14995,2.16737,14,1440,-0.855732,4.26757,4.23277,3.75134,3.70513,2.87272,4.14494,4.63537,3.94006,27.831,42.5104,4.61594,2.29424,1.93853,3.95588,14,1440,2.88825,2.95955
2026-05-20,0.929971,2.79928,2.00563,2.27459,1.68152,1.34581,2.54988,1.87955,2.25689,10.3177,5.49651,1.75965,0.835301,1.17032,2.27035,13,1440,0.825681,4.34687,3.08777,3.23706,2.56993,2.06507,3.84809,2.7712,3.65642,26.8641,10.3072,2.53621,1.30116,1.78661,3.3669,14,1440,3.18875,2.24774
2026-05-21,0.0815762,2.96172,2.85981,2.80314,2.55757,2.55014,2.67279,2.59326,2.65798,17.3957,10.2042,2.54041,1.56347,1.29634,2.78624,13,1440,0.202665,4.50779,3.93899,3.86741,3.48116,4.14077,4.07252,3.57865,3.96753,34.9881,20.4079,3.25108,2.15695,1.78203,4.05753,13,1440,3.33048,3.08769
2026-05-22,-2.71117,2.85081,2.3445,1.83856,1.72765,2.09827,2.51811,1.93778,2.20308,17.1612,5.82956,2.01646,1.50833,0.836172,2.15185,14,1440,-3.23439,5.94146,4.00704,3.36286,3.79569,5.02934,4.99008,3.53533,4.20691,64.7327,19.7029,3.21609,2.74362,1.26342,4.14562,14,1440,3.79798,2.80594
2026-05-23,1.59239,3.48411,3.01094,3.67345,5.02075,5.53454,3.28941,2.80971,2.99995,49.1943,19.7809,2.49495,1.42795,1.58299,3.29167,11,1440,2.47794,7.76863,7.70238,12.1297,16.5953,16.8149,8.23959,7.34569,6.64084,562.76,322.413,5.95825,3.20245,4.49993,8.99367,10,1440,4.47674,4.16118
2026-05-24,0.406913,2.3879,2.13829,2.92426,2.24406,2.22511,2.08854,2.04469,2.18317,20.1406,16.893,1.99268,0.827013,1.31128,2.07239,11,1440,-0.845524,4.39764,4.23752,5.42414,4.07064,3.71314,4.30416,3.91544,4.15841,95.4354,78.728,3.66123,2.20251,2.03501,4.49552,10,1440,2.8539,2.70845
2026-05-25,0.332995,1.51831,1.30348,1.3346,1.05916,1.04179,1.34685,1.23468,1.40815,4.97114,3.26046,1.23954,0.58675,0.716728,1.24524,13,1440,0.624756,2.93679,2.41982,2.48186,2.46139,2.19776,2.494,2.22587,2.74767,13.8338,11.6392,1.99029,1.06445,1.35537,2.24638,13,1440,1.82781,1.5316
2026-05-26,-1.81667,3.26918,3.87004,5.21055,5.33277,3.08239,3.81172,3.8854,3.15701,71.2539,56.5181,3.51875,2.32893,1.54111,4.25691,12,1440,-1.87453,5.29966,5.28092,6.68754,6.67258,5.42556,5.54939,5.27331,5.14245,73.3219,51.295,5.01831,3.11765,2.16327,5.8353,12,1440,3.6394,3.94221
2026-05-27,-1.96936,2.98705,2.75715,2.75948,2.77728,2.81482,2.94753,2.56802,2.71666,12.7307,9.30181,2.53329,1.71644,1.04071,2.92278,12,1440,-2.38775,5.88786,5.26988,5.71583,6.28802,6.5401,5.51869,4.6905,5.18785,83.8396,46.2093,4.73157,3.28204,1.98784,5.64054,12,1440,3.71063,3.35391
2026-05-28,-1.12355,4.6196,3.92591,3.31179,3.0581,4.13093,4.44174,3.65112,4.06891,52.489,40.538,3.78703,2.16876,1.75716,4.09804,13,1440,-0.740572,6.80615,6.42726,5.24192,5.37337,7.21855,6.30514,6.03734,6.20191,318.972,131.808,5.46984,3.87562,2.55164,5.88302,12,1440,4.93199,4.44264
2026-05-29,-0.213125,3.33008,3.77784,4.36747,3.35582,2.77595,3.78891,3.26478,3.08951,36.9419,19.9103,3.17517,1.69452,2.08332,4.19853,11,1440,0.230591,5.32081,6.14235,6.27353,5.36126,4.93549,6.24879,5.80504,5.28622,92.9969,60.0248,5.63257,2.79051,3.35184,6.92262,11,1440,3.70531,4.42689
2026-05-30,0.574978,0.736419,0.744877,0.54077,0.474126,0.438393,0.726719,0.680846,0.61661,0.928269,0.952763,0.736155,0.350404,0.394473,0.649834,13,1440,0.391382,1.38979,1.45399,1.01155,0.686991,0.474459,1.40218,1.30476,1.19095,4.26751,3.42969,1.26865,0.72395,0.730044,1.30989,13,1440,0.813941,0.880596
2026-05-31,-0.284619,1.18374,1.21614,0.836309,0.79909,0.67654,1.16319,1.13855,1.06399,2.60955,2.27853,1.15264,0.733039,0.4831,1.0672,12,1440,-0.765865,2.11652,2.10552,1.29385,1.18963,1.36937,2.12898,1.97986,1.98668,9.55249,6.84024,1.71945,1.2874,0.818117,1.94094,12,1440,1.30063,1.3948
2026-06-01,-3.12327,4.3578,4.01801,4.04424,3.57338,3.9428,4.19386,3.52757,4.12668,22.7836,14.7323,3.37598,2.27196,1.74605,4.06045,13,1440,-0.0139521,6.67301,6.34646,5.43749,4.8477,5.51482,6.3093,5.26189,6.16472,77.1304,29.9602,4.69704,3.00074,3.34572,5.82102,13,1440,4.77094,4.44063
2026-06-02,-6.7306,8.66818,8.40665,9.94092,10.9673,8.94767,9.31995,9.25972,8.36661,77.6607,111.469,8.82571,4.89593,3.51072,9.73575,11,1440,-7.60161,14.3274,13.2952,15.3184,15.852,11.0158,14.4797,13.9497,13.958,365.139,311.983,12.0701,7.82471,5.47053,15.4267,12,1440,9.69417,9.45165
2026-06-03,-4.00055,11.2468,11.1883,10.1916,9.73361,12.1196,11.3016,10.0668,10.559,240.059,110.925,9.39326,5.64512,5.54313,10.832,13,1440,-2.548,16.8431,17.8346,18.2422,21.3679,28.334,17.1448,16.8154,16.1813,533.151,368.502,17.3325,8.48689,9.34775,17.4241,12,1440,11.8147,12.4746
2026-06-04,-0.401098,19.7838,24.2595,22.8676,20.6338,19.9844,19.5266,23.2572,20.6323,995.016,1286.87,23.0118,11.3084,12.9511,19.5126,11,1440,-2.3596,26.2651,32.734,27.4805,22.046,20.4682,25.0048,30.1408,27.0279,3861.41,2437.39,27.096,17.4904,15.2435,24.4318,12,1440,20.9494,25.966
2026-06-05,-4.53009,27.8009,27.7302,26.2564,29.3339,35.8821,27.2393,24.7232,26.3787,1392.89,694.98,23.0348,13.3932,14.337,26.245,12,1440,-11.184,47.7393,43.8005,44.7071,46.2027,48.5292,45.2731,43.5267,46.011,3285.59,2517.42,39.0604,23.2368,20.5637,43.9436,13,1440,32.8452,31.6798
2026-06-06,-0.281858,9.68083,10.1888,7.95911,6.38436,5.32883,9.21421,9.47585,9.62186,292.451,147.375,8.08099,4.52733,5.66149,8.40981,13,1440,-0.869629,20.0875,23.3238,19.2592,19.8105,23.7634,21.6756,21.5538,19.9392,1721.9,882.589,17.9985,10.5333,12.7904,21.7758,12,1440,12.7701,14.2687
2026-06-07,3.94103,11.6656,14.6357,15.5665,11.3717,10.575,13.0976,9.86008,10.7644,5394.61,369.096,8.05904,3.66481,10.9709,12.4602,12,1440,7.41521,21.4891,27.7213,30.1556,20.7756,15.7413,23.6855,16.7069,21.5172,24975.5,1601.48,12.919,5.4791,22.2422,23.0893,12,1440,14.2069,18.8791
2026-06-08,-0.389217,9.60884,8.22827,8.87874,7.76407,3.93306,7.55973,7.64209,9.33113,163.438,89.6225,7.40198,4.4324,3.79587,6.74536,12,1440,-0.00118308,16.4691,14.2208,14.07,11.8618,7.88319,13.428,13.6819,15.95,334.857,215.063,13.6,6.72796,7.49288,12.4127,12,1440,11.3508,9.66277
2026-06-09,-2.17287,7.74888,7.00027,4.86291,4.74745,4.92481,6.74068,7.31078,7.55908,79.4096,75.38,6.9308,3.4126,3.58767,5.64137,13,1440,-3.06149,13.8569,12.5413,8.5858,9.16488,8.2826,12.1169,11.6033,12.7699,303.56,113.157,12.0405,6.57337,5.96793,10.7267,12,1440,9.40677,8.54178
2026-06-10,-0.355418,9.61745,8.92441,8.16006,4.61307,5.40635,8.99118,8.31756,9.63994,173.753,93.7343,7.59247,3.88356,5.04085,8.24083,13,1440,-1.09964,15.7585,14.8121,13.7531,7.1661,8.72011,14.2439,14.0637,15.6036,377.732,268.659,13.2247,7.30198,7.51015,12.532,13,1440,11.4352,10.7747
2026-06-11,3.38062,6.60223,5.70954,5.07106,5.71769,5.35017,6.52416,4.69089,6.25395,124.789,27.7151,4.30106,2.09885,3.6107,6.18,12,1440,3.14862,12.1631,10.7105,9.48859,11.0302,12.8912,12.6109,9.48311,11.6468,447.164,142.013,9.652,3.84144,6.8691,12.6354,12,1440,7.84497,6.97066
2026-06-12,-0.0722922,4.55377,4.18038,4.30303,4.10114,4.37068,4.06698,3.75375,3.9687,40.6274,24.9219,3.43193,1.9992,2.18117,3.66323,13,1440,-0.422173,6.9794,6.30892,6.02115,6.46865,8.43534,6.01837,5.65913,6.00086,110.807,73.4007,5.26893,3.23449,3.07443,5.18991,13,1440,5.13581,4.7199
2026-06-13,1.37149,1.54794,1.24921,1.19323,1.09973,0.960618,1.29318,0.897528,1.16518,5.19412,0.916753,0.80449,0.590258,0.658955,1.13683,14,1440,0.882432,2.22021,1.79305,1.64251,1.51381,1.32605,1.89202,1.53803,1.74036,11.9646,3.28833,1.35335,0.821787,0.97126,1.6486,14,1440,1.52032,1.24659
2026-06-14,1.97917,3.88924,2.95834,3.28283,3.30668,5.25845,3.19494,2.00044,3.2092,106.498,6.80664,1.76556,0.865545,2.09279,3.31044,13,1440,2.60905,5.39173,4.0003,5.64242,5.68522,8.90851,4.77527,4.15851,4.76566,87.0525,83.9879,4.1889,1.29281,2.70749,4.95252,12,1440,3.99922,2.96306
2026-06-15,0.881761,3.59542,3.89488,3.50446,3.67008,3.26303,3.40208,3.0602,3.22373,41.0761,10.8614,2.70778,1.9967,1.89818,3.33291,12,1440,4.00479,8.79239,9.96023,11.1598,14.4617,13.9866,9.26757,8.7372,7.82472,351.95,247.973,8.16436,4.11371,5.84652,10.2424,11,1440,4.55935,5.11078
2026-06-16,-0.99048,4.06252,3.64107,3.17454,3.61505,4.12219,3.65825,3.02571,3.60194,26.2179,11.8231,2.72054,2.05146,1.58961,3.34953,13,1440,-0.174973,11.3153,10.3464,8.85278,10.3521,10.4183,10.8439,7.98239,9.78339,357.204,153.085,7.22786,4.93122,5.41513,10.2066,13,1440,5.94965,5.36926
2026-06-17,-1.79075,8.23796,8.41195,9.1996,7.5928,7.19793,7.06472,6.82468,8.02618,412.102,114.986,6.49529,5.29961,3.11234,6.53532,14,1440,-2.3926,14.7387,14.7923,13.9585,11.3228,10.3862,12.1144,11.0894,13.8791,1304.54,214.654,10.8991,9.41546,5.37689,10.7811,14,1440,10.1404,10.2937
2026-06-18,-2.4343,4.82492,5.35299,4.41645,5.45825,8.19791,5.21781,5.49448,4.46383,51.2165,63.238,5.1876,3.15702,2.19598,4.62455,12,1440,-2.28163,7.95943,8.69518,8.42972,10.6254,15.9865,8.59607,9.03807,7.47156,156.901,160.099,8.85543,5.19144,3.50374,8.28031,12,1440,5.38043,6.06951
2026-06-19,0.926317,3.5609,3.79347,2.82129,2.4591,2.31693,3.89245,3.67732,3.10504,33.1084,25.3114,3.51517,1.52116,2.27232,3.63775,12,1440,0.00467522,5.94612,5.62491,4.16864,3.4477,2.83658,6.27052,5.45876,5.25333,75.0358,76.3988,5.68704,2.54739,3.07752,5.56853,13,1440,4.06209,4.22004
2026-06-20,1.17975,2.39902,2.26519,2.06345,2.09495,2.08408,2.25591,1.84623,2.15657,29.6044,6.79781,1.60688,0.874224,1.39096,2.19526,13,1440,1.73166,4.32512,4.18123,3.84247,3.55695,2.89324,4.1805,3.44374,3.93898,127.211,33.4109,2.52274,1.36831,2.81293,4.05294,13,1440,2.82053,2.72748
2026-06-21,-1.5454,2.13865,2.12969,1.63146,1.53821,1.45467,2.02871,1.70188,1.96166,12.4532,3.94447,1.47048,1.43753,0.692163,1.9312,11,1440,-1.98033,4.09562,3.93024,2.4416,2.17639,1.68693,3.4822,2.74899,3.52422,103.676,13.3193,2.21343,2.65956,1.27068,3.03797,12,1440,2.51088,2.51127
2026-06-22,1.1121,5.16762,4.29482,5.24086,5.80089,6.09143,4.55604,4.20341,5.13978,28.7057,38.9334,3.99354,1.61633,2.67849,4.31411,12,1440,1.23723,8.32229,7.06752,7.65145,8.26037,7.54056,7.15957,6.45032,7.94632,109.377,117.85,5.91641,2.8909,4.17662,6.4071,13,1440,5.69431,4.82637
2026-06-23,-2.0283,4.28522,4.0367,4.98533,5.60606,2.57847,4.50377,3.75234,4.31625,37.3694,35.1133,3.42668,2.1713,1.8654,4.39356,13,1440,-3.5971,7.83121,8.26231,9.82313,12.008,7.69847,8.56251,6.38005,7.59418,504.083,135.193,5.05116,5.34828,2.91402,8.86133,12,1440,5.06488,5.03117
2026-06-24,-2.67611,8.77034,7.07971,6.90933,9.70206,12.5758,7.54929,6.92109,8.28367,108.755,80.8765,6.85824,3.71983,3.35988,7.65341,12,1440,-2.73388,16.7538,13.0285,15.1258,21.9751,19.0238,13.9822,12.1491,14.8378,563.32,216.84,12.4506,7.18249,5.84596,14.8303,12,1440,10.8823,8.35679
2026-06-25,-2.12463,14.0986,14.8881,21.6887,32.6278,33.0526,15.1156,16.95,13.0989,961.287,2682.97,15.9272,7.75909,7.12898,15.7223,9,1440,-3.40659,18.7555,19.0921,30.5621,47.2728,47.6967,19.8101,22.4027,17.5973,1427.39,4293.49,21.6923,11.2882,7.80389,20.7307,9,1440,14.9706,15.9459
2026-06-26,0.505909,12.2551,11.6398,12.0442,15.0386,16.7105,11.2494,9.85512,12.1932,343.35,133.209,9.76539,5.77214,5.86762,10.9668,12,1440,0.689018,20.0329,20.7598,21.4339,17.9962,21.0195,19.3227,16.5176,19.0299,2637.6,497.42,14.6002,11.5935,9.16636,18.3276,12,1440,14.1709,14.1432
2026-06-27,-0.113664,2.21227,2.1173,2.05627,1.86873,1.61102,2.14804,1.63746,1.84296,18.7912,3.77122,1.52189,1.26536,0.851941,2.13039,13,1440,-0.297526,3.85298,4.09491,3.63841,3.16387,3.30529,4.03179,3.36604,3.27374,157.215,24.0048,2.70541,2.62075,1.47417,4.0776,12,1440,2.522,2.66286
2026-06-28,-0.755802,3.35205,3.89385,2.66974,2.41651,2.24158,3.60161,3.19333,2.91656,37.417,20.6662,2.97814,2.14605,1.7478,3.39869,13,1440,-0.129055,5.69339,6.49709,4.25632,3.59163,3.06051,6.00028,5.09958,4.86245,131.422,46.4256,4.53719,3.57669,2.92041,5.5635,13,1440,3.91803,4.56016
2026-06-29,1.14023,8.44232,8.47583,11.2627,7.01618,3.1504,8.71478,8.2862,8.01747,134.032,112.162,8.21391,4.23768,4.23816,9.14567,10,1440,2.58159,12.1409,13.6302,17.1341,14.0367,9.69227,13.3016,12.816,11.3621,711.822,418.996,12.2976,5.36994,8.26023,14.1844,10,1440,9.00657,9.45794
2026-06-30,-2.75157,5.35734,4.93916,3.57656,3.77419,3.81157,4.96079,4.87389,4.89159,41.2971,55.3976,5.22217,2.89891,2.04025,4.01615,13,1440,-2.57841,7.01645,6.58427,4.47255,4.75464,6.4095,6.06904,6.91479,6.16198,65.7467,95.5046,7.04687,3.72498,2.8593,5.0615,13,1440,5.33526,5.16074
2026-07-01,2.35882,7.06353,6.76458,7.32892,7.68269,7.71858,7.01652,5.90151,6.60662,151.448,51.5158,4.95991,2.45307,4.31151,7.2723,12,1440,2.36182,10.0461,9.81622,8.18235,8.56372,9.03542,9.66046,7.91479,8.74464,365.197,71.4374,6.92336,3.28132,6.5349,9.35797,13,1440,7.35532,7.35089
2026-07-02,2.52678,6.9332,5.20296,5.05531,5.07119,5.16888,5.27371,4.82755,6.25063,44.821,30.5505,4.65218,2.16462,3.03833,4.34322,14,1440,5.49902,12.8205,10.283,10.1884,9.54827,14.3349,9.58523,8.83254,10.6519,565.928,169.073,8.14565,3.04092,7.24208,8.63653,12,1440,7.77992,5.65805
2026-07-03,1.64855,3.2025,2.87791,2.76618,1.91233,2.06569,2.77691,2.43561,2.83068,11.4601,7.59456,2.62155,1.26076,1.61715,2.49672,13,1440,3.33328,7.72694,6.69402,7.33192,4.45789,5.47721,6.70771,5.99926,7.22081,80.1915,63.5009,5.65406,3.00427,3.68976,5.83011,14,1440,4.11319,3.60843
2026-07-04,0.892016,1.92984,1.88912,1.55497,1.27957,1.21774,1.71449,1.51799,1.81175,12.5325,2.41867,1.25494,0.817644,1.07148,1.56018,14,1440,1.26766,5.44281,4.4253,4.21262,3.78676,3.2435,4.41789,3.63451,4.31061,77.6698,21.5568,3.11749,1.91614,2.50917,3.96031,14,1440,2.46175,2.23399
2026-07-05,0.798133,2.04835,1.88442,2.26187,1.93474,2.23173,2.02832,1.66761,1.76213,6.78567,8.48654,1.7611,0.843286,1.04114,1.98764,13,1440,0.280964,4.30412,3.85618,3.86457,2.66752,1.84088,3.86144,3.64543,3.89919,27.6502,18.6044,3.44129,2.05737,1.79881,3.60675,14,1440,2.47835,2.29908
2026-07-06,0.614011,7.38871,7.77174,6.70247,7.87929,9.69705,7.75529,6.02327,6.50073,307.593,48.1511,7.02607,3.23565,4.53609,8.31272,12,1440,0.77597,11.9283,11.6077,9.27184,7.86295,9.44106,11.9405,9.06514,9.67233,1010.92,142.648,8.27275,4.81258,6.79514,11.8989,13,1440,8.37495,8.60814
2026-07-07,-1.06437,4.97272,4.52925,4.98188,3.49564,4.05953,4.89051,4.12067,4.60527,33.9392,26.7333,3.85165,2.40543,2.12382,4.83449,12,1440,-1.57438,7.64004,7.01662,7.15024,6.06543,6.69168,7.4893,6.75789,7.03195,87.6597,64.1555,6.32699,3.84355,3.17307,7.36205,13,1440,5.49785,5.08751
2026-07-08,-1.70948,4.84778,4.97066,3.9458,4.11287,4.36528,5.03551,4.4856,4.46955,46.2348,31.5647,4.37244,2.81766,2.153,5.03765,12,1440,-1.58809,7.64952,7.12322,6.55425,6.68502,5.75854,7.8512,6.81257,7.06302,136.158,86.4535,6.08133,4.24838,2.87484,7.67246,12,1440,5.49935,5.45197
2026-07-09,1.4978,4.49682,4.54237,3.0908,3.13927,2.58321,4.30083,3.92413,3.95855,49.9097,23.4763,3.55342,1.92207,2.6203,3.89957,12,1440,0.0928713,5.24061,5.2564,3.55028,3.12213,1.95962,4.72331,4.56712,4.64224,91.1212,33.0668,4.09521,2.22319,3.03321,4.28365,12,1440,4.34955,4.40334
2026-07-10,1.46279,3.53918,2.54741,2.70035,2.81566,3.00285,3.05878,2.30023,3.20962,16.4741,6.33734,2.19966,0.988333,1.55907,2.76199,14,1440,2.91889,5.83752,5.10362,4.73535,4.58979,5.4567,5.70058,3.78266,4.70191,204.511,15.6802,3.61556,1.70935,3.39427,5.34399,13,1440,3.96785,3.082
2026-07-11,-0.535582,1.09217,1.17862,0.957311,0.821575,0.749538,1.08621,0.845562,0.828364,8.74398,1.05461,0.758229,0.815498,0.363127,1.06897,13,1440,-0.507169,2.5289,2.93525,2.9593,3.19556,3.34697,2.78029,2.34531,2.19523,31.2066,10.6677,2.23972,1.70402,1.23123,2.8748,11,1440,1.2814,1.52658
2026-07-12,-0.061129,1.27776,1.14739,1.05932,0.99601,1.01123,1.17604,1.13151,1.10366,2.03878,1.43402,1.0126,0.590129,0.557263,1.03253,13,1440,1.05939,3.10584,3.05334,2.91057,2.95284,2.7917,2.8619,2.67916,2.80007,23.644,9.24503,2.26354,1.54044,1.5129,2.6184,12,1440,1.61832,1.58894
2026-07-13,-2.29243,4.15821,3.90844,4.02619,3.73931,5.08946,4.24795,3.59166,3.6272,29.6213,20.5742,3.41645,2.34038,1.56805,4.05743,11,1440,-1.67884,7.79993,8.37321,10.9448,7.60413,9.05569,8.62039,7.09551,6.75817,341.596,114.381,5.54548,4.56443,3.80878,8.89721,11,1440,4.75372,4.94925
2026-07-14,4.25483,4.79391,4.1438,3.77411,4.15516,4.73488,4.22528,3.92438,3.88296,71.7342,29.293,3.68616,1.2008,2.94301,3.93377,14,1440,6.27968,7.73016,7.83295,10.0738,14.6011,14.0085,7.85035,5.56662,6.92862,358.326,97.3988,5.49165,1.84858,5.98436,8.08921,11,1440,4.68728,4.4215
2026-07-15,-0.443297,3.30023,2.88064,2.62158,2.11723,1.9841,2.96332,2.96701,2.84973,16.4118,11.1121,3.24123,1.50746,1.37317,2.92422,13,1440,1.36442,6.18515,6.86783,8.26695,8.21642,7.70863,7.02892,6.80186,5.76478,270.865,111.098,6.77094,2.6993,4.16853,7.68396,11,1440,3.66784,3.68754
2026-07-16,-1.44043,2.82621,2.83732,3.27497,2.43486,2.69759,2.71111,2.60621,2.73731,12.0278,8.84694,2.44279,1.53008,1.30724,2.72861,11,1440,-2.81044,5.49363,6.09644,6.58469,3.90569,4.34388,5.70667,5.48071,5.18292,181.419,73.4634,4.42199,3.8871,2.20934,6.02587,11,1440,3.33762,3.50963
2026-07-17,0.158842,3.24916,3.44749,4.07695,2.95368,2.65227,3.51901,3.21304,3.02601,22.7924,14.0181,3.31405,1.46808,1.97941,3.73019,11,1440,-1.22916,5.62717,5.6708,5.92386,4.87717,4.06105,5.79968,5.46388,5.27873,54.1522,40.3132,5.40272,2.93775,2.73305,6.00552,11,1440,3.64794,3.91988
2026-07-18,1.40187,0.666484,0.594753,0.622816,0.462893,0.340826,0.666354,0.515325,0.544665,0.744561,0.43099,0.446856,0.205936,0.388817,0.619958,13,1440,1.11648,1.41962,1.14066,1.18698,0.809516,0.500588,1.36522,0.911938,1.33094,3.09656,1.24216,0.911108,0.448111,0.69255,1.17366,14,1440,0.678128,0.629441
2026-07-19,-0.172403,1.16594,0.925338,0.857259,0.829026,0.497555,1.03768,0.928855,1.06108,1.25307,1.86651,0.880545,0.443018,0.48232,0.940964,13,1440,0.51515,2.99625,2.41711,1.95423,1.65607,1.40969,2.67947,2.65112,2.73581,8.2853,14.9498,2.4789,1.12509,1.29202,2.25525,14,1440,1.56085,1.26619
2026-07-20,0.820097,4.32079,5.28617,5.31696,5.35665,7.0587,4.99722,4.3761,4.2167,77.4852,31.6988,4.0968,2.18909,3.09708,5.26225,11,1440,1.7231,7.52288,8.13053,8.12141,6.92008,9.34709,8.22541,7.18525,7.3166,145.516,84.9434,6.83478,3.36118,4.76935,8.48882,11,1440,4.99801,5.97925
2026-07-21,1.97356,2.76138,2.20578,1.87574,1.65721,1.88827,2.28615,2.18146,2.52512,9.12426,6.57624,1.95858,0.915381,1.2904,1.97294,14,1440,1.32054,4.20638,3.24234,2.87421,2.32749,2.25254,3.53121,3.43049,3.68873,12.7202,17.5172,3.31542,1.46778,1.77456,3.2222,14,1440,2.72759,2.18981
2026-07-22,-0.665817,2.51133,1.94219,2.22042,2.04495,1.74409,2.09437,1.82651,2.41772,4.96898,4.39541,1.81674,1.00803,0.934165,2.08277,13,1440,0.215302,5.60889,4.83391,5.67641,5.62371,4.88099,4.89817,4.07178,5.06537,65.7867,20.8484,3.95204,2.35715,2.47677,4.94485,13,1440,3.22635,2.61895
2026-07-23,-1.54792,2.06401,1.98841,1.76813,1.88859,1.67415,2.02634,1.99214,1.92361,6.76079,8.76072,1.90876,1.19188,0.796537,1.77752,13,1440,-2.931,3.87332,4.0994,4.08344,3.60801,3.1641,4.01545,4.1013,3.73094,25.0954,31.9334,3.99599,2.47354,1.62587,3.70194,13,1440,2.42346,2.46987
2026-07-24,-1.48407,2.35258,2.66404,2.34011,2.07876,2.104,2.49648,2.76272,2.18475,17.2421,24.9684,2.71664,1.54247,1.12158,2.50621,11,1440,-0.905932,4.30007,4.69357,4.43842,2.41635,2.69989,4.73735,4.55667,3.93573,69.042,63.2962,4.32601,2.37776,2.31582,4.39641,13,1440,2.62169,3.03105
2026-07-25,0.365732,0.474093,0.413838,0.314933,0.270991,0.293595,0.445458,0.404512,0.378951,0.250075,0.260634,0.418092,0.194932,0.218906,0.39678,15,1440,0.719961,1.03704,0.81202,0.522155,0.406304,0.449831,0.854004,0.808209,0.93244,1.02954,1.15857,0.802298,0.403345,0.408675,0.69469,16,1440,0.488003,0.414286
2026-07-26,1.57967,0.870225,0.822119,1.00613,0.777589,1.09846,0.840957,0.554749,0.71434,5.77184,0.467065,0.497957,0.204713,0.617405,0.882435,13,1440,4.1697,2.76896,2.68434,2.5812,2.16237,3.47922,2.54914,1.98815,2.32985,34.8879,8.3934,1.80056,0.620539,2.0638,2.54514,13,1440,1.20759,1.25269
2026-07-27,-2.5461,3.76022,3.1162,4.73049,3.26189,4.31438,3.48933,3.16052,3.42712,24.5951,25.031,3.38892,1.81011,1.30608,3.73359,12,1440,-3.23324,7.58389,6.72665,9.77021,8.22127,10.7735,7.23963,7.24802,6.80052,83.166,124.659,7.41767,3.93102,2.79563,7.8161,11,1440,4.77637,4.14349
2026-07-28,0.249297,2.96394,3.1206,2.32895,2.02922,2.56886,3.01424,2.71953,2.84425,43.9269,9.76427,2.42562,1.30477,1.81583,2.98847,12,1440,1.55714,6.69535,8.36364,5.71098,6.31941,9.03602,7.50852,7.02138,6.40979,741.639,88.1114,5.43507,2.89259,5.47105,7.50154,10,1440,3.86563,4.55152
2026-07-29,0.108335,4.40826,4.13228,3.84713,5.05579,5.67696,4.21623,4.15066,4.45449,21.113,26.5326,4.1446,1.9606,2.17168,4.05529,12,1440,-0.600584,7.6214,7.70054,6.04536,6.86214,8.80377,7.48616,7.58336,7.75961,85.8267,73.162,6.96656,3.58426,4.11628,7.04636,12,1440,5.06488,4.94172
2026-07-30,1.23598,2.10861,2.33689,2.05944,2.12299,2.03826,2.21341,2.0096,1.76901,11.3568,7.51249,2.08017,0.982391,1.3545,2.26778,11,1440,0.396446,3.73145,3.91228,3.2217,3.43571,3.26578,4.08837,3.74522,3.41195,33.4495,26.3015,3.66414,1.81855,2.09372,4.16937,12,1440,2.3744,2.6755
2026-07-31,-2.96438,2.76391,2.84804,3.26406,4.35489,2.6894,2.97232,2.91469,2.66242,30.2899,21.4939,2.89344,1.68567,1.16237,3.07104,11,1440,-2.94712,4.31444,4.10665,3.91404,5.28482,2.33279,4.33117,4.37662,4.05618,34.8353,47.2444,4.21751,2.27904,1.82761,4.34457,13,1440,2.8314,2.84418
2026-08-01,-0.102202,0.767129,0.56382,0.560737,0.35382,0.48323,0.631862,0.496098,0.669767,1.05155,0.867763,0.508449,0.320212,0.243608,0.575157,14,1440,-0.95266,2.10998,2.24711,2.08071,1.56188,2.46204,2.22637,1.78121,1.95845,49.2266,35.6412,1.86289,1.52882,0.718295,2.28719,13,1440,0.984435,0.844049
2026-08-02,1.18102,1.5595,1.6633,1.64077,1.16294,1.2893,1.58501,1.17054,1.33811,24.2071,2.68678,0.975775,0.489957,1.17335,1.50925,11,1440,2.1672,3.7003,3.72119,3.31851,2.75861,3.41281,3.51588,2.72703,3.5535,83.6577,19.9546,2.82631,1.18986,2.53133,3.34469,11,1440,2.07082,2.22898
2026-08-03,-0.0786844,2.91643,2.47313,2.55088,3.11588,3.28356,2.70297,2.40224,2.68953,15.1928,8.66618,2.30465,1.00482,1.46831,2.43283,12,1440,-1.32735,4.51485,3.4224,3.54611,3.70477,3.72307,3.91026,3.2821,4.22172,19.0589,13.8031,3.44478,1.73589,1.68651,3.43949,13,1440,3.20314,2.5783
2026-08-04,0.919188,2.51367,2.25203,2.57167,2.3815,2.21741,2.52653,2.12188,2.35657,7.3261,5.97424,2.01638,0.944221,1.30781,2.62641,11,1440,0.495946,3.90626,3.48824,3.56678,2.97052,2.97818,3.82537,3.02893,3.77687,18.0027,9.58343,2.91202,1.57672,1.91152,3.89931,11,1440,2.71558,2.47773
2026-08-05,0.867695,2.19869,2.17496,1.95329,2.44861,0.993853,2.19356,1.89741,1.96896,13.0614,5.92244,1.73808,0.951022,1.22394,2.03017,12,1440,2.07224,4.17594,4.44816,4.06001,5.68679,3.67608,4.40095,3.71055,3.78937,63.1413,19.7434,4.00041,1.84646,2.6017,4.4003,12,1440,2.42942,2.56044
2026-08-06,-0.52969,1.40727,1.33011,1.29419,1.16014,1.04419,1.43156,1.24021,1.2686,4.15379,2.06265,1.11407,0.612709,0.717404,1.38186,13,1440,-0.25177,2.92235,2.54323,2.18372,1.85319,2.00547,2.64841,2.38155,2.67442,10.7591,8.01848,2.38594,1.28865,1.25458,2.33524,14,1440,1.68683,1.5327
2026-08-07,0.927813,1.90904,1.5519,1.69624,1.37848,0.980448,1.63114,1.42548,1.78245,4.01293,3.37981,1.38865,0.627759,0.924143,1.52246,14,1440,0.527988,3.40141,3.14656,3.33825,2.00028,2.11261,3.09682,3.00121,3.26277,32.797,17.2019,2.63669,1.42663,1.71993,2.77808,14,1440,2.12179,1.8309
2026-08-08,0.0606841,0.174214,0.174211,0.150336,0.143369,0.122682,0.191178,0.146949,0.0995963,0.0812267,0.0414758,0.146855,0.0793601,0.0948507,0.182993,12,1440,0.133649,0.423297,0.383682,0.275987,0.244835,0.242767,0.368634,0.351934,0.32121,0.288386,0.208289,0.338738,0.187198,0.196484,0.337053,14,1440,0.155927,0.158803
2026-08-09,-0.0939597,0.402849,0.462057,0.651602,0.347201,0.352275,0.433595,0.415995,0.321358,0.781474,0.829095,0.425518,0.259492,0.202565,0.437587,10,1440,-0.318233,0.873449,1.04958,1.26698,1.11255,0.685955,1.01,0.906271,0.701315,4.83218,2.17083,0.903461,0.59436,0.45522,1.06984,10,1440,0.40734,0.533445
2026-08-10,-1.44577,1.75037,1.93,1.74125,1.63512,1.73947,1.88813,1.54549,1.49009,9.17558,3.34385,1.43808,1.0659,0.864103,1.83479,12,1440,-1.98167,3.46541,3.6257,3.75782,3.07994,2.96016,3.36318,2.56685,3.24242,62.3193,11.0559,2.35313,2.23534,1.39036,3.23252,12,1440,2.04124,2.19665
2026-08-11,-0.580091,1.19529,1.25139,1.24752,0.988265,1.19761,1.24184,1.16781,1.07082,3.84035,2.59105,1.1346,0.724984,0.526403,1.26585,13,1440,0.502164,2.63331,2.6043,2.74692,2.18001,2.36439,2.66949,2.2747,2.34688,25.2193,8.87771,2.02597,1.36523,1.23907,2.66353,13,1440,1.41804,1.47316
2026-08-12,-0.188873,1.61794,1.35708,1.20982,1.33682,1.43565,1.38694,1.41627,1.52493,3.51327,4.85483,1.4467,0.780654,0.576425,1.2297,14,1440,-0.147778,3.10886,2.57495,2.37477,2.3531,2.33798,2.69923,2.65441,3.0917,16.9331,15.8549,2.59046,1.39622,1.17873,2.29186,16,1440,1.81169,1.49569
2026-08-13,0.017122,1.6821,2.00745,2.05614,1.3501,1.25273,2.01078,1.72869,1.57133,12.9778,8.24023,1.58994,1.12958,0.877869,1.97693,12,1440,0.336701,2.54379,2.50904,2.40356,1.62235,1.62128,2.66635,2.03215,2.39387,17.0754,6.39565,1.72353,1.32436,1.18468,2.40387,13,1440,1.72952,2.01633
2026-08-14,-0.707004,1.41817,1.09629,1.0389,1.2894,1.18816,1.14785,1.10974,1.28427,1.40165,1.34066,1.02858,0.614526,0.481765,1.09661,12,1440,-0.209641,1.92259,1.67021,1.4773,1.63419,1.6838,1.50756,1.69227,1.84468,3.8938,4.24012,1.86503,0.747371,0.922838,1.42542,11,1440,1.3354,1.11001
2026-08-15,0.0673117,0.178217,0.206849,0.181582,0.166343,0.17821,0.202292,0.173521,0.107426,0.133734,0.0532381,0.143668,0.102662,0.104187,0.189805,12,1440,0.0233742,0.305476,0.313533,0.274049,0.297456,0.260416,0.291997,0.247573,0.242864,0.50653,0.0801676,0.22916,0.148146,0.165387,0.270718,12,1440,0.146151,0.186974
2026-08-16,-0.295287,0.39751,0.341141,0.292762,0.285494,0.153623,0.381826,0.295771,0.300407,0.367383,0.172754,0.262673,0.18256,0.158581,0.378774,12,1440,-0.35332,0.811596,0.665853,0.465762,0.362543,0.388479,0.714895,0.667879,0.703126,1.00642,1.0604,0.696892,0.363092,0.302761,0.626585,13,1440,0.434779,0.371078
2026-08-17,2.56166,1.77735,1.87717,1.36317,1.30652,1.6,1.81739,1.61611,1.52099,8.80029,3.97085,1.42194,0.574457,1.30271,1.73348,12,1440,1.98444,2.45436,2.65413,2.23417,2.57072,2.3556,2.55997,2.18073,2.26124,27.2571,5.62413,1.99971,0.829576,1.82455,2.57189,12,1440,1.68714,1.87258
2026-08-18,0.299124,1.11916,1.34923,2.00162,2.34885,1.17815,1.32212,1.58782,0.980504,8.1007,21.5489,1.49375,0.481495,0.867738,1.46471,13,1440,0.221848,1.79621,1.84528,2.17162,2.41769,1.69657,1.79829,2.09616,1.57838,9.33571,17.225,1.96976,0.742846,1.10243,1.78683,14,1440,1.14489,1.38888
2026-08-19,6.87928,12.9289,8.66472,11.6082,17.5122,20.2706,11.1448,8.24398,11.0338,743.121,241.125,7.29479,1.80712,6.8576,10.3808,12,1440,16.0969,38.1299,40.997,44.0532,62.1022,77.8908,45.1686,33.7302,32.4631,20194.4,11790.1,32.5958,6.71353,34.2835,46.141,11,1440,17.2517,14.2203
2026-08-20,5.18571,9.31924,9.1804,9.35622,9.24805,9.4682,9.39445,8.20404,8.5858,337.388,70.8514,8.22862,2.98744,6.19296,9.7775,11,1440,3.23286,15.6028,14.0963,13.9696,10.3442,10.2343,14.8425,14.1284,14.3609,337.621,269.726,12.8468,6.2057,7.89058,14.1776,13,1440,9.50584,9.08962
2026-08-21,7.02293,16.8301,20.6348,18.0153,21.269,29.1089,17.6889,19.0077,15.5935,1696.98,1103.93,17.0222,9.5376,11.0972,17.3949,11,1440,7.8287,22.2943,24.4053,19.4224,22.4217,26.6083,21.2189,22.4505,20.9747,1435.94,706.816,23.5773,10.9358,13.4695,20.8984,12,1440,15.4107,18.6798
2026-08-22,-1.62551,7.65165,5.23085,5.35912,4.66295,3.88978,6.91655,5.04584,7.34724,110.295,115.775,4.80871,3.16421,2.06664,6.26842,12,1440,-3.79482,24.4464,14.8164,14.5728,13.9741,12.446,20.3236,9.95033,27.9019,4104.43,212.235,8.58097,11.1597,3.65676,16.7965,14,1440,11.9032,7.33803
2026-08-23,0.851468,4.22432,4.20509,3.90282,2.69622,2.85792,3.91027,3.83511,3.98893,37.3512,27.1505,3.48612,2.03463,2.17045,3.46741,13,1440,1.67052,15.8859,13.216,10.1099,7.67466,8.92473,12.5748,10.1587,13.4088,1072.2,293.948,8.27127,6.23615,6.97985,10.3097,14,1440,6.44587,6.09006
2026-08-24,1.60633,7.26326,7.09138,8.63441,8.91625,7.40308,7.0883,6.99027,7.006,68.8935,59.4584,7.04229,3.29046,3.80092,7.481,12,1440,0.764301,11.0451,11.2965,13.2388,11.7635,8.53614,10.6694,11.2869,10.3835,158.902,170.817,11.5545,5.32595,5.97057,10.6404,12,1440,7.52057,7.7602
2026-08-25,-0.575898,8.00093,8.00749,7.58514,9.41491,7.04747,8.78772,6.41099,6.96395,311.487,56.7442,5.6454,3.67618,4.33131,8.73883,12,1440,-1.61102,8.26529,8.47918,7.46863,8.55226,4.87457,8.73885,7.06439,8.22199,214.875,78.6808,7.15233,4.31789,4.16129,7.68082,14,1440,6.96815,7.20335
2026-08-26,0.615134,3.89984,4.02319,3.58687,2.9936,2.3571,3.75979,3.93446,3.71159,21.4024,19.6185,3.76763,1.85675,2.16644,3.39885,14,1440,2.59196,5.66558,5.98994,5.64196,5.94748,4.37531,5.55078,5.72512,5.3499,49.02,37.4629,5.93762,2.37972,3.61022,5.14441,13,1440,4.00437,4.37813
2026-08-27,1.53931,4.26296,4.50111,4.71195,4.8029,2.73159,4.49067,4.61222,4.17937,34.0406,34.2449,4.72809,1.87122,2.62988,4.32091,12,1440,0.165812,7.26195,7.27008,7.30974,8.39254,5.58619,7.52814,7.02725,7.40668,100.712,70.0863,6.90461,3.41917,3.85091,7.10884,12,1440,4.62736,4.89966
2026-08-28,-3.04107,4.90573,5.64352,5.32361,6.44495,4.69214,5.61778,5.58027,4.65206,74.0877,74.2343,5.57422,3.30778,2.33574,5.85543,11,1440,-2.75123,6.92545,7.68448,7.84532,9.49156,7.1199,7.73249,6.59405,6.16864,193.492,75.9983,7.10275,4.7084,2.97608,7.69677,11,1440,4.96951,6.03996
2026-08-29,0.492236,0.844758,0.840408,0.643835,0.638724,0.514193,0.84654,0.831067,0.723832,1.00007,0.915998,0.800672,0.390022,0.450385,0.789402,13,1440,0.606882,1.07928,1.00776,0.800985,0.83729,0.587161,1.02625,0.954909,1.02844,1.8586,0.933153,0.841743,0.465071,0.542688,0.942813,13,1440,0.768682,0.779442
2026-08-30,-0.702964,2.31003,2.32091,2.59682,2.24723,2.53228,2.32315,2.15805,2.10977,17.6076,10.3718,2.15104,1.26544,1.05547,2.38157,12,1440,-1.67363,6.00456,6.53392,8.07074,8.63973,10.5598,6.67313,5.25243,5.04282,267.475,50.1411,4.96653,3.70051,2.83341,7.32468,10,1440,3.02374,3.31273
2026-08-31,1.15101,4.07085,3.96958,3.11988,2.90252,2.71954,3.80037,4.23964,3.78891,26.5898,25.3211,3.89528,1.71322,2.25635,3.35841,13,1440,2.07888,6.02925,5.74013,4.48036,4.00408,3.81116,5.25697,6.08759,5.67745,50.489,61.2423,5.95942,2.3729,3.36724,4.43226,14,1440,4.34067,4.27316
2026-09-01,-1.46431,3.89265,3.49138,3.84913,2.88918,2.52763,3.75208,3.61972,3.75801,17.1473,19.5232,3.30293,1.8049,1.68649,3.78167,12,1440,-2.00898,5.52094,4.98394,5.96905,3.53304,3.29286,5.3275,5.09788,5.54364,43.5069,47.2814,4.74123,2.7793,2.20464,5.66073,12,1440,4.0862,3.82679
2026-09-02,-0.127911,3.42676,4.0609,3.36302,2.82272,2.19929,3.65609,3.91194,3.30903,66.0536,20.2874,3.83415,1.65051,2.41039,3.30431,13,1440,-1.10801,5.95873,7.19261,6.60064,4.46855,4.29163,6.34036,6.50897,5.88155,446.463,72.1068,6.16787,3.06943,4.12318,5.98497,13,1440,3.89124,4.96578
2026-09-03,4.95701,5.16431,6.09274,6.20349,7.78992,8.5145,5.87918,5.62183,4.52498,93.4365,61.7193,5.54019,2.09951,3.99324,5.95973,11,1440,4.71938,7.04556,8.18748,8.10405,10.2551,11.2167,7.50217,6.83206,6.42821,206.051,93.97,6.96935,2.94235,5.24512,7.51564,11,1440,5.26799,6.42405
2026-09-04,-2.00043,6.3932,6.57329,6.31337,7.77581,6.75654,6.32137,4.23903,4.85432,1163.91,51.7484,3.50764,5.25965,1.31363,5.66664,13,1440,-2.08173,11.5825,12.6865,13.041,13.0669,10.5544,12.4453,6.17725,8.65755,6483.04,60.993,5.13282,10.5473,2.13915,11.3923,13,1440,7.79035,8.5537
2026-09-05,0.214405,0.824738,0.580329,0.36773,0.399849,0.373494,0.57813,0.515805,0.650677,0.592087,0.294453,0.536464,0.293641,0.286688,0.356362,17,1440,0.992271,1.4358,1.17256,0.875176,0.791788,0.946997,1.14229,1.25612,1.19757,2.18307,2.14355,1.22129,0.506703,0.665854,0.842834,16,1440,0.842518,0.634957
2026-09-06,0.636911,1.0915,0.993467,0.854569,0.627353,0.65963,0.932829,0.959956,0.945204,1.97551,1.93533,0.940186,0.422557,0.57091,0.842574,13,1440,1.36704,3.11518,3.03302,2.71023,2.0031,1.98695,2.71223,2.97694,2.84028,26.8101,15.8126,2.80679,1.38834,1.64468,2.61612,11,1440,1.38997,1.33258
2026-09-07,-1.54257,1.64884,1.82268,1.67289,1.17064,1.16902,1.62624,1.52131,1.54823,9.88374,3.79454,1.35567,1.03204,0.790641,1.64571,11,1440,-0.971906,3.35653,4.1096,3.97841,3.19451,2.96259,3.60108,3.41253,3.43829,85.9531,12.8763,3.22784,1.94447,2.16513,3.77299,10,1440,2.02171,2.44892
2026-09-08,-0.832929,2.4548,2.15852,2.36947,2.46133,2.38726,2.44518,2.13313,2.44847,7.03118,4.78732,2.19872,1.19494,0.963575,2.34098,12,1440,-0.205016,4.44941,4.28881,4.19179,4.00078,3.7255,4.38528,4.00433,4.29422,41.133,18.3865,3.9313,2.32345,1.96536,4.28571,12,1440,2.89447,2.72503
2026-09-09,-0.190569,4.03604,3.73157,3.04876,3.49363,3.79128,3.48741,3.50311,3.87316,32.6754,31.86,3.12149,1.94324,1.78833,3.29327,13,1440,-0.683603,6.016,5.83935,4.77068,5.33045,5.34816,5.07207,5.23299,5.95858,74.0166,51.8053,4.47217,2.91688,2.92247,4.70558,14,1440,4.47639,4.31138
2026-09-10,-2.24411,3.02153,2.96686,2.94172,3.34789,2.56021,2.91622,2.93326,2.77421,17.9376,10.2388,2.90526,1.69239,1.27446,2.83221,12,1440,-1.2172,4.70535,4.53685,4.5963,6.21179,6.15644,4.36348,4.11409,4.25071,48.8308,24.4255,4.24274,2.4808,2.05606,4.30065,12,1440,3.27543,3.26028
2026-09-11,0.854366,6.56163,6.67416,7.83402,9.8324,7.64765,7.45844,4.85354,6.11119,321.711,117.714,4.71283,3.50997,3.16419,7.78575,11,1440,3.15525,17.9609,20.032,28.2822,36.7489,33.9223,20.9619,13.6294,16.4093,4395.24,1322.15,13.5288,7.62126,12.4107,22.7121,9,1440,9.48597,10.5445
2026-09-12,0.0686453,0.391441,0.271883,0.193055,0.129436,0.136863,0.273896,0.235827,0.25364,0.0984602,0.0582697,0.249969,0.144784,0.127099,0.223034,15,1440,0.376808,1.46857,0.883752,0.738097,0.604825,0.694023,0.991165,0.834038,1.23825,0.980297,0.69968,0.930592,0.414038,0.469713,0.755025,16,1440,0.53905,0.328734
2026-09-13,-0.566726,0.867421,0.888782,1.00395,1.19594,1.26645,0.818708,0.906025,0.734019,1.80014,1.76894,0.950946,0.532476,0.356306,0.838629,11,1440,-1.95208,2.90662,2.69185,2.84138,3.54148,4.21489,2.42183,2.70365,2.34977,22.4148,14.2415,2.72364,1.81204,0.879818,2.48817,11,1440,1.24739,1.28547
2026-09-14,1.73802,3.8448,4.55988,3.18041,3.04968,2.57516,4.04211,4.65716,3.65255,29.2908,28.9112,4.39631,1.93709,2.6228,3.53139,14,1440,1.54824,8.21248,9.7962,8.53185,9.64672,5.09812,8.92909,9.73634,7.96304,263.507,278.002,9.92428,3.90956,5.88665,9.57202,12,1440,4.60288,5.69957
2026-09-15,-3.30872,5.75276,7.47585,5.57432,4.2231,5.02739,6.42562,7.90843,5.77781,303.319,604.258,8.02136,4.16905,3.3068,6.94362,12,1440,-4.78275,10.736,14.0437,10.8323,8.27967,10.2599,11.3729,13.7708,10.9964,1670.09,1794.2,12.4555,7.77652,6.26713,12.2312,12,1440,6.95948,9.44106
2026-09-16,0.739586,5.70343,4.70245,3.02923,3.12328,2.28123,6.19208,4.44217,5.39105,53.0773,47.3575,4.86257,2.40049,2.30195,4.6819,16,1440,0.83048,10.2069,7.98593,6.05654,5.73398,3.59217,10.8657,7.61481,10.1119,126.303,154.909,8.25549,3.72004,4.2659,8.73529,15,1440,7.1021,5.67347
2026-09-17,0.276498,2.84612,2.99622,3.00067,2.80957,0.598461,2.85968,3.2372,2.91777,17.3736,37.6148,3.03977,1.42655,1.56967,3.05469,11,1440,1.19289,5.75443,5.96729,6.60337,6.13237,1.60662,5.55961,6.23506,5.8221,75.3302,147.914,5.70135,2.41197,3.55532,5.98353,12,1440,3.57615,3.84629
2026-09-18,5.68091,5.15459,5.09752,5.3437,8.33109,9.23105,5.49675,5.37694,5.15888,102.982,140.419,5.0783,1.42616,3.67136,6.04153,11,1440,6.51926,10.3278,8.28389,6.54498,7.94921,8.27002,9.54838,8.27163,9.81712,133.02,123.858,8.19583,2.84748,5.43641,8.6254,13,1440,6.28373,5.58229
